ts_ist,open,high,low,close,volume,source
2026-09-02 09:15:00,1298.00000000,1301.00000000,1297.00000000,1299.20000000,108630.0000,mstock
2026-09-02 09:16:00,1298.90000000,1301.40000000,1297.70000000,1298.90000000,66504.0000,mstock
2026-09-02 09:17:00,1299.30000000,1300.10000000,1298.40000000,1300.00000000,67024.0000,mstock
2026-09-02 09:18:00,1300.30000000,1301.80000000,1299.20000000,1299.80000000,81811.0000,mstock
2026-09-02 09:19:00,1299.60000000,1300.80000000,1299.20000000,1300.30000000,46921.0000,mstock
2026-09-02 09:20:00,1299.80000000,1300.30000000,1299.80000000,1300.00000000,44578.0000,mstock
2026-09-02 09:21:00,1299.90000000,1299.90000000,1298.00000000,1298.00000000,41176.0000,mstock
2026-09-02 09:22:00,1297.80000000,1298.00000000,1297.10000000,1297.60000000,75631.0000,mstock
2026-09-02 09:23:00,1297.60000000,1297.60000000,1294.20000000,1294.70000000,54975.0000,mstock
2026-09-02 09:24:00,1294.70000000,1294.80000000,1293.60000000,1294.50000000,63327.0000,mstock
2026-09-02 09:25:00,1294.50000000,1295.90000000,1294.50000000,1295.70000000,38282.0000,mstock
2026-09-02 09:26:00,1296.00000000,1296.70000000,1295.60000000,1296.00000000,52827.0000,mstock
2026-09-02 09:27:00,1296.00000000,1296.90000000,1295.10000000,1295.60000000,66972.0000,mstock
2026-09-02 09:28:00,1295.60000000,1295.60000000,1295.00000000,1295.20000000,21336.0000,mstock
2026-09-02 09:29:00,1295.20000000,1296.10000000,1294.90000000,1294.90000000,50697.0000,mstock
2026-09-02 09:30:00,1295.50000000,1296.50000000,1295.00000000,1295.00000000,77586.0000,mstock
2026-09-02 09:31:00,1295.10000000,1295.90000000,1294.50000000,1295.90000000,39903.0000,mstock
2026-09-02 09:32:00,1295.90000000,1296.30000000,1295.70000000,1295.70000000,63244.0000,mstock
2026-09-02 09:33:00,1295.90000000,1296.60000000,1295.90000000,1296.30000000,35660.0000,mstock
2026-09-02 09:34:00,1296.00000000,1297.40000000,1296.00000000,1297.00000000,27817.0000,mstock
2026-09-02 09:35:00,1297.60000000,1297.90000000,1297.40000000,1297.80000000,29050.0000,mstock
2026-09-02 09:36:00,1297.60000000,1297.60000000,1296.10000000,1296.40000000,15680.0000,mstock
2026-09-02 09:37:00,1296.40000000,1296.80000000,1295.80000000,1295.80000000,29664.0000,mstock
2026-09-02 09:38:00,1295.90000000,1296.80000000,1295.30000000,1296.10000000,29597.0000,mstock
2026-09-02 09:39:00,1296.20000000,1296.80000000,1295.80000000,1296.50000000,25589.0000,mstock
2026-09-02 09:40:00,1296.50000000,1296.90000000,1296.30000000,1296.30000000,9847.0000,mstock
2026-09-02 09:41:00,1296.40000000,1297.00000000,1296.40000000,1296.90000000,11426.0000,mstock
2026-09-02 09:42:00,1296.90000000,1300.00000000,1296.90000000,1298.20000000,105608.0000,mstock
2026-09-02 09:43:00,1298.10000000,1299.90000000,1298.10000000,1298.20000000,28598.0000,mstock
2026-09-02 09:44:00,1298.50000000,1298.80000000,1298.10000000,1298.70000000,11138.0000,mstock
2026-09-02 09:45:00,1298.40000000,1299.30000000,1297.80000000,1297.80000000,38488.0000,mstock
2026-09-02 09:46:00,1298.00000000,1298.50000000,1297.30000000,1298.00000000,15141.0000,mstock
2026-09-02 09:47:00,1298.00000000,1298.40000000,1297.10000000,1297.60000000,30726.0000,mstock
2026-09-02 09:48:00,1297.60000000,1297.90000000,1297.00000000,1297.80000000,19315.0000,mstock
2026-09-02 09:49:00,1297.90000000,1298.60000000,1297.80000000,1297.80000000,24569.0000,mstock
2026-09-02 09:50:00,1297.80000000,1302.60000000,1297.80000000,1302.50000000,119364.0000,mstock
2026-09-02 09:51:00,1302.40000000,1303.30000000,1301.80000000,1302.10000000,42634.0000,mstock
2026-09-02 09:52:00,1302.40000000,1302.80000000,1301.50000000,1301.80000000,29646.0000,mstock
2026-09-02 09:53:00,1301.80000000,1301.80000000,1301.40000000,1301.60000000,26780.0000,mstock
2026-09-02 09:54:00,1301.70000000,1301.70000000,1301.40000000,1301.60000000,15619.0000,mstock
2026-09-02 09:55:00,1301.70000000,1301.70000000,1301.50000000,1301.50000000,23010.0000,mstock
2026-09-02 09:56:00,1301.40000000,1301.60000000,1301.30000000,1301.50000000,57364.0000,mstock
2026-09-02 09:57:00,1301.40000000,1301.50000000,1301.30000000,1301.50000000,15914.0000,mstock
2026-09-02 09:58:00,1301.40000000,1301.50000000,1301.20000000,1301.30000000,36280.0000,mstock
2026-09-02 09:59:00,1301.40000000,1301.70000000,1300.90000000,1301.30000000,30774.0000,mstock
2026-09-02 10:00:00,1301.30000000,1301.90000000,1301.20000000,1301.60000000,37123.0000,mstock
2026-09-02 10:01:00,1301.60000000,1302.00000000,1301.60000000,1301.80000000,12424.0000,mstock
2026-09-02 10:02:00,1301.90000000,1302.40000000,1301.90000000,1302.20000000,21584.0000,mstock
2026-09-02 10:03:00,1302.20000000,1302.70000000,1302.00000000,1302.00000000,15033.0000,mstock
2026-09-02 10:04:00,1302.00000000,1302.90000000,1302.00000000,1302.60000000,90451.0000,mstock
2026-09-02 10:05:00,1302.80000000,1304.20000000,1302.50000000,1303.90000000,28693.0000,mstock
2026-09-02 10:06:00,1303.90000000,1304.10000000,1303.30000000,1304.00000000,25916.0000,mstock
2026-09-02 10:07:00,1304.00000000,1304.80000000,1304.00000000,1304.80000000,30729.0000,mstock
2026-09-02 10:08:00,1304.80000000,1304.90000000,1304.10000000,1304.20000000,22522.0000,mstock
2026-09-02 10:09:00,1304.40000000,1304.40000000,1303.30000000,1303.60000000,19606.0000,mstock
2026-09-02 10:10:00,1303.60000000,1304.10000000,1303.40000000,1304.00000000,23919.0000,mstock
2026-09-02 10:11:00,1304.00000000,1306.50000000,1304.00000000,1306.10000000,72265.0000,mstock
2026-09-02 10:12:00,1306.40000000,1307.10000000,1306.40000000,1307.00000000,28251.0000,mstock
2026-09-02 10:13:00,1306.90000000,1307.00000000,1306.20000000,1306.20000000,22553.0000,mstock
2026-09-02 10:14:00,1306.00000000,1306.50000000,1305.00000000,1305.00000000,13862.0000,mstock
2026-09-02 10:15:00,1305.20000000,1305.90000000,1305.20000000,1305.80000000,14982.0000,mstock
2026-09-02 10:16:00,1305.80000000,1306.40000000,1305.80000000,1306.20000000,21543.0000,mstock
2026-09-02 10:17:00,1306.30000000,1306.70000000,1306.00000000,1306.20000000,20991.0000,mstock
2026-09-02 10:18:00,1306.30000000,1306.60000000,1305.20000000,1306.20000000,51561.0000,mstock
2026-09-02 10:19:00,1306.10000000,1307.90000000,1305.70000000,1307.80000000,53354.0000,mstock
2026-09-02 10:20:00,1307.90000000,1308.50000000,1307.70000000,1307.80000000,48952.0000,mstock
2026-09-02 10:21:00,1307.90000000,1309.00000000,1307.00000000,1309.00000000,45570.0000,mstock
2026-09-02 10:22:00,1309.00000000,1309.40000000,1308.50000000,1308.90000000,49689.0000,mstock
2026-09-02 10:23:00,1308.50000000,1309.50000000,1308.50000000,1309.20000000,54455.0000,mstock
2026-09-02 10:24:00,1309.40000000,1311.20000000,1309.40000000,1310.80000000,78974.0000,mstock
2026-09-02 10:25:00,1310.90000000,1311.50000000,1310.00000000,1310.50000000,33267.0000,mstock
2026-09-02 10:26:00,1310.30000000,1310.90000000,1310.00000000,1310.30000000,25846.0000,mstock
2026-09-02 10:27:00,1310.10000000,1310.20000000,1309.40000000,1309.50000000,28969.0000,mstock
2026-09-02 10:28:00,1309.70000000,1311.20000000,1309.60000000,1310.60000000,80004.0000,mstock
2026-09-02 10:29:00,1310.90000000,1315.00000000,1310.80000000,1315.00000000,201209.0000,mstock
2026-09-02 10:30:00,1314.90000000,1317.40000000,1314.50000000,1316.10000000,165614.0000,mstock
2026-09-02 10:31:00,1316.50000000,1321.80000000,1316.10000000,1321.00000000,308010.0000,mstock
2026-09-02 10:32:00,1321.10000000,1321.80000000,1319.10000000,1319.20000000,232895.0000,mstock
2026-09-02 10:33:00,1319.10000000,1319.90000000,1317.30000000,1319.00000000,82459.0000,mstock
2026-09-02 10:34:00,1318.90000000,1319.90000000,1318.00000000,1318.20000000,80958.0000,mstock
2026-09-02 10:35:00,1318.50000000,1318.60000000,1316.10000000,1316.10000000,68520.0000,mstock
2026-09-02 10:36:00,1317.00000000,1317.90000000,1316.20000000,1317.20000000,61309.0000,mstock
2026-09-02 10:37:00,1317.20000000,1318.00000000,1316.70000000,1317.60000000,43307.0000,mstock
2026-09-02 10:38:00,1317.80000000,1317.90000000,1316.40000000,1317.00000000,29964.0000,mstock
2026-09-02 10:39:00,1317.00000000,1317.00000000,1316.10000000,1316.50000000,31589.0000,mstock
2026-09-02 10:40:00,1316.50000000,1318.40000000,1316.30000000,1317.00000000,71797.0000,mstock
2026-09-02 10:41:00,1316.40000000,1316.90000000,1316.20000000,1316.20000000,31073.0000,mstock
2026-09-02 10:42:00,1316.60000000,1317.00000000,1316.10000000,1316.40000000,24014.0000,mstock
2026-09-02 10:43:00,1316.60000000,1316.60000000,1315.20000000,1315.70000000,59460.0000,mstock
2026-09-02 10:44:00,1315.20000000,1315.80000000,1314.40000000,1314.70000000,40044.0000,mstock
2026-09-02 10:45:00,1314.70000000,1315.40000000,1314.20000000,1314.20000000,33446.0000,mstock
2026-09-02 10:46:00,1314.60000000,1314.80000000,1314.00000000,1314.00000000,13472.0000,mstock
2026-09-02 10:47:00,1314.30000000,1314.30000000,1312.80000000,1312.80000000,20688.0000,mstock
2026-09-02 10:48:00,1312.80000000,1313.10000000,1312.50000000,1312.90000000,28424.0000,mstock
2026-09-02 10:49:00,1312.80000000,1312.80000000,1312.40000000,1312.50000000,17652.0000,mstock
2026-09-02 10:50:00,1312.30000000,1313.30000000,1312.10000000,1312.40000000,30415.0000,mstock
2026-09-02 10:51:00,1313.00000000,1313.00000000,1312.00000000,1312.00000000,27693.0000,mstock
2026-09-02 10:52:00,1312.00000000,1312.50000000,1311.00000000,1311.10000000,27605.0000,mstock
2026-09-02 10:53:00,1311.40000000,1311.90000000,1310.50000000,1310.80000000,33694.0000,mstock
2026-09-02 10:54:00,1310.70000000,1310.90000000,1310.10000000,1310.70000000,28407.0000,mstock
2026-09-02 10:55:00,1310.70000000,1310.70000000,1310.10000000,1310.40000000,44002.0000,mstock
2026-09-02 10:56:00,1310.10000000,1310.40000000,1309.70000000,1309.70000000,23598.0000,mstock
2026-09-02 10:57:00,1309.80000000,1310.00000000,1309.30000000,1309.60000000,72956.0000,mstock
2026-09-02 10:58:00,1309.60000000,1309.90000000,1308.90000000,1309.00000000,17321.0000,mstock
2026-09-02 10:59:00,1309.00000000,1309.10000000,1308.80000000,1309.00000000,18922.0000,mstock
2026-09-02 11:00:00,1309.00000000,1309.80000000,1308.70000000,1309.40000000,36014.0000,mstock
2026-09-02 11:01:00,1309.70000000,1309.70000000,1308.00000000,1308.40000000,26983.0000,mstock
2026-09-02 11:02:00,1308.30000000,1308.50000000,1307.60000000,1307.60000000,12723.0000,mstock
2026-09-02 11:03:00,1307.50000000,1308.70000000,1307.30000000,1307.90000000,28075.0000,mstock
2026-09-02 11:04:00,1307.90000000,1308.00000000,1306.50000000,1307.00000000,25759.0000,mstock
2026-09-02 11:05:00,1306.80000000,1306.90000000,1306.30000000,1306.70000000,21669.0000,mstock
2026-09-02 11:06:00,1306.70000000,1307.00000000,1306.00000000,1306.70000000,34862.0000,mstock
2026-09-02 11:07:00,1307.00000000,1308.00000000,1306.70000000,1307.60000000,41854.0000,mstock
2026-09-02 11:08:00,1307.70000000,1307.80000000,1306.50000000,1307.00000000,13662.0000,mstock
2026-09-02 11:09:00,1307.00000000,1307.00000000,1306.70000000,1307.00000000,14894.0000,mstock
2026-09-02 11:10:00,1307.00000000,1307.40000000,1306.80000000,1307.30000000,35556.0000,mstock
2026-09-02 11:11:00,1307.40000000,1308.20000000,1307.30000000,1307.70000000,33054.0000,mstock
2026-09-02 11:12:00,1307.70000000,1308.20000000,1307.50000000,1308.10000000,22019.0000,mstock
2026-09-02 11:13:00,1308.10000000,1308.10000000,1307.00000000,1307.40000000,18598.0000,mstock
2026-09-02 11:14:00,1307.40000000,1308.00000000,1307.00000000,1307.60000000,19544.0000,mstock
2026-09-02 11:15:00,1308.00000000,1308.20000000,1307.20000000,1307.40000000,17166.0000,mstock
2026-09-02 11:16:00,1307.40000000,1308.00000000,1307.00000000,1307.80000000,17053.0000,mstock
2026-09-02 11:17:00,1308.00000000,1308.00000000,1307.30000000,1307.80000000,14152.0000,mstock
2026-09-02 11:18:00,1307.90000000,1308.90000000,1307.90000000,1308.80000000,24886.0000,mstock
2026-09-02 11:19:00,1309.00000000,1309.30000000,1308.00000000,1308.20000000,16213.0000,mstock
2026-09-02 11:20:00,1308.20000000,1308.90000000,1308.00000000,1308.00000000,16921.0000,mstock
2026-09-02 11:21:00,1308.10000000,1309.10000000,1307.70000000,1309.10000000,41226.0000,mstock
2026-09-02 11:22:00,1308.10000000,1308.10000000,1307.00000000,1307.30000000,23273.0000,mstock
2026-09-02 11:23:00,1307.20000000,1307.60000000,1306.90000000,1307.00000000,14144.0000,mstock
2026-09-02 11:24:00,1307.10000000,1307.30000000,1306.90000000,1307.10000000,8466.0000,mstock
2026-09-02 11:25:00,1307.10000000,1307.10000000,1306.80000000,1306.80000000,16934.0000,mstock
2026-09-02 11:26:00,1306.90000000,1306.90000000,1306.80000000,1306.80000000,8027.0000,mstock
2026-09-02 11:27:00,1306.90000000,1306.90000000,1306.50000000,1306.70000000,14752.0000,mstock
2026-09-02 11:28:00,1306.60000000,1306.70000000,1306.10000000,1306.30000000,13219.0000,mstock
2026-09-02 11:29:00,1306.30000000,1306.50000000,1306.20000000,1306.40000000,12022.0000,mstock
2026-09-02 11:30:00,1306.30000000,1306.40000000,1306.20000000,1306.30000000,11612.0000,mstock
2026-09-02 11:31:00,1306.30000000,1306.30000000,1306.00000000,1306.00000000,9136.0000,mstock
2026-09-02 11:32:00,1306.10000000,1306.10000000,1305.20000000,1305.30000000,23416.0000,mstock
2026-09-02 11:33:00,1305.60000000,1305.60000000,1304.20000000,1304.20000000,31629.0000,mstock
2026-09-02 11:34:00,1304.70000000,1304.90000000,1304.20000000,1304.50000000,27710.0000,mstock
2026-09-02 11:35:00,1304.70000000,1304.70000000,1304.00000000,1304.00000000,13549.0000,mstock
2026-09-02 11:36:00,1304.10000000,1304.20000000,1303.70000000,1303.90000000,19583.0000,mstock
2026-09-02 11:37:00,1303.90000000,1304.40000000,1303.80000000,1304.20000000,30473.0000,mstock
2026-09-02 11:38:00,1304.10000000,1304.60000000,1304.00000000,1304.50000000,45111.0000,mstock
2026-09-02 11:39:00,1304.60000000,1304.90000000,1304.40000000,1304.70000000,39730.0000,mstock
2026-09-02 11:40:00,1304.70000000,1304.90000000,1304.50000000,1304.50000000,13085.0000,mstock
2026-09-02 11:41:00,1304.70000000,1304.70000000,1304.30000000,1304.30000000,8175.0000,mstock
2026-09-02 11:42:00,1304.40000000,1304.40000000,1304.00000000,1304.00000000,19516.0000,mstock
2026-09-02 11:43:00,1304.20000000,1304.80000000,1304.00000000,1304.40000000,41311.0000,mstock
2026-09-02 11:44:00,1304.50000000,1304.70000000,1304.10000000,1304.20000000,21371.0000,mstock
2026-09-02 11:45:00,1304.20000000,1304.30000000,1304.00000000,1304.30000000,18445.0000,mstock
2026-09-02 11:46:00,1304.00000000,1304.30000000,1303.60000000,1303.80000000,26792.0000,mstock
2026-09-02 11:47:00,1304.00000000,1305.40000000,1303.70000000,1304.90000000,34362.0000,mstock
2026-09-02 11:48:00,1304.90000000,1305.40000000,1304.70000000,1305.30000000,18410.0000,mstock
2026-09-02 11:49:00,1305.30000000,1306.00000000,1305.30000000,1305.80000000,20160.0000,mstock
2026-09-02 11:50:00,1305.80000000,1305.90000000,1305.10000000,1305.30000000,16377.0000,mstock
2026-09-02 11:51:00,1305.30000000,1305.30000000,1305.00000000,1305.10000000,9100.0000,mstock
2026-09-02 11:52:00,1305.20000000,1305.60000000,1305.10000000,1305.20000000,25428.0000,mstock
2026-09-02 11:53:00,1305.20000000,1305.20000000,1305.00000000,1305.00000000,21800.0000,mstock
2026-09-02 11:54:00,1305.00000000,1305.50000000,1304.90000000,1305.40000000,29021.0000,mstock
2026-09-02 11:55:00,1305.40000000,1305.90000000,1304.70000000,1304.70000000,17826.0000,mstock
2026-09-02 11:56:00,1304.80000000,1304.90000000,1303.70000000,1303.70000000,16367.0000,mstock
2026-09-02 11:57:00,1303.80000000,1303.80000000,1303.30000000,1303.70000000,22577.0000,mstock
2026-09-02 11:58:00,1303.70000000,1303.90000000,1303.60000000,1303.90000000,15845.0000,mstock
2026-09-02 11:59:00,1303.80000000,1304.20000000,1303.60000000,1304.10000000,14325.0000,mstock
2026-09-02 12:00:00,1304.10000000,1305.80000000,1303.90000000,1305.60000000,26056.0000,mstock
2026-09-02 12:01:00,1305.80000000,1306.40000000,1305.50000000,1306.10000000,29082.0000,mstock
2026-09-02 12:02:00,1306.30000000,1306.30000000,1304.50000000,1305.50000000,24233.0000,mstock
2026-09-02 12:03:00,1305.50000000,1305.60000000,1304.60000000,1304.60000000,16074.0000,mstock
2026-09-02 12:04:00,1304.90000000,1304.90000000,1303.60000000,1303.90000000,37847.0000,mstock
2026-09-02 12:05:00,1304.00000000,1304.00000000,1303.70000000,1303.70000000,8179.0000,mstock
2026-09-02 12:06:00,1303.80000000,1303.90000000,1303.50000000,1303.90000000,23204.0000,mstock
2026-09-02 12:07:00,1304.00000000,1304.00000000,1303.90000000,1304.00000000,9835.0000,mstock
2026-09-02 12:08:00,1303.90000000,1304.00000000,1303.50000000,1303.50000000,12059.0000,mstock
2026-09-02 12:09:00,1303.60000000,1304.40000000,1303.60000000,1304.30000000,26296.0000,mstock
2026-09-02 12:10:00,1304.40000000,1304.90000000,1304.20000000,1304.80000000,20506.0000,mstock
2026-09-02 12:11:00,1304.80000000,1306.70000000,1304.80000000,1306.70000000,23677.0000,mstock
2026-09-02 12:12:00,1306.70000000,1307.30000000,1306.50000000,1307.30000000,26768.0000,mstock
2026-09-02 12:13:00,1307.30000000,1307.30000000,1305.30000000,1306.70000000,62813.0000,mstock
2026-09-02 12:14:00,1306.50000000,1307.40000000,1305.70000000,1306.20000000,21277.0000,mstock
2026-09-02 12:15:00,1306.10000000,1306.20000000,1305.50000000,1305.70000000,11701.0000,mstock
2026-09-02 12:16:00,1305.60000000,1306.00000000,1305.30000000,1305.90000000,20223.0000,mstock
2026-09-02 12:17:00,1306.00000000,1306.20000000,1305.60000000,1305.70000000,24963.0000,mstock
2026-09-02 12:18:00,1305.70000000,1305.80000000,1305.40000000,1305.40000000,15249.0000,mstock
2026-09-02 12:19:00,1305.50000000,1305.50000000,1304.20000000,1304.40000000,19024.0000,mstock
2026-09-02 12:20:00,1304.40000000,1304.40000000,1303.80000000,1303.80000000,40718.0000,mstock
2026-09-02 12:21:00,1304.00000000,1304.00000000,1303.80000000,1303.90000000,15244.0000,mstock
2026-09-02 12:22:00,1303.80000000,1305.30000000,1303.80000000,1304.00000000,55474.0000,mstock
2026-09-02 12:23:00,1304.30000000,1304.30000000,1303.90000000,1304.10000000,12855.0000,mstock
2026-09-02 12:24:00,1304.10000000,1304.60000000,1304.00000000,1304.50000000,29262.0000,mstock
2026-09-02 12:25:00,1304.60000000,1304.70000000,1304.30000000,1304.30000000,20596.0000,mstock
2026-09-02 12:26:00,1304.50000000,1304.60000000,1304.20000000,1304.60000000,13028.0000,mstock
2026-09-02 12:27:00,1304.60000000,1304.60000000,1304.50000000,1304.60000000,16784.0000,mstock
2026-09-02 12:28:00,1304.50000000,1304.70000000,1304.50000000,1304.50000000,16685.0000,mstock
2026-09-02 12:29:00,1304.50000000,1304.60000000,1304.50000000,1304.60000000,14466.0000,mstock
2026-09-02 12:30:00,1304.50000000,1304.60000000,1304.50000000,1304.60000000,15389.0000,mstock
2026-09-02 12:31:00,1304.60000000,1304.60000000,1304.40000000,1304.50000000,12055.0000,mstock
2026-09-02 12:32:00,1304.60000000,1305.60000000,1304.60000000,1305.40000000,59127.0000,mstock
2026-09-02 12:33:00,1305.40000000,1306.20000000,1305.30000000,1306.20000000,36477.0000,mstock
2026-09-02 12:34:00,1306.20000000,1306.50000000,1305.90000000,1306.10000000,26597.0000,mstock
2026-09-02 12:35:00,1306.10000000,1306.80000000,1306.00000000,1306.20000000,34900.0000,mstock
2026-09-02 12:36:00,1306.20000000,1307.20000000,1306.20000000,1306.90000000,20396.0000,mstock
2026-09-02 12:37:00,1307.00000000,1307.10000000,1306.30000000,1306.50000000,28854.0000,mstock
2026-09-02 12:38:00,1306.80000000,1307.00000000,1306.40000000,1306.40000000,42353.0000,mstock
2026-09-02 12:39:00,1306.70000000,1306.80000000,1305.60000000,1305.90000000,18987.0000,mstock
2026-09-02 12:40:00,1305.80000000,1306.50000000,1305.60000000,1305.90000000,65197.0000,mstock
2026-09-02 12:41:00,1305.80000000,1305.80000000,1305.60000000,1305.70000000,20645.0000,mstock
2026-09-02 12:42:00,1305.80000000,1306.50000000,1305.70000000,1306.50000000,59073.0000,mstock
2026-09-02 12:43:00,1306.60000000,1307.10000000,1305.80000000,1307.10000000,53779.0000,mstock
2026-09-02 12:44:00,1307.20000000,1308.00000000,1306.60000000,1307.40000000,73417.0000,mstock
2026-09-02 12:45:00,1307.20000000,1307.20000000,1306.50000000,1306.80000000,21333.0000,mstock
2026-09-02 12:46:00,1306.90000000,1307.30000000,1306.50000000,1307.30000000,31742.0000,mstock
2026-09-02 12:47:00,1307.30000000,1307.40000000,1306.60000000,1306.80000000,27624.0000,mstock
2026-09-02 12:48:00,1306.70000000,1306.80000000,1306.40000000,1306.50000000,16841.0000,mstock
2026-09-02 12:49:00,1306.90000000,1307.50000000,1306.70000000,1307.40000000,28902.0000,mstock
2026-09-02 12:50:00,1307.40000000,1307.50000000,1307.40000000,1307.40000000,14187.0000,mstock
2026-09-02 12:51:00,1307.50000000,1307.60000000,1307.40000000,1307.50000000,20691.0000,mstock
2026-09-02 12:52:00,1307.60000000,1307.70000000,1307.40000000,1307.70000000,18364.0000,mstock
2026-09-02 12:53:00,1307.60000000,1307.80000000,1307.60000000,1307.80000000,19403.0000,mstock
2026-09-02 12:54:00,1307.80000000,1307.90000000,1307.70000000,1307.80000000,18323.0000,mstock
2026-09-02 12:55:00,1307.90000000,1308.00000000,1307.30000000,1307.50000000,31835.0000,mstock
2026-09-02 12:56:00,1307.40000000,1308.20000000,1307.40000000,1308.00000000,25412.0000,mstock
2026-09-02 12:57:00,1308.20000000,1308.50000000,1308.00000000,1308.40000000,21086.0000,mstock
2026-09-02 12:58:00,1308.40000000,1308.50000000,1308.20000000,1308.50000000,17351.0000,mstock
2026-09-02 12:59:00,1308.40000000,1308.90000000,1308.40000000,1308.80000000,27410.0000,mstock
2026-09-02 13:00:00,1309.00000000,1309.80000000,1308.90000000,1309.80000000,32916.0000,mstock
2026-09-02 13:01:00,1309.80000000,1310.00000000,1309.60000000,1309.60000000,22771.0000,mstock
2026-09-02 13:02:00,1309.90000000,1309.90000000,1308.70000000,1309.50000000,29087.0000,mstock
2026-09-02 13:03:00,1309.40000000,1309.60000000,1308.30000000,1308.40000000,32912.0000,mstock
2026-09-02 13:04:00,1308.30000000,1308.40000000,1307.50000000,1307.50000000,28080.0000,mstock
2026-09-02 13:05:00,1307.60000000,1307.60000000,1307.20000000,1307.50000000,28038.0000,mstock
2026-09-02 13:06:00,1307.70000000,1307.90000000,1307.60000000,1307.60000000,29297.0000,mstock
2026-09-02 13:07:00,1307.50000000,1307.60000000,1306.70000000,1306.90000000,24775.0000,mstock
2026-09-02 13:08:00,1306.90000000,1307.20000000,1306.80000000,1307.10000000,27652.0000,mstock
2026-09-02 13:09:00,1307.00000000,1308.40000000,1307.00000000,1308.00000000,82249.0000,mstock
2026-09-02 13:10:00,1307.90000000,1308.10000000,1307.30000000,1307.30000000,28726.0000,mstock
2026-09-02 13:11:00,1307.30000000,1308.60000000,1307.20000000,1308.10000000,39580.0000,mstock
2026-09-02 13:12:00,1308.00000000,1308.10000000,1307.70000000,1308.00000000,18388.0000,mstock
2026-09-02 13:13:00,1308.00000000,1308.90000000,1307.90000000,1308.80000000,32134.0000,mstock
2026-09-02 13:14:00,1308.80000000,1309.20000000,1308.10000000,1309.10000000,39113.0000,mstock
2026-09-02 13:15:00,1309.10000000,1309.20000000,1308.60000000,1309.10000000,77254.0000,mstock
2026-09-02 13:16:00,1309.10000000,1309.10000000,1308.30000000,1308.80000000,27589.0000,mstock
2026-09-02 13:17:00,1308.60000000,1309.20000000,1308.50000000,1309.20000000,29450.0000,mstock
2026-09-02 13:18:00,1309.20000000,1309.20000000,1309.10000000,1309.20000000,17588.0000,mstock
2026-09-02 13:19:00,1309.20000000,1309.20000000,1308.70000000,1308.80000000,16894.0000,mstock
2026-09-02 13:20:00,1308.80000000,1308.80000000,1308.60000000,1308.70000000,21626.0000,mstock
2026-09-02 13:21:00,1308.80000000,1310.80000000,1308.70000000,1310.80000000,80764.0000,mstock
2026-09-02 13:22:00,1310.80000000,1310.80000000,1309.50000000,1309.80000000,15212.0000,mstock
2026-09-02 13:23:00,1309.80000000,1309.90000000,1309.40000000,1309.50000000,10981.0000,mstock
2026-09-02 13:24:00,1309.20000000,1309.40000000,1309.00000000,1309.10000000,15755.0000,mstock
2026-09-02 13:25:00,1309.10000000,1309.60000000,1309.00000000,1309.60000000,42824.0000,mstock
2026-09-02 13:26:00,1309.70000000,1310.60000000,1309.60000000,1310.40000000,24698.0000,mstock
2026-09-02 13:27:00,1310.50000000,1310.80000000,1310.20000000,1310.60000000,23029.0000,mstock
2026-09-02 13:28:00,1310.70000000,1310.70000000,1310.30000000,1310.50000000,19752.0000,mstock
2026-09-02 13:29:00,1310.50000000,1310.50000000,1310.20000000,1310.20000000,17522.0000,mstock
2026-09-02 13:30:00,1310.20000000,1310.20000000,1310.10000000,1310.10000000,9968.0000,mstock
2026-09-02 13:31:00,1310.20000000,1310.50000000,1310.10000000,1310.40000000,56481.0000,mstock
2026-09-02 13:32:00,1310.60000000,1311.50000000,1310.40000000,1311.40000000,33475.0000,mstock
2026-09-02 13:33:00,1311.50000000,1312.00000000,1311.40000000,1311.80000000,70827.0000,mstock
2026-09-02 13:34:00,1311.90000000,1312.40000000,1311.80000000,1312.40000000,87805.0000,mstock
2026-09-02 13:35:00,1312.40000000,1312.40000000,1312.00000000,1312.30000000,33216.0000,mstock
2026-09-02 13:36:00,1312.50000000,1313.10000000,1312.40000000,1313.00000000,28485.0000,mstock
2026-09-02 13:37:00,1313.10000000,1313.20000000,1312.90000000,1312.90000000,25097.0000,mstock
2026-09-02 13:38:00,1313.00000000,1313.20000000,1311.20000000,1311.30000000,21606.0000,mstock
2026-09-02 13:39:00,1311.80000000,1311.90000000,1311.00000000,1311.00000000,15327.0000,mstock
2026-09-02 13:40:00,1311.10000000,1311.20000000,1311.00000000,1311.20000000,28155.0000,mstock
2026-09-02 13:41:00,1311.20000000,1312.40000000,1311.20000000,1312.30000000,31147.0000,mstock
2026-09-02 13:42:00,1312.30000000,1312.40000000,1312.20000000,1312.40000000,12911.0000,mstock
2026-09-02 13:43:00,1312.40000000,1312.40000000,1312.10000000,1312.20000000,14822.0000,mstock
2026-09-02 13:44:00,1312.20000000,1312.30000000,1312.00000000,1312.20000000,42708.0000,mstock
2026-09-02 13:45:00,1312.20000000,1314.00000000,1312.20000000,1313.70000000,36519.0000,mstock
2026-09-02 13:46:00,1313.80000000,1314.30000000,1313.40000000,1313.50000000,32926.0000,mstock
2026-09-02 13:47:00,1313.70000000,1314.80000000,1313.50000000,1314.80000000,48284.0000,mstock
2026-09-02 13:48:00,1314.70000000,1315.00000000,1313.10000000,1313.10000000,68370.0000,mstock
2026-09-02 13:49:00,1313.40000000,1313.50000000,1312.60000000,1312.70000000,15582.0000,mstock
2026-09-02 13:50:00,1312.70000000,1312.70000000,1311.50000000,1312.60000000,57436.0000,mstock
2026-09-02 13:51:00,1312.60000000,1312.60000000,1311.50000000,1311.70000000,13205.0000,mstock
2026-09-02 13:52:00,1311.70000000,1312.40000000,1311.60000000,1312.20000000,46230.0000,mstock
2026-09-02 13:53:00,1312.30000000,1313.00000000,1312.00000000,1312.80000000,99689.0000,mstock
2026-09-02 13:54:00,1312.90000000,1313.20000000,1312.80000000,1313.20000000,38073.0000,mstock
2026-09-02 13:55:00,1313.20000000,1313.70000000,1312.90000000,1313.70000000,29529.0000,mstock
2026-09-02 13:56:00,1313.50000000,1313.70000000,1313.40000000,1313.50000000,11115.0000,mstock
2026-09-02 13:57:00,1313.60000000,1313.60000000,1313.10000000,1313.20000000,19910.0000,mstock
2026-09-02 13:58:00,1313.20000000,1313.20000000,1312.90000000,1313.10000000,22299.0000,mstock
2026-09-02 13:59:00,1313.00000000,1313.50000000,1313.00000000,1313.30000000,15860.0000,mstock
2026-09-02 14:00:00,1313.40000000,1313.50000000,1313.30000000,1313.40000000,17558.0000,mstock
2026-09-02 14:01:00,1313.50000000,1313.70000000,1313.40000000,1313.60000000,20672.0000,mstock
2026-09-02 14:02:00,1313.70000000,1313.70000000,1313.50000000,1313.60000000,13906.0000,mstock
2026-09-02 14:03:00,1313.50000000,1313.50000000,1312.80000000,1312.90000000,25556.0000,mstock
2026-09-02 14:04:00,1313.00000000,1313.00000000,1312.90000000,1312.90000000,31128.0000,mstock
2026-09-02 14:05:00,1312.90000000,1313.70000000,1312.90000000,1313.00000000,49573.0000,mstock
2026-09-02 14:06:00,1313.00000000,1313.40000000,1312.90000000,1313.20000000,27536.0000,mstock
2026-09-02 14:07:00,1313.30000000,1313.70000000,1313.20000000,1313.60000000,44260.0000,mstock
2026-09-02 14:08:00,1313.70000000,1313.70000000,1313.60000000,1313.60000000,10873.0000,mstock
2026-09-02 14:09:00,1313.70000000,1313.70000000,1313.30000000,1313.50000000,17511.0000,mstock
2026-09-02 14:10:00,1313.50000000,1313.90000000,1313.40000000,1313.70000000,42963.0000,mstock
2026-09-02 14:11:00,1313.80000000,1313.80000000,1313.10000000,1313.10000000,19003.0000,mstock
2026-09-02 14:12:00,1313.20000000,1313.30000000,1313.00000000,1313.00000000,16296.0000,mstock
2026-09-02 14:13:00,1313.10000000,1313.10000000,1312.80000000,1313.10000000,25389.0000,mstock
2026-09-02 14:14:00,1313.00000000,1313.10000000,1312.80000000,1313.00000000,22094.0000,mstock
2026-09-02 14:15:00,1313.00000000,1313.10000000,1312.90000000,1313.10000000,23521.0000,mstock
2026-09-02 14:16:00,1313.10000000,1313.10000000,1312.90000000,1313.00000000,17827.0000,mstock
2026-09-02 14:17:00,1313.00000000,1313.00000000,1312.80000000,1312.90000000,19860.0000,mstock
2026-09-02 14:18:00,1312.90000000,1313.60000000,1312.80000000,1313.40000000,49322.0000,mstock
2026-09-02 14:19:00,1313.50000000,1313.50000000,1313.30000000,1313.30000000,13463.0000,mstock
2026-09-02 14:20:00,1313.40000000,1313.50000000,1313.00000000,1313.20000000,25350.0000,mstock
2026-09-02 14:21:00,1313.40000000,1315.60000000,1313.40000000,1315.40000000,87937.0000,mstock
2026-09-02 14:22:00,1315.80000000,1315.80000000,1315.00000000,1315.00000000,39025.0000,mstock
2026-09-02 14:23:00,1315.10000000,1315.10000000,1314.90000000,1315.10000000,30832.0000,mstock
2026-09-02 14:24:00,1315.10000000,1315.10000000,1314.00000000,1314.20000000,36604.0000,mstock
2026-09-02 14:25:00,1314.20000000,1314.30000000,1313.70000000,1313.90000000,31918.0000,mstock
2026-09-02 14:26:00,1313.90000000,1314.00000000,1313.70000000,1314.00000000,37610.0000,mstock
2026-09-02 14:27:00,1314.00000000,1314.20000000,1314.00000000,1314.00000000,29196.0000,mstock
2026-09-02 14:28:00,1314.10000000,1314.20000000,1313.60000000,1313.90000000,28370.0000,mstock
2026-09-02 14:29:00,1313.80000000,1313.90000000,1313.60000000,1313.80000000,28586.0000,mstock
2026-09-02 14:30:00,1313.80000000,1314.90000000,1313.80000000,1314.90000000,68442.0000,mstock
2026-09-02 14:31:00,1314.80000000,1315.00000000,1314.70000000,1315.00000000,35151.0000,mstock
2026-09-02 14:32:00,1314.80000000,1315.40000000,1314.80000000,1315.40000000,39473.0000,mstock
2026-09-02 14:33:00,1315.40000000,1315.70000000,1315.30000000,1315.70000000,28258.0000,mstock
2026-09-02 14:34:00,1315.70000000,1315.70000000,1314.50000000,1314.60000000,30151.0000,mstock
2026-09-02 14:35:00,1314.50000000,1315.60000000,1314.50000000,1315.60000000,48895.0000,mstock
2026-09-02 14:36:00,1315.60000000,1315.90000000,1315.40000000,1315.50000000,50316.0000,mstock
2026-09-02 14:37:00,1315.60000000,1316.00000000,1315.00000000,1315.10000000,68296.0000,mstock
2026-09-02 14:38:00,1315.10000000,1315.10000000,1313.90000000,1314.70000000,53963.0000,mstock
2026-09-02 14:39:00,1314.70000000,1314.90000000,1314.60000000,1314.90000000,31079.0000,mstock
2026-09-02 14:40:00,1314.90000000,1315.00000000,1314.90000000,1315.00000000,32328.0000,mstock
2026-09-02 14:41:00,1315.10000000,1315.10000000,1314.10000000,1314.20000000,68947.0000,mstock
2026-09-02 14:42:00,1314.20000000,1314.20000000,1313.40000000,1313.50000000,23867.0000,mstock
2026-09-02 14:43:00,1313.50000000,1313.50000000,1312.90000000,1312.90000000,39805.0000,mstock
2026-09-02 14:44:00,1312.90000000,1313.10000000,1312.90000000,1313.10000000,38830.0000,mstock
2026-09-02 14:45:00,1313.10000000,1313.20000000,1313.00000000,1313.20000000,32166.0000,mstock
2026-09-02 14:46:00,1313.10000000,1313.40000000,1313.10000000,1313.30000000,23503.0000,mstock
2026-09-02 14:47:00,1313.70000000,1314.30000000,1313.60000000,1314.20000000,39635.0000,mstock
2026-09-02 14:48:00,1314.30000000,1314.40000000,1314.20000000,1314.40000000,28918.0000,mstock
2026-09-02 14:49:00,1314.50000000,1315.30000000,1313.80000000,1313.80000000,87381.0000,mstock
2026-09-02 14:50:00,1313.80000000,1313.90000000,1312.90000000,1313.40000000,104818.0000,mstock
2026-09-02 14:51:00,1313.40000000,1313.60000000,1312.90000000,1313.30000000,122781.0000,mstock
2026-09-02 14:52:00,1313.30000000,1313.60000000,1313.00000000,1313.30000000,39193.0000,mstock
2026-09-02 14:53:00,1313.40000000,1313.40000000,1313.30000000,1313.30000000,20749.0000,mstock
2026-09-02 14:54:00,1313.30000000,1313.40000000,1313.30000000,1313.40000000,40702.0000,mstock
2026-09-02 14:55:00,1313.40000000,1313.40000000,1312.20000000,1312.20000000,48420.0000,mstock
2026-09-02 14:56:00,1312.10000000,1312.30000000,1311.60000000,1312.20000000,52071.0000,mstock
2026-09-02 14:57:00,1312.30000000,1312.30000000,1311.60000000,1312.00000000,25969.0000,mstock
2026-09-02 14:58:00,1312.00000000,1312.00000000,1311.70000000,1312.00000000,28710.0000,mstock
2026-09-02 14:59:00,1311.90000000,1312.00000000,1311.90000000,1311.90000000,21065.0000,mstock
2026-09-02 15:00:00,1311.90000000,1311.90000000,1311.70000000,1311.70000000,21491.0000,mstock
2026-09-02 15:01:00,1311.60000000,1312.00000000,1311.20000000,1311.20000000,126830.0000,mstock
2026-09-02 15:02:00,1311.20000000,1311.90000000,1310.70000000,1311.70000000,66472.0000,mstock
2026-09-02 15:03:00,1311.80000000,1311.90000000,1311.20000000,1311.40000000,31115.0000,mstock
2026-09-02 15:04:00,1311.50000000,1312.30000000,1311.40000000,1312.20000000,58274.0000,mstock
2026-09-02 15:05:00,1312.20000000,1312.20000000,1311.00000000,1311.30000000,32207.0000,mstock
2026-09-02 15:06:00,1311.20000000,1311.20000000,1310.50000000,1310.80000000,42419.0000,mstock
2026-09-02 15:07:00,1310.80000000,1311.30000000,1310.50000000,1311.30000000,82022.0000,mstock
2026-09-02 15:08:00,1311.30000000,1311.80000000,1311.30000000,1311.70000000,47334.0000,mstock
2026-09-02 15:09:00,1311.80000000,1311.80000000,1311.70000000,1311.80000000,27692.0000,mstock
2026-09-02 15:10:00,1311.70000000,1311.80000000,1311.70000000,1311.80000000,32920.0000,mstock
2026-09-02 15:11:00,1311.80000000,1312.00000000,1311.70000000,1312.00000000,57338.0000,mstock
2026-09-02 15:12:00,1312.00000000,1313.10000000,1311.90000000,1312.70000000,89097.0000,mstock
2026-09-02 15:13:00,1312.70000000,1313.40000000,1312.00000000,1313.40000000,40955.0000,mstock
2026-09-02 15:14:00,1313.40000000,1313.90000000,1313.00000000,1313.80000000,32516.0000,mstock
2026-09-02 15:15:00,1313.10000000,1313.10000000,1313.10000000,1313.10000000,1039.0000,mstock
2026-09-02 15:20:00,1313.10000000,1313.10000000,1313.10000000,1313.10000000,0.0000,mstock
2026-09-02 15:21:00,1313.10000000,1313.10000000,1313.10000000,1313.10000000,855.0000,mstock
2026-09-02 15:22:00,1313.10000000,1313.10000000,1313.10000000,1313.10000000,1833.0000,mstock
2026-09-02 15:23:00,1313.10000000,1313.10000000,1313.10000000,1313.10000000,706.0000,mstock
2026-09-02 15:24:00,1313.10000000,1313.10000000,1313.10000000,1313.10000000,579.0000,mstock
2026-09-02 15:25:00,1313.10000000,1313.10000000,1313.10000000,1313.10000000,250.0000,mstock
2026-09-02 15:26:00,1313.10000000,1313.10000000,1313.10000000,1313.10000000,191.0000,mstock
2026-09-02 15:27:00,1313.10000000,1313.10000000,1313.10000000,1313.10000000,1659.0000,mstock
2026-09-02 15:28:00,1313.10000000,1313.10000000,1313.10000000,1313.10000000,240.0000,mstock
2026-09-02 15:29:00,1313.10000000,1313.10000000,1313.10000000,1313.10000000,13058003.0000,mstock
2026-09-03 09:15:00,1313.10000000,1315.70000000,1312.20000000,1314.00000000,74231.0000,mstock
2026-09-03 09:16:00,1314.00000000,1315.60000000,1314.00000000,1314.30000000,70547.0000,mstock
2026-09-03 09:17:00,1314.50000000,1315.70000000,1312.40000000,1315.30000000,44038.0000,mstock
2026-09-03 09:18:00,1315.40000000,1315.50000000,1313.70000000,1314.00000000,18761.0000,mstock
2026-09-03 09:19:00,1314.00000000,1314.90000000,1313.00000000,1314.20000000,49937.0000,mstock
2026-09-03 09:20:00,1314.40000000,1316.60000000,1314.40000000,1316.00000000,69416.0000,mstock
2026-09-03 09:21:00,1316.00000000,1316.70000000,1315.00000000,1315.10000000,34382.0000,mstock
2026-09-03 09:22:00,1315.00000000,1315.00000000,1313.50000000,1313.50000000,26720.0000,mstock
2026-09-03 09:23:00,1313.50000000,1314.40000000,1312.00000000,1312.00000000,49128.0000,mstock
2026-09-03 09:24:00,1312.50000000,1312.50000000,1310.70000000,1310.80000000,81734.0000,mstock
2026-09-03 09:25:00,1311.30000000,1312.60000000,1310.80000000,1311.90000000,54180.0000,mstock
2026-09-03 09:26:00,1312.00000000,1312.40000000,1311.50000000,1312.40000000,25243.0000,mstock
2026-09-03 09:27:00,1312.00000000,1312.60000000,1311.80000000,1312.50000000,43229.0000,mstock
2026-09-03 09:28:00,1312.60000000,1312.90000000,1312.30000000,1312.30000000,13766.0000,mstock
2026-09-03 09:29:00,1312.40000000,1313.80000000,1312.40000000,1313.80000000,26708.0000,mstock
2026-09-03 09:30:00,1313.90000000,1315.50000000,1313.90000000,1315.50000000,33997.0000,mstock
2026-09-03 09:31:00,1315.30000000,1315.90000000,1315.00000000,1315.00000000,38322.0000,mstock
2026-09-03 09:32:00,1315.00000000,1315.10000000,1315.00000000,1315.10000000,9531.0000,mstock
2026-09-03 09:33:00,1315.00000000,1315.10000000,1314.60000000,1314.60000000,18315.0000,mstock
2026-09-03 09:34:00,1314.60000000,1314.90000000,1314.60000000,1314.60000000,10015.0000,mstock
2026-09-03 09:35:00,1314.70000000,1314.70000000,1314.10000000,1314.10000000,24184.0000,mstock
2026-09-03 09:36:00,1314.10000000,1315.90000000,1314.00000000,1315.90000000,36038.0000,mstock
2026-09-03 09:37:00,1315.60000000,1315.90000000,1315.20000000,1315.80000000,22751.0000,mstock
2026-09-03 09:38:00,1315.80000000,1315.80000000,1315.20000000,1315.30000000,23958.0000,mstock
2026-09-03 09:39:00,1315.40000000,1315.90000000,1315.00000000,1315.70000000,18536.0000,mstock
2026-09-03 09:40:00,1315.80000000,1316.00000000,1315.50000000,1315.60000000,17643.0000,mstock
2026-09-03 09:41:00,1315.30000000,1315.50000000,1315.00000000,1315.10000000,6359.0000,mstock
2026-09-03 09:42:00,1315.10000000,1315.10000000,1313.50000000,1313.50000000,32402.0000,mstock
2026-09-03 09:43:00,1313.70000000,1314.50000000,1313.10000000,1314.40000000,27389.0000,mstock
2026-09-03 09:44:00,1314.40000000,1314.40000000,1313.40000000,1313.40000000,18639.0000,mstock
2026-09-03 09:45:00,1313.50000000,1314.10000000,1313.20000000,1313.80000000,21229.0000,mstock
2026-09-03 09:46:00,1313.50000000,1313.60000000,1313.40000000,1313.40000000,6135.0000,mstock
2026-09-03 09:47:00,1314.10000000,1314.10000000,1313.00000000,1313.10000000,23566.0000,mstock
2026-09-03 09:48:00,1313.30000000,1313.30000000,1313.00000000,1313.00000000,21766.0000,mstock
2026-09-03 09:49:00,1313.10000000,1313.10000000,1312.70000000,1313.00000000,11085.0000,mstock
2026-09-03 09:50:00,1313.30000000,1313.40000000,1312.90000000,1313.40000000,30439.0000,mstock
2026-09-03 09:51:00,1313.40000000,1313.40000000,1312.20000000,1312.20000000,14050.0000,mstock
2026-09-03 09:52:00,1312.50000000,1312.50000000,1312.20000000,1312.20000000,14259.0000,mstock
2026-09-03 09:53:00,1312.10000000,1312.30000000,1312.00000000,1312.10000000,17513.0000,mstock
2026-09-03 09:54:00,1312.10000000,1312.20000000,1311.90000000,1312.10000000,9332.0000,mstock
2026-09-03 09:55:00,1312.10000000,1312.50000000,1312.00000000,1312.20000000,12448.0000,mstock
2026-09-03 09:56:00,1312.10000000,1312.90000000,1312.10000000,1312.30000000,30824.0000,mstock
2026-09-03 09:57:00,1312.30000000,1312.40000000,1312.00000000,1312.10000000,11856.0000,mstock
2026-09-03 09:58:00,1311.90000000,1312.20000000,1311.90000000,1312.00000000,8013.0000,mstock
2026-09-03 09:59:00,1312.30000000,1312.40000000,1311.70000000,1311.80000000,17936.0000,mstock
2026-09-03 10:00:00,1311.70000000,1311.70000000,1308.60000000,1309.40000000,110607.0000,mstock
2026-09-03 10:01:00,1309.20000000,1309.70000000,1308.50000000,1308.90000000,32796.0000,mstock
2026-09-03 10:02:00,1308.90000000,1308.90000000,1307.90000000,1308.80000000,95237.0000,mstock
2026-09-03 10:03:00,1309.00000000,1309.60000000,1308.30000000,1309.00000000,51047.0000,mstock
2026-09-03 10:04:00,1309.50000000,1309.90000000,1309.20000000,1309.60000000,16594.0000,mstock
2026-09-03 10:05:00,1309.50000000,1309.60000000,1309.00000000,1309.20000000,12437.0000,mstock
2026-09-03 10:06:00,1309.20000000,1309.40000000,1308.70000000,1309.00000000,23358.0000,mstock
2026-09-03 10:07:00,1309.10000000,1309.10000000,1308.60000000,1308.80000000,13763.0000,mstock
2026-09-03 10:08:00,1308.80000000,1309.40000000,1308.80000000,1309.00000000,7813.0000,mstock
2026-09-03 10:09:00,1309.00000000,1309.40000000,1308.80000000,1309.20000000,13690.0000,mstock
2026-09-03 10:10:00,1309.10000000,1309.40000000,1308.80000000,1309.20000000,18882.0000,mstock
2026-09-03 10:11:00,1309.10000000,1309.20000000,1308.90000000,1309.10000000,15981.0000,mstock
2026-09-03 10:12:00,1309.10000000,1309.60000000,1309.00000000,1309.60000000,7018.0000,mstock
2026-09-03 10:13:00,1309.90000000,1309.90000000,1309.60000000,1309.80000000,9512.0000,mstock
2026-09-03 10:14:00,1309.60000000,1309.80000000,1309.20000000,1309.20000000,8817.0000,mstock
2026-09-03 10:15:00,1309.10000000,1309.50000000,1309.00000000,1309.10000000,11623.0000,mstock
2026-09-03 10:16:00,1309.10000000,1309.20000000,1308.70000000,1308.80000000,10900.0000,mstock
2026-09-03 10:17:00,1308.70000000,1309.00000000,1308.60000000,1309.00000000,8998.0000,mstock
2026-09-03 10:18:00,1308.80000000,1309.60000000,1308.80000000,1309.50000000,27173.0000,mstock
2026-09-03 10:19:00,1309.40000000,1310.70000000,1309.40000000,1310.60000000,30142.0000,mstock
2026-09-03 10:20:00,1310.50000000,1310.70000000,1309.90000000,1310.10000000,18312.0000,mstock
2026-09-03 10:21:00,1310.30000000,1310.30000000,1309.90000000,1310.00000000,6723.0000,mstock
2026-09-03 10:22:00,1310.00000000,1310.10000000,1309.50000000,1309.60000000,14187.0000,mstock
2026-09-03 10:23:00,1309.60000000,1309.70000000,1309.30000000,1309.30000000,11250.0000,mstock
2026-09-03 10:24:00,1309.30000000,1309.50000000,1309.00000000,1309.40000000,8499.0000,mstock
2026-09-03 10:25:00,1309.30000000,1310.00000000,1309.30000000,1309.70000000,6814.0000,mstock
2026-09-03 10:26:00,1310.00000000,1310.00000000,1309.50000000,1309.50000000,12950.0000,mstock
2026-09-03 10:27:00,1309.70000000,1310.00000000,1309.60000000,1309.80000000,10419.0000,mstock
2026-09-03 10:28:00,1309.90000000,1309.90000000,1309.40000000,1309.40000000,12962.0000,mstock
2026-09-03 10:29:00,1309.40000000,1309.50000000,1308.00000000,1308.00000000,29739.0000,mstock
2026-09-03 10:30:00,1307.80000000,1307.80000000,1307.00000000,1307.70000000,51319.0000,mstock
2026-09-03 10:31:00,1307.80000000,1307.80000000,1307.40000000,1307.60000000,9998.0000,mstock
2026-09-03 10:32:00,1307.60000000,1308.40000000,1307.50000000,1308.30000000,12745.0000,mstock
2026-09-03 10:33:00,1308.20000000,1308.60000000,1308.20000000,1308.30000000,7397.0000,mstock
2026-09-03 10:34:00,1308.40000000,1308.40000000,1307.20000000,1307.30000000,13525.0000,mstock
2026-09-03 10:35:00,1307.40000000,1307.40000000,1307.10000000,1307.10000000,12617.0000,mstock
2026-09-03 10:36:00,1307.20000000,1307.30000000,1307.00000000,1307.00000000,7144.0000,mstock
2026-09-03 10:37:00,1307.20000000,1307.20000000,1306.70000000,1307.00000000,23111.0000,mstock
2026-09-03 10:38:00,1307.10000000,1307.40000000,1306.90000000,1307.20000000,24194.0000,mstock
2026-09-03 10:39:00,1307.20000000,1307.30000000,1306.90000000,1307.20000000,16056.0000,mstock
2026-09-03 10:40:00,1307.20000000,1307.20000000,1306.30000000,1306.40000000,16963.0000,mstock
2026-09-03 10:41:00,1306.80000000,1307.40000000,1306.10000000,1306.30000000,16111.0000,mstock
2026-09-03 10:42:00,1306.30000000,1306.30000000,1306.00000000,1306.10000000,13691.0000,mstock
2026-09-03 10:43:00,1306.10000000,1306.60000000,1306.00000000,1306.20000000,23463.0000,mstock
2026-09-03 10:44:00,1306.50000000,1306.60000000,1305.50000000,1306.20000000,16495.0000,mstock
2026-09-03 10:45:00,1306.40000000,1306.60000000,1306.30000000,1306.50000000,42888.0000,mstock
2026-09-03 10:46:00,1306.60000000,1307.70000000,1306.60000000,1307.40000000,13089.0000,mstock
2026-09-03 10:47:00,1307.40000000,1308.00000000,1307.20000000,1307.80000000,18461.0000,mstock
2026-09-03 10:48:00,1307.90000000,1308.60000000,1307.90000000,1308.10000000,27851.0000,mstock
2026-09-03 10:49:00,1308.30000000,1308.30000000,1307.50000000,1307.60000000,30002.0000,mstock
2026-09-03 10:50:00,1307.60000000,1307.90000000,1307.50000000,1307.50000000,17291.0000,mstock
2026-09-03 10:51:00,1307.60000000,1307.60000000,1307.50000000,1307.50000000,2955.0000,mstock
2026-09-03 10:52:00,1307.60000000,1307.90000000,1307.50000000,1307.90000000,12069.0000,mstock
2026-09-03 10:53:00,1307.90000000,1308.20000000,1307.70000000,1307.80000000,48340.0000,mstock
2026-09-03 10:54:00,1307.80000000,1308.30000000,1307.60000000,1307.60000000,11592.0000,mstock
2026-09-03 10:55:00,1307.10000000,1307.40000000,1307.00000000,1307.10000000,17122.0000,mstock
2026-09-03 10:56:00,1307.10000000,1307.20000000,1307.00000000,1307.10000000,10187.0000,mstock
2026-09-03 10:57:00,1307.90000000,1307.90000000,1307.20000000,1307.30000000,37345.0000,mstock
2026-09-03 10:58:00,1307.30000000,1308.70000000,1307.20000000,1308.10000000,16246.0000,mstock
2026-09-03 10:59:00,1308.10000000,1308.10000000,1307.20000000,1307.20000000,5791.0000,mstock
2026-09-03 11:00:00,1307.50000000,1307.60000000,1307.10000000,1307.40000000,9682.0000,mstock
2026-09-03 11:01:00,1307.10000000,1307.30000000,1306.90000000,1307.00000000,7338.0000,mstock
2026-09-03 11:02:00,1307.00000000,1307.00000000,1306.40000000,1307.00000000,9622.0000,mstock
2026-09-03 11:03:00,1306.70000000,1307.50000000,1306.70000000,1306.80000000,30466.0000,mstock
2026-09-03 11:04:00,1306.80000000,1306.80000000,1306.10000000,1306.40000000,9980.0000,mstock
2026-09-03 11:05:00,1306.50000000,1306.50000000,1305.50000000,1305.90000000,17650.0000,mstock
2026-09-03 11:06:00,1306.00000000,1306.20000000,1305.90000000,1306.10000000,15734.0000,mstock
2026-09-03 11:07:00,1306.30000000,1306.30000000,1305.40000000,1305.60000000,23250.0000,mstock
2026-09-03 11:08:00,1305.80000000,1306.10000000,1305.70000000,1305.80000000,14109.0000,mstock
2026-09-03 11:09:00,1305.80000000,1305.80000000,1305.40000000,1305.70000000,8048.0000,mstock
2026-09-03 11:10:00,1305.80000000,1306.00000000,1305.70000000,1305.70000000,11813.0000,mstock
2026-09-03 11:11:00,1305.70000000,1306.10000000,1305.60000000,1306.10000000,27765.0000,mstock
2026-09-03 11:12:00,1306.10000000,1306.80000000,1306.00000000,1306.50000000,10327.0000,mstock
2026-09-03 11:13:00,1306.50000000,1306.80000000,1305.50000000,1305.60000000,14571.0000,mstock
2026-09-03 11:14:00,1305.60000000,1306.00000000,1305.00000000,1305.10000000,31164.0000,mstock
2026-09-03 11:15:00,1305.20000000,1306.30000000,1305.00000000,1306.20000000,87747.0000,mstock
2026-09-03 11:16:00,1306.30000000,1307.40000000,1306.20000000,1307.30000000,12051.0000,mstock
2026-09-03 11:17:00,1307.20000000,1308.10000000,1307.20000000,1307.70000000,19444.0000,mstock
2026-09-03 11:18:00,1307.70000000,1308.00000000,1307.70000000,1307.90000000,11327.0000,mstock
2026-09-03 11:19:00,1307.80000000,1308.60000000,1307.70000000,1308.40000000,10289.0000,mstock
2026-09-03 11:20:00,1308.20000000,1308.60000000,1307.60000000,1307.60000000,11862.0000,mstock
2026-09-03 11:21:00,1307.60000000,1307.70000000,1307.40000000,1307.70000000,10084.0000,mstock
2026-09-03 11:22:00,1307.70000000,1308.30000000,1307.60000000,1308.20000000,35306.0000,mstock
2026-09-03 11:23:00,1308.20000000,1308.40000000,1307.90000000,1308.30000000,13144.0000,mstock
2026-09-03 11:24:00,1308.30000000,1308.30000000,1307.60000000,1307.60000000,8259.0000,mstock
2026-09-03 11:25:00,1307.60000000,1307.70000000,1307.40000000,1307.40000000,12401.0000,mstock
2026-09-03 11:26:00,1307.50000000,1307.70000000,1307.40000000,1307.50000000,11390.0000,mstock
2026-09-03 11:27:00,1307.50000000,1308.20000000,1307.50000000,1308.00000000,45527.0000,mstock
2026-09-03 11:28:00,1308.00000000,1308.20000000,1307.70000000,1307.80000000,24905.0000,mstock
2026-09-03 11:29:00,1307.80000000,1307.80000000,1307.50000000,1307.60000000,16062.0000,mstock
2026-09-03 11:30:00,1308.10000000,1308.90000000,1307.60000000,1308.80000000,45333.0000,mstock
2026-09-03 11:31:00,1308.80000000,1309.20000000,1308.70000000,1309.10000000,13933.0000,mstock
2026-09-03 11:32:00,1309.10000000,1309.10000000,1308.10000000,1308.20000000,9242.0000,mstock
2026-09-03 11:33:00,1308.20000000,1308.80000000,1308.00000000,1308.70000000,31667.0000,mstock
2026-09-03 11:34:00,1308.80000000,1309.90000000,1308.70000000,1309.90000000,87833.0000,mstock
2026-09-03 11:35:00,1309.80000000,1310.90000000,1309.60000000,1310.60000000,19753.0000,mstock
2026-09-03 11:36:00,1310.90000000,1310.90000000,1310.20000000,1310.40000000,25014.0000,mstock
2026-09-03 11:37:00,1310.30000000,1310.40000000,1309.90000000,1310.20000000,6454.0000,mstock
2026-09-03 11:38:00,1310.00000000,1310.20000000,1309.60000000,1309.80000000,9289.0000,mstock
2026-09-03 11:39:00,1309.90000000,1309.90000000,1309.10000000,1309.30000000,4674.0000,mstock
2026-09-03 11:40:00,1309.40000000,1309.70000000,1309.40000000,1309.60000000,12891.0000,mstock
2026-09-03 11:41:00,1309.70000000,1310.00000000,1309.30000000,1309.50000000,9624.0000,mstock
2026-09-03 11:42:00,1309.60000000,1309.90000000,1309.50000000,1309.90000000,27566.0000,mstock
2026-09-03 11:43:00,1310.10000000,1310.10000000,1309.40000000,1309.50000000,41709.0000,mstock
2026-09-03 11:44:00,1309.50000000,1309.80000000,1309.20000000,1309.70000000,12785.0000,mstock
2026-09-03 11:45:00,1309.80000000,1310.70000000,1309.70000000,1310.40000000,24700.0000,mstock
2026-09-03 11:46:00,1310.30000000,1310.50000000,1310.20000000,1310.40000000,50438.0000,mstock
2026-09-03 11:47:00,1310.50000000,1310.50000000,1309.20000000,1309.60000000,11078.0000,mstock
2026-09-03 11:48:00,1309.50000000,1310.50000000,1309.10000000,1310.10000000,14839.0000,mstock
2026-09-03 11:49:00,1310.10000000,1310.80000000,1310.00000000,1310.40000000,23526.0000,mstock
2026-09-03 11:50:00,1310.50000000,1310.90000000,1310.50000000,1310.70000000,69862.0000,mstock
2026-09-03 11:51:00,1310.90000000,1311.00000000,1309.50000000,1309.50000000,10355.0000,mstock
2026-09-03 11:52:00,1309.70000000,1311.40000000,1309.00000000,1310.80000000,38006.0000,mstock
2026-09-03 11:53:00,1311.00000000,1311.00000000,1309.50000000,1309.80000000,14195.0000,mstock
2026-09-03 11:54:00,1309.80000000,1309.80000000,1309.20000000,1309.70000000,8947.0000,mstock
2026-09-03 11:55:00,1309.70000000,1309.70000000,1309.60000000,1309.60000000,7031.0000,mstock
2026-09-03 11:56:00,1309.60000000,1309.60000000,1309.20000000,1309.40000000,18611.0000,mstock
2026-09-03 11:57:00,1309.30000000,1309.70000000,1309.00000000,1309.60000000,21698.0000,mstock
2026-09-03 11:58:00,1310.10000000,1310.30000000,1309.70000000,1310.20000000,59376.0000,mstock
2026-09-03 11:59:00,1310.20000000,1311.50000000,1310.10000000,1310.80000000,33489.0000,mstock
2026-09-03 12:00:00,1310.70000000,1311.70000000,1310.60000000,1311.20000000,22721.0000,mstock
2026-09-03 12:01:00,1311.30000000,1311.30000000,1308.00000000,1309.00000000,115561.0000,mstock
2026-09-03 12:02:00,1309.00000000,1310.00000000,1308.90000000,1309.30000000,20285.0000,mstock
2026-09-03 12:03:00,1309.30000000,1309.70000000,1308.70000000,1308.90000000,17132.0000,mstock
2026-09-03 12:04:00,1308.70000000,1309.70000000,1308.20000000,1309.70000000,47754.0000,mstock
2026-09-03 12:05:00,1309.60000000,1309.70000000,1309.20000000,1309.40000000,6755.0000,mstock
2026-09-03 12:06:00,1309.40000000,1309.60000000,1309.30000000,1309.30000000,18467.0000,mstock
2026-09-03 12:07:00,1309.40000000,1309.40000000,1308.00000000,1308.20000000,43110.0000,mstock
2026-09-03 12:08:00,1308.00000000,1309.00000000,1308.00000000,1308.60000000,18630.0000,mstock
2026-09-03 12:09:00,1308.70000000,1308.70000000,1308.10000000,1308.30000000,14475.0000,mstock
2026-09-03 12:10:00,1308.40000000,1310.30000000,1308.30000000,1309.90000000,41030.0000,mstock
2026-09-03 12:11:00,1309.90000000,1309.90000000,1308.60000000,1308.80000000,21454.0000,mstock
2026-09-03 12:12:00,1308.80000000,1309.30000000,1308.40000000,1308.60000000,8119.0000,mstock
2026-09-03 12:13:00,1308.60000000,1309.80000000,1308.30000000,1309.40000000,22835.0000,mstock
2026-09-03 12:14:00,1309.40000000,1309.80000000,1308.80000000,1309.10000000,5107.0000,mstock
2026-09-03 12:15:00,1309.10000000,1309.50000000,1308.80000000,1309.30000000,28290.0000,mstock
2026-09-03 12:16:00,1309.30000000,1309.50000000,1309.00000000,1309.10000000,9593.0000,mstock
2026-09-03 12:17:00,1309.10000000,1309.20000000,1308.60000000,1308.60000000,3139.0000,mstock
2026-09-03 12:18:00,1308.90000000,1308.90000000,1308.20000000,1308.20000000,6758.0000,mstock
2026-09-03 12:19:00,1308.10000000,1308.60000000,1307.50000000,1308.30000000,33078.0000,mstock
2026-09-03 12:20:00,1308.30000000,1308.40000000,1308.00000000,1308.40000000,14094.0000,mstock
2026-09-03 12:21:00,1308.40000000,1308.60000000,1308.00000000,1308.10000000,8716.0000,mstock
2026-09-03 12:22:00,1308.10000000,1308.10000000,1307.00000000,1307.30000000,23794.0000,mstock
2026-09-03 12:23:00,1307.30000000,1308.00000000,1307.10000000,1307.30000000,19344.0000,mstock
2026-09-03 12:24:00,1307.30000000,1307.80000000,1307.10000000,1307.10000000,14814.0000,mstock
2026-09-03 12:25:00,1307.20000000,1308.10000000,1307.20000000,1308.10000000,18835.0000,mstock
2026-09-03 12:26:00,1308.10000000,1308.20000000,1307.60000000,1307.90000000,13077.0000,mstock
2026-09-03 12:27:00,1307.90000000,1307.90000000,1307.50000000,1307.70000000,9529.0000,mstock
2026-09-03 12:28:00,1307.70000000,1308.50000000,1307.50000000,1308.50000000,14291.0000,mstock
2026-09-03 12:29:00,1308.20000000,1308.20000000,1307.00000000,1307.40000000,11087.0000,mstock
2026-09-03 12:30:00,1307.40000000,1307.70000000,1307.30000000,1307.70000000,6024.0000,mstock
2026-09-03 12:31:00,1307.40000000,1307.90000000,1307.30000000,1307.30000000,11385.0000,mstock
2026-09-03 12:32:00,1307.40000000,1308.00000000,1307.40000000,1307.80000000,20494.0000,mstock
2026-09-03 12:33:00,1307.80000000,1308.70000000,1307.80000000,1308.00000000,14031.0000,mstock
2026-09-03 12:34:00,1308.00000000,1308.00000000,1307.60000000,1307.80000000,6878.0000,mstock
2026-09-03 12:35:00,1308.00000000,1308.00000000,1307.50000000,1307.50000000,13727.0000,mstock
2026-09-03 12:36:00,1307.70000000,1308.50000000,1307.60000000,1308.50000000,23326.0000,mstock
2026-09-03 12:37:00,1308.70000000,1308.70000000,1308.10000000,1308.10000000,7977.0000,mstock
2026-09-03 12:38:00,1308.10000000,1309.70000000,1308.10000000,1309.00000000,28983.0000,mstock
2026-09-03 12:39:00,1309.10000000,1309.50000000,1308.60000000,1309.20000000,16870.0000,mstock
2026-09-03 12:40:00,1309.20000000,1309.40000000,1308.70000000,1308.80000000,8540.0000,mstock
2026-09-03 12:41:00,1308.80000000,1309.80000000,1308.80000000,1309.20000000,13981.0000,mstock
2026-09-03 12:42:00,1309.40000000,1309.60000000,1308.70000000,1308.90000000,25639.0000,mstock
2026-09-03 12:43:00,1308.80000000,1309.20000000,1308.80000000,1308.80000000,4332.0000,mstock
2026-09-03 12:44:00,1308.80000000,1308.90000000,1308.80000000,1308.80000000,7796.0000,mstock
2026-09-03 12:45:00,1308.70000000,1309.00000000,1308.60000000,1308.60000000,10429.0000,mstock
2026-09-03 12:46:00,1309.20000000,1309.20000000,1308.50000000,1308.50000000,7554.0000,mstock
2026-09-03 12:47:00,1308.70000000,1308.70000000,1308.40000000,1308.50000000,5441.0000,mstock
2026-09-03 12:48:00,1308.60000000,1308.70000000,1308.00000000,1308.40000000,13815.0000,mstock
2026-09-03 12:49:00,1308.70000000,1309.10000000,1308.20000000,1308.30000000,10338.0000,mstock
2026-09-03 12:50:00,1308.40000000,1308.60000000,1308.00000000,1308.40000000,12071.0000,mstock
2026-09-03 12:51:00,1308.40000000,1308.60000000,1308.30000000,1308.50000000,6945.0000,mstock
2026-09-03 12:52:00,1308.60000000,1309.50000000,1308.60000000,1309.30000000,11403.0000,mstock
2026-09-03 12:53:00,1309.30000000,1309.30000000,1309.00000000,1309.20000000,5049.0000,mstock
2026-09-03 12:54:00,1309.20000000,1310.80000000,1309.20000000,1310.30000000,23460.0000,mstock
2026-09-03 12:55:00,1310.20000000,1310.50000000,1310.10000000,1310.20000000,7969.0000,mstock
2026-09-03 12:56:00,1310.30000000,1310.50000000,1309.40000000,1310.20000000,35687.0000,mstock
2026-09-03 12:57:00,1310.50000000,1310.80000000,1310.30000000,1310.40000000,28917.0000,mstock
2026-09-03 12:58:00,1310.50000000,1310.70000000,1309.80000000,1310.10000000,21310.0000,mstock
2026-09-03 12:59:00,1310.10000000,1310.50000000,1310.00000000,1310.50000000,9307.0000,mstock
2026-09-03 13:00:00,1310.40000000,1310.40000000,1309.50000000,1310.00000000,20174.0000,mstock
2026-09-03 13:01:00,1309.80000000,1309.80000000,1308.80000000,1308.80000000,16052.0000,mstock
2026-09-03 13:02:00,1309.00000000,1309.90000000,1308.90000000,1309.90000000,20728.0000,mstock
2026-09-03 13:03:00,1309.70000000,1309.70000000,1308.80000000,1308.80000000,15782.0000,mstock
2026-09-03 13:04:00,1308.90000000,1309.00000000,1308.40000000,1308.90000000,9976.0000,mstock
2026-09-03 13:05:00,1308.80000000,1309.30000000,1308.80000000,1309.20000000,6444.0000,mstock
2026-09-03 13:06:00,1309.20000000,1309.50000000,1309.00000000,1309.10000000,11431.0000,mstock
2026-09-03 13:07:00,1309.20000000,1309.90000000,1309.20000000,1309.20000000,17034.0000,mstock
2026-09-03 13:08:00,1309.40000000,1309.60000000,1308.90000000,1308.90000000,8269.0000,mstock
2026-09-03 13:09:00,1308.80000000,1309.90000000,1308.80000000,1309.60000000,19677.0000,mstock
2026-09-03 13:10:00,1309.60000000,1309.80000000,1309.10000000,1309.70000000,5478.0000,mstock
2026-09-03 13:11:00,1309.70000000,1309.90000000,1309.40000000,1309.90000000,11989.0000,mstock
2026-09-03 13:12:00,1309.90000000,1310.20000000,1309.70000000,1310.00000000,26500.0000,mstock
2026-09-03 13:13:00,1310.00000000,1310.00000000,1308.80000000,1308.80000000,19840.0000,mstock
2026-09-03 13:14:00,1308.90000000,1309.00000000,1308.50000000,1309.00000000,7957.0000,mstock
2026-09-03 13:15:00,1308.90000000,1309.70000000,1308.70000000,1309.50000000,22165.0000,mstock
2026-09-03 13:16:00,1309.40000000,1309.70000000,1308.90000000,1309.50000000,24745.0000,mstock
2026-09-03 13:17:00,1309.60000000,1310.10000000,1309.50000000,1309.60000000,16079.0000,mstock
2026-09-03 13:18:00,1309.70000000,1310.40000000,1309.50000000,1309.80000000,14008.0000,mstock
2026-09-03 13:19:00,1309.80000000,1310.00000000,1309.40000000,1310.00000000,11013.0000,mstock
2026-09-03 13:20:00,1310.00000000,1310.00000000,1309.50000000,1309.80000000,8340.0000,mstock
2026-09-03 13:21:00,1309.80000000,1310.00000000,1309.80000000,1309.90000000,16284.0000,mstock
2026-09-03 13:22:00,1309.90000000,1309.90000000,1309.50000000,1309.60000000,8199.0000,mstock
2026-09-03 13:23:00,1309.50000000,1310.00000000,1309.50000000,1309.70000000,9612.0000,mstock
2026-09-03 13:24:00,1309.70000000,1309.70000000,1309.30000000,1309.40000000,3733.0000,mstock
2026-09-03 13:25:00,1309.10000000,1309.10000000,1308.20000000,1308.40000000,11373.0000,mstock
2026-09-03 13:26:00,1308.40000000,1308.80000000,1308.20000000,1308.20000000,10463.0000,mstock
2026-09-03 13:27:00,1308.60000000,1309.40000000,1308.60000000,1309.10000000,23077.0000,mstock
2026-09-03 13:28:00,1309.10000000,1309.70000000,1308.40000000,1308.40000000,15148.0000,mstock
2026-09-03 13:29:00,1308.40000000,1309.00000000,1308.00000000,1308.20000000,23521.0000,mstock
2026-09-03 13:30:00,1308.10000000,1308.60000000,1308.10000000,1308.30000000,20897.0000,mstock
2026-09-03 13:31:00,1308.40000000,1308.70000000,1308.30000000,1308.40000000,9267.0000,mstock
2026-09-03 13:32:00,1308.70000000,1308.80000000,1308.30000000,1308.40000000,5934.0000,mstock
2026-09-03 13:33:00,1308.20000000,1309.50000000,1308.20000000,1309.50000000,15425.0000,mstock
2026-09-03 13:34:00,1309.20000000,1309.50000000,1308.70000000,1309.10000000,25871.0000,mstock
2026-09-03 13:35:00,1309.10000000,1309.30000000,1308.70000000,1308.90000000,18728.0000,mstock
2026-09-03 13:36:00,1308.90000000,1309.10000000,1307.60000000,1307.70000000,32591.0000,mstock
2026-09-03 13:37:00,1307.70000000,1308.10000000,1307.40000000,1307.60000000,33603.0000,mstock
2026-09-03 13:38:00,1307.70000000,1307.90000000,1307.40000000,1307.60000000,37118.0000,mstock
2026-09-03 13:39:00,1307.60000000,1307.70000000,1306.50000000,1306.60000000,24042.0000,mstock
2026-09-03 13:40:00,1306.60000000,1307.20000000,1306.00000000,1306.30000000,24873.0000,mstock
2026-09-03 13:41:00,1306.60000000,1307.40000000,1306.40000000,1306.70000000,28438.0000,mstock
2026-09-03 13:42:00,1306.70000000,1306.90000000,1306.60000000,1306.90000000,10608.0000,mstock
2026-09-03 13:43:00,1306.90000000,1307.50000000,1306.80000000,1307.40000000,14567.0000,mstock
2026-09-03 13:44:00,1307.40000000,1307.50000000,1306.60000000,1307.10000000,18747.0000,mstock
2026-09-03 13:45:00,1307.10000000,1307.40000000,1306.80000000,1306.80000000,25510.0000,mstock
2026-09-03 13:46:00,1306.90000000,1306.90000000,1306.50000000,1306.60000000,11471.0000,mstock
2026-09-03 13:47:00,1306.70000000,1307.20000000,1306.00000000,1306.30000000,43065.0000,mstock
2026-09-03 13:48:00,1306.30000000,1306.80000000,1306.10000000,1306.70000000,30388.0000,mstock
2026-09-03 13:49:00,1306.80000000,1308.00000000,1306.80000000,1307.90000000,37334.0000,mstock
2026-09-03 13:50:00,1307.80000000,1308.00000000,1306.50000000,1306.80000000,37806.0000,mstock
2026-09-03 13:51:00,1306.60000000,1307.70000000,1306.60000000,1307.40000000,15061.0000,mstock
2026-09-03 13:52:00,1307.50000000,1308.00000000,1306.70000000,1306.80000000,24134.0000,mstock
2026-09-03 13:53:00,1306.80000000,1306.80000000,1305.60000000,1305.90000000,46560.0000,mstock
2026-09-03 13:54:00,1306.00000000,1306.50000000,1305.40000000,1305.80000000,24227.0000,mstock
2026-09-03 13:55:00,1305.80000000,1306.20000000,1305.40000000,1305.90000000,58023.0000,mstock
2026-09-03 13:56:00,1306.00000000,1306.40000000,1305.80000000,1305.90000000,52886.0000,mstock
2026-09-03 13:57:00,1305.80000000,1306.60000000,1305.80000000,1306.30000000,74196.0000,mstock
2026-09-03 13:58:00,1306.30000000,1307.60000000,1305.80000000,1307.10000000,58790.0000,mstock
2026-09-03 13:59:00,1307.60000000,1307.90000000,1306.70000000,1307.50000000,32042.0000,mstock
2026-09-03 14:00:00,1307.60000000,1307.70000000,1307.10000000,1307.20000000,28606.0000,mstock
2026-09-03 14:01:00,1307.20000000,1307.30000000,1305.80000000,1306.00000000,47527.0000,mstock
2026-09-03 14:02:00,1306.10000000,1306.40000000,1305.40000000,1305.80000000,56659.0000,mstock
2026-09-03 14:03:00,1306.00000000,1307.00000000,1305.60000000,1306.90000000,49635.0000,mstock
2026-09-03 14:04:00,1307.00000000,1307.00000000,1306.10000000,1306.20000000,25457.0000,mstock
2026-09-03 14:05:00,1306.20000000,1306.50000000,1305.60000000,1306.00000000,47483.0000,mstock
2026-09-03 14:06:00,1306.10000000,1306.10000000,1305.60000000,1305.70000000,7047.0000,mstock
2026-09-03 14:07:00,1305.70000000,1305.80000000,1305.60000000,1305.70000000,25258.0000,mstock
2026-09-03 14:08:00,1305.80000000,1305.90000000,1305.50000000,1305.50000000,32974.0000,mstock
2026-09-03 14:09:00,1305.70000000,1305.80000000,1305.40000000,1305.40000000,18391.0000,mstock
2026-09-03 14:10:00,1305.50000000,1305.60000000,1305.40000000,1305.50000000,14702.0000,mstock
2026-09-03 14:11:00,1305.50000000,1305.80000000,1305.50000000,1305.60000000,11791.0000,mstock
2026-09-03 14:12:00,1306.00000000,1306.00000000,1305.70000000,1305.90000000,7370.0000,mstock
2026-09-03 14:13:00,1305.90000000,1306.50000000,1305.90000000,1306.00000000,15276.0000,mstock
2026-09-03 14:14:00,1306.10000000,1306.20000000,1306.00000000,1306.00000000,13956.0000,mstock
2026-09-03 14:15:00,1306.10000000,1306.20000000,1305.50000000,1305.60000000,40541.0000,mstock
2026-09-03 14:16:00,1305.70000000,1306.20000000,1305.60000000,1305.90000000,11888.0000,mstock
2026-09-03 14:17:00,1305.90000000,1306.40000000,1305.50000000,1306.30000000,14819.0000,mstock
2026-09-03 14:18:00,1306.30000000,1306.30000000,1305.70000000,1305.90000000,22183.0000,mstock
2026-09-03 14:19:00,1305.80000000,1306.90000000,1305.80000000,1306.90000000,58953.0000,mstock
2026-09-03 14:20:00,1307.00000000,1307.60000000,1307.00000000,1307.40000000,50562.0000,mstock
2026-09-03 14:21:00,1307.50000000,1307.80000000,1306.60000000,1307.10000000,64004.0000,mstock
2026-09-03 14:22:00,1307.30000000,1307.50000000,1306.60000000,1306.70000000,35348.0000,mstock
2026-09-03 14:23:00,1307.00000000,1307.80000000,1306.90000000,1307.70000000,47059.0000,mstock
2026-09-03 14:24:00,1307.70000000,1308.80000000,1307.50000000,1308.30000000,57516.0000,mstock
2026-09-03 14:25:00,1308.40000000,1308.40000000,1308.00000000,1308.30000000,34607.0000,mstock
2026-09-03 14:26:00,1308.30000000,1308.60000000,1308.00000000,1308.50000000,58387.0000,mstock
2026-09-03 14:27:00,1308.50000000,1308.60000000,1307.90000000,1308.40000000,37634.0000,mstock
2026-09-03 14:28:00,1308.50000000,1308.70000000,1308.40000000,1308.70000000,52327.0000,mstock
2026-09-03 14:29:00,1308.60000000,1308.90000000,1307.60000000,1307.70000000,31944.0000,mstock
2026-09-03 14:30:00,1307.80000000,1308.40000000,1307.50000000,1307.60000000,52613.0000,mstock
2026-09-03 14:31:00,1307.60000000,1308.60000000,1307.50000000,1308.40000000,25613.0000,mstock
2026-09-03 14:32:00,1308.00000000,1308.30000000,1307.30000000,1307.40000000,39667.0000,mstock
2026-09-03 14:33:00,1307.40000000,1308.00000000,1307.30000000,1307.50000000,33256.0000,mstock
2026-09-03 14:34:00,1307.50000000,1308.00000000,1307.50000000,1307.80000000,21891.0000,mstock
2026-09-03 14:35:00,1307.90000000,1308.00000000,1307.40000000,1307.50000000,53641.0000,mstock
2026-09-03 14:36:00,1307.60000000,1307.90000000,1307.50000000,1307.70000000,11688.0000,mstock
2026-09-03 14:37:00,1307.70000000,1308.00000000,1307.50000000,1307.70000000,25268.0000,mstock
2026-09-03 14:38:00,1307.60000000,1308.20000000,1307.50000000,1308.20000000,21588.0000,mstock
2026-09-03 14:39:00,1308.20000000,1308.40000000,1307.80000000,1307.80000000,24656.0000,mstock
2026-09-03 14:40:00,1308.10000000,1308.20000000,1307.70000000,1307.80000000,23606.0000,mstock
2026-09-03 14:41:00,1308.10000000,1308.10000000,1307.60000000,1307.60000000,38514.0000,mstock
2026-09-03 14:42:00,1307.70000000,1308.40000000,1307.50000000,1308.20000000,34830.0000,mstock
2026-09-03 14:43:00,1308.20000000,1308.50000000,1307.70000000,1308.10000000,20734.0000,mstock
2026-09-03 14:44:00,1308.10000000,1308.70000000,1308.10000000,1308.50000000,6723.0000,mstock
2026-09-03 14:45:00,1308.70000000,1308.70000000,1308.20000000,1308.50000000,9654.0000,mstock
2026-09-03 14:46:00,1308.60000000,1308.70000000,1308.10000000,1308.30000000,11717.0000,mstock
2026-09-03 14:47:00,1308.30000000,1308.50000000,1308.10000000,1308.40000000,17860.0000,mstock
2026-09-03 14:48:00,1308.30000000,1308.50000000,1308.20000000,1308.40000000,16033.0000,mstock
2026-09-03 14:49:00,1308.40000000,1308.70000000,1308.30000000,1308.40000000,20852.0000,mstock
2026-09-03 14:50:00,1308.60000000,1308.90000000,1308.60000000,1308.60000000,20023.0000,mstock
2026-09-03 14:51:00,1308.60000000,1308.70000000,1308.60000000,1308.60000000,14751.0000,mstock
2026-09-03 14:52:00,1308.80000000,1309.00000000,1308.50000000,1308.60000000,37399.0000,mstock
2026-09-03 14:53:00,1308.60000000,1308.70000000,1308.50000000,1308.70000000,20346.0000,mstock
2026-09-03 14:54:00,1308.70000000,1308.80000000,1308.40000000,1308.60000000,15738.0000,mstock
2026-09-03 14:55:00,1308.40000000,1308.80000000,1308.40000000,1308.60000000,12822.0000,mstock
2026-09-03 14:56:00,1308.80000000,1308.80000000,1308.50000000,1308.70000000,13607.0000,mstock
2026-09-03 14:57:00,1308.70000000,1312.00000000,1308.60000000,1311.60000000,129541.0000,mstock
2026-09-03 14:58:00,1311.60000000,1312.00000000,1310.00000000,1310.10000000,63111.0000,mstock
2026-09-03 14:59:00,1310.00000000,1311.90000000,1310.00000000,1311.10000000,85592.0000,mstock
2026-09-03 15:00:00,1311.00000000,1311.70000000,1310.10000000,1311.00000000,31721.0000,mstock
2026-09-03 15:01:00,1310.80000000,1311.80000000,1310.30000000,1311.00000000,44899.0000,mstock
2026-09-03 15:02:00,1310.70000000,1311.10000000,1310.20000000,1311.00000000,12291.0000,mstock
2026-09-03 15:03:00,1311.00000000,1311.20000000,1310.60000000,1310.80000000,20423.0000,mstock
2026-09-03 15:04:00,1310.70000000,1310.80000000,1310.20000000,1310.20000000,22628.0000,mstock
2026-09-03 15:05:00,1310.50000000,1310.80000000,1309.00000000,1310.70000000,53900.0000,mstock
2026-09-03 15:06:00,1310.80000000,1311.10000000,1309.50000000,1309.60000000,48174.0000,mstock
2026-09-03 15:07:00,1309.50000000,1310.00000000,1309.50000000,1309.50000000,19373.0000,mstock
2026-09-03 15:08:00,1309.50000000,1309.70000000,1309.00000000,1309.00000000,29757.0000,mstock
2026-09-03 15:09:00,1309.90000000,1310.70000000,1309.80000000,1310.40000000,43356.0000,mstock
2026-09-03 15:10:00,1310.30000000,1311.60000000,1310.00000000,1311.60000000,67054.0000,mstock
2026-09-03 15:11:00,1311.70000000,1311.70000000,1309.10000000,1310.80000000,97185.0000,mstock
2026-09-03 15:12:00,1310.80000000,1310.90000000,1308.90000000,1309.30000000,106409.0000,mstock
2026-09-03 15:13:00,1309.40000000,1309.50000000,1309.10000000,1309.20000000,80110.0000,mstock
2026-09-03 15:14:00,1309.20000000,1309.20000000,1308.70000000,1309.00000000,84901.0000,mstock
2026-09-03 15:15:00,1309.10000000,1309.10000000,1309.10000000,1309.10000000,503.0000,mstock
2026-09-03 15:20:00,1309.10000000,1309.10000000,1309.10000000,1309.10000000,0.0000,mstock
2026-09-03 15:21:00,1309.10000000,1309.10000000,1309.10000000,1309.10000000,7798.0000,mstock
2026-09-03 15:22:00,1309.10000000,1309.10000000,1309.10000000,1309.10000000,25851.0000,mstock
2026-09-03 15:23:00,1309.10000000,1309.10000000,1309.10000000,1309.10000000,34084.0000,mstock
2026-09-03 15:24:00,1309.10000000,1309.10000000,1309.10000000,1309.10000000,1113.0000,mstock
2026-09-03 15:25:00,1309.10000000,1309.10000000,1309.10000000,1309.10000000,0.0000,mstock
2026-09-03 15:26:00,1309.10000000,1309.10000000,1309.10000000,1309.10000000,2012.0000,mstock
2026-09-03 15:27:00,1309.10000000,1309.10000000,1309.10000000,1309.10000000,889.0000,mstock
2026-09-03 15:28:00,1309.10000000,1309.10000000,1309.10000000,1309.10000000,2691.0000,mstock
2026-09-03 15:29:00,1302.50000000,1302.50000000,1302.50000000,1302.50000000,9026830.0000,mstock
2026-09-08 09:15:00,1304.10000000,1306.80000000,1300.00000000,1301.00000000,124393.0000,mstock
2026-09-08 09:16:00,1300.80000000,1303.70000000,1300.00000000,1303.30000000,51590.0000,mstock
2026-09-08 09:17:00,1303.30000000,1304.80000000,1303.30000000,1304.00000000,26663.0000,mstock
2026-09-08 09:18:00,1304.10000000,1304.20000000,1303.00000000,1303.50000000,15090.0000,mstock
2026-09-08 09:19:00,1303.30000000,1303.70000000,1303.00000000,1303.40000000,13608.0000,mstock
2026-09-08 09:20:00,1303.10000000,1303.40000000,1302.60000000,1302.60000000,11790.0000,mstock
2026-09-08 09:21:00,1302.80000000,1302.80000000,1300.70000000,1301.10000000,26055.0000,mstock
2026-09-08 09:22:00,1300.90000000,1300.90000000,1299.70000000,1300.70000000,52773.0000,mstock
2026-09-08 09:23:00,1300.50000000,1300.80000000,1300.20000000,1300.60000000,16947.0000,mstock
2026-09-08 09:24:00,1300.50000000,1300.50000000,1300.20000000,1300.50000000,9164.0000,mstock
2026-09-08 09:25:00,1300.40000000,1300.40000000,1299.20000000,1299.60000000,27801.0000,mstock
2026-09-08 09:26:00,1299.50000000,1299.50000000,1298.60000000,1298.60000000,20471.0000,mstock
2026-09-08 09:27:00,1298.60000000,1299.40000000,1298.40000000,1298.80000000,28511.0000,mstock
2026-09-08 09:28:00,1298.80000000,1298.80000000,1298.20000000,1298.70000000,13372.0000,mstock
2026-09-08 09:29:00,1298.80000000,1299.80000000,1298.50000000,1299.20000000,28190.0000,mstock
2026-09-08 09:30:00,1299.20000000,1299.50000000,1298.50000000,1298.90000000,21248.0000,mstock
2026-09-08 09:31:00,1299.10000000,1300.90000000,1298.90000000,1300.90000000,29706.0000,mstock
2026-09-08 09:32:00,1300.90000000,1301.50000000,1300.50000000,1301.30000000,19952.0000,mstock
2026-09-08 09:33:00,1301.30000000,1301.80000000,1301.00000000,1301.70000000,27739.0000,mstock
2026-09-08 09:34:00,1301.70000000,1302.00000000,1301.40000000,1301.70000000,35153.0000,mstock
2026-09-08 09:35:00,1301.70000000,1302.20000000,1301.20000000,1301.60000000,25212.0000,mstock
2026-09-08 09:36:00,1301.60000000,1301.60000000,1301.20000000,1301.30000000,11785.0000,mstock
2026-09-08 09:37:00,1301.30000000,1301.80000000,1301.20000000,1301.50000000,25738.0000,mstock
2026-09-08 09:38:00,1301.80000000,1301.80000000,1301.20000000,1301.70000000,10949.0000,mstock
2026-09-08 09:39:00,1301.60000000,1301.80000000,1301.40000000,1301.50000000,10583.0000,mstock
2026-09-08 09:40:00,1301.50000000,1301.50000000,1301.00000000,1301.40000000,9563.0000,mstock
2026-09-08 09:41:00,1301.40000000,1301.40000000,1301.10000000,1301.10000000,12490.0000,mstock
2026-09-08 09:42:00,1301.30000000,1302.50000000,1301.20000000,1302.50000000,29076.0000,mstock
2026-09-08 09:43:00,1302.10000000,1302.50000000,1301.90000000,1302.10000000,21875.0000,mstock
2026-09-08 09:44:00,1302.10000000,1302.50000000,1302.00000000,1302.00000000,12549.0000,mstock
2026-09-08 09:45:00,1302.30000000,1303.90000000,1302.30000000,1303.30000000,42380.0000,mstock
2026-09-08 09:46:00,1303.80000000,1303.80000000,1302.00000000,1302.20000000,12889.0000,mstock
2026-09-08 09:47:00,1302.20000000,1302.30000000,1301.50000000,1301.90000000,8305.0000,mstock
2026-09-08 09:48:00,1301.90000000,1301.90000000,1301.40000000,1301.50000000,11482.0000,mstock
2026-09-08 09:49:00,1301.50000000,1302.10000000,1301.40000000,1302.10000000,9560.0000,mstock
2026-09-08 09:50:00,1302.10000000,1302.40000000,1302.00000000,1302.20000000,11594.0000,mstock
2026-09-08 09:51:00,1302.20000000,1302.30000000,1301.50000000,1301.50000000,16048.0000,mstock
2026-09-08 09:52:00,1301.70000000,1301.70000000,1300.30000000,1300.30000000,23875.0000,mstock
2026-09-08 09:53:00,1300.30000000,1300.70000000,1300.30000000,1300.70000000,8806.0000,mstock
2026-09-08 09:54:00,1300.50000000,1301.60000000,1300.50000000,1301.50000000,28273.0000,mstock
2026-09-08 09:55:00,1301.50000000,1301.50000000,1300.50000000,1300.50000000,7464.0000,mstock
2026-09-08 09:56:00,1300.90000000,1301.10000000,1300.40000000,1300.70000000,9236.0000,mstock
2026-09-08 09:57:00,1301.00000000,1301.00000000,1300.70000000,1300.90000000,8305.0000,mstock
2026-09-08 09:58:00,1301.00000000,1301.80000000,1300.70000000,1301.00000000,16131.0000,mstock
2026-09-08 09:59:00,1300.90000000,1301.70000000,1300.50000000,1301.40000000,18849.0000,mstock
2026-09-08 10:00:00,1301.10000000,1301.60000000,1301.10000000,1301.50000000,10551.0000,mstock
2026-09-08 10:01:00,1301.50000000,1301.50000000,1301.10000000,1301.30000000,11681.0000,mstock
2026-09-08 10:02:00,1301.30000000,1301.30000000,1301.10000000,1301.30000000,3596.0000,mstock
2026-09-08 10:03:00,1301.30000000,1301.40000000,1301.00000000,1301.20000000,15019.0000,mstock
2026-09-08 10:04:00,1301.20000000,1301.20000000,1300.90000000,1301.20000000,3696.0000,mstock
2026-09-08 10:05:00,1301.20000000,1301.20000000,1300.40000000,1300.80000000,5216.0000,mstock
2026-09-08 10:06:00,1300.80000000,1300.80000000,1300.20000000,1300.20000000,9819.0000,mstock
2026-09-08 10:07:00,1300.50000000,1301.00000000,1300.10000000,1301.00000000,19366.0000,mstock
2026-09-08 10:08:00,1301.00000000,1301.30000000,1300.40000000,1301.00000000,17041.0000,mstock
2026-09-08 10:09:00,1301.00000000,1301.30000000,1300.50000000,1301.00000000,6612.0000,mstock
2026-09-08 10:10:00,1301.00000000,1301.00000000,1300.30000000,1300.50000000,3437.0000,mstock
2026-09-08 10:11:00,1300.20000000,1301.10000000,1300.20000000,1300.50000000,18067.0000,mstock
2026-09-08 10:12:00,1300.40000000,1300.70000000,1300.20000000,1300.50000000,6057.0000,mstock
2026-09-08 10:13:00,1300.50000000,1301.10000000,1300.50000000,1301.10000000,12542.0000,mstock
2026-09-08 10:14:00,1301.10000000,1301.90000000,1300.70000000,1301.30000000,11313.0000,mstock
2026-09-08 10:15:00,1301.90000000,1302.10000000,1301.10000000,1301.10000000,24325.0000,mstock
2026-09-08 10:16:00,1301.00000000,1301.10000000,1300.60000000,1300.90000000,5357.0000,mstock
2026-09-08 10:17:00,1300.90000000,1300.90000000,1300.70000000,1300.90000000,4163.0000,mstock
2026-09-08 10:18:00,1300.70000000,1300.70000000,1300.10000000,1300.30000000,11122.0000,mstock
2026-09-08 10:19:00,1300.20000000,1300.60000000,1300.20000000,1300.50000000,22068.0000,mstock
2026-09-08 10:20:00,1300.40000000,1301.10000000,1300.30000000,1300.50000000,52712.0000,mstock
2026-09-08 10:21:00,1300.40000000,1301.10000000,1300.00000000,1301.10000000,14633.0000,mstock
2026-09-08 10:22:00,1301.10000000,1301.10000000,1300.70000000,1300.70000000,8898.0000,mstock
2026-09-08 10:23:00,1301.00000000,1301.90000000,1301.00000000,1301.80000000,10519.0000,mstock
2026-09-08 10:24:00,1301.80000000,1302.00000000,1301.70000000,1302.00000000,9566.0000,mstock
2026-09-08 10:25:00,1301.90000000,1301.90000000,1301.20000000,1301.30000000,12723.0000,mstock
2026-09-08 10:26:00,1301.30000000,1301.30000000,1300.80000000,1300.80000000,11140.0000,mstock
2026-09-08 10:27:00,1300.60000000,1301.20000000,1300.60000000,1300.90000000,6035.0000,mstock
2026-09-08 10:28:00,1301.20000000,1302.00000000,1301.10000000,1302.00000000,9672.0000,mstock
2026-09-08 10:29:00,1301.90000000,1302.00000000,1300.60000000,1300.80000000,20849.0000,mstock
2026-09-08 10:30:00,1300.80000000,1301.50000000,1300.70000000,1301.40000000,11502.0000,mstock
2026-09-08 10:31:00,1301.40000000,1301.90000000,1301.10000000,1301.10000000,39105.0000,mstock
2026-09-08 10:32:00,1301.20000000,1301.40000000,1300.80000000,1301.00000000,9567.0000,mstock
2026-09-08 10:33:00,1301.00000000,1301.10000000,1300.90000000,1301.10000000,2685.0000,mstock
2026-09-08 10:34:00,1301.00000000,1301.40000000,1300.70000000,1301.00000000,18315.0000,mstock
2026-09-08 10:35:00,1301.00000000,1301.30000000,1300.80000000,1301.00000000,4744.0000,mstock
2026-09-08 10:36:00,1300.90000000,1300.90000000,1299.40000000,1299.80000000,40109.0000,mstock
2026-09-08 10:37:00,1299.80000000,1299.80000000,1298.50000000,1298.80000000,30333.0000,mstock
2026-09-08 10:38:00,1298.80000000,1298.80000000,1297.20000000,1298.00000000,87221.0000,mstock
2026-09-08 10:39:00,1298.00000000,1298.00000000,1297.30000000,1297.60000000,20601.0000,mstock
2026-09-08 10:40:00,1297.60000000,1297.60000000,1297.00000000,1297.50000000,18059.0000,mstock
2026-09-08 10:41:00,1297.50000000,1298.40000000,1297.50000000,1298.10000000,35721.0000,mstock
2026-09-08 10:42:00,1297.80000000,1298.40000000,1297.80000000,1298.40000000,10139.0000,mstock
2026-09-08 10:43:00,1298.40000000,1298.70000000,1298.10000000,1298.30000000,9153.0000,mstock
2026-09-08 10:44:00,1298.40000000,1298.40000000,1297.50000000,1297.50000000,20521.0000,mstock
2026-09-08 10:45:00,1297.50000000,1297.80000000,1297.20000000,1297.30000000,15105.0000,mstock
2026-09-08 10:46:00,1297.50000000,1298.30000000,1297.30000000,1298.20000000,27469.0000,mstock
2026-09-08 10:47:00,1298.30000000,1298.30000000,1297.50000000,1298.00000000,15000.0000,mstock
2026-09-08 10:48:00,1298.10000000,1298.40000000,1298.00000000,1298.40000000,12016.0000,mstock
2026-09-08 10:49:00,1298.30000000,1298.90000000,1298.30000000,1298.80000000,32046.0000,mstock
2026-09-08 10:50:00,1298.80000000,1300.10000000,1298.30000000,1299.50000000,94991.0000,mstock
2026-09-08 10:51:00,1299.30000000,1299.50000000,1298.30000000,1298.70000000,29602.0000,mstock
2026-09-08 10:52:00,1298.60000000,1298.90000000,1298.20000000,1298.50000000,18423.0000,mstock
2026-09-08 10:53:00,1298.50000000,1298.50000000,1298.00000000,1298.30000000,7283.0000,mstock
2026-09-08 10:54:00,1298.30000000,1298.30000000,1297.20000000,1297.20000000,76808.0000,mstock
2026-09-08 10:55:00,1297.40000000,1297.40000000,1296.00000000,1296.00000000,76466.0000,mstock
2026-09-08 10:56:00,1296.00000000,1296.80000000,1296.00000000,1296.50000000,13649.0000,mstock
2026-09-08 10:57:00,1296.20000000,1296.40000000,1295.40000000,1295.60000000,92164.0000,mstock
2026-09-08 10:58:00,1295.90000000,1295.90000000,1295.20000000,1295.50000000,17154.0000,mstock
2026-09-08 10:59:00,1295.50000000,1295.70000000,1295.20000000,1295.20000000,9440.0000,mstock
2026-09-08 11:00:00,1295.60000000,1295.70000000,1295.50000000,1295.60000000,9135.0000,mstock
2026-09-08 11:01:00,1295.40000000,1295.40000000,1295.10000000,1295.20000000,14868.0000,mstock
2026-09-08 11:02:00,1295.40000000,1295.60000000,1295.30000000,1295.40000000,7712.0000,mstock
2026-09-08 11:03:00,1295.50000000,1295.70000000,1294.80000000,1294.80000000,66468.0000,mstock
2026-09-08 11:04:00,1294.80000000,1294.90000000,1294.10000000,1294.50000000,40471.0000,mstock
2026-09-08 11:05:00,1294.50000000,1294.90000000,1294.40000000,1294.80000000,17313.0000,mstock
2026-09-08 11:06:00,1294.80000000,1294.90000000,1293.60000000,1294.00000000,31562.0000,mstock
2026-09-08 11:07:00,1294.10000000,1294.20000000,1293.10000000,1293.20000000,29170.0000,mstock
2026-09-08 11:08:00,1293.20000000,1295.00000000,1293.00000000,1294.80000000,62080.0000,mstock
2026-09-08 11:09:00,1294.70000000,1294.90000000,1293.20000000,1293.80000000,53770.0000,mstock
2026-09-08 11:10:00,1293.60000000,1294.40000000,1293.60000000,1294.30000000,43954.0000,mstock
2026-09-08 11:11:00,1294.10000000,1294.80000000,1293.90000000,1294.60000000,18243.0000,mstock
2026-09-08 11:12:00,1294.50000000,1294.70000000,1294.30000000,1294.40000000,10252.0000,mstock
2026-09-08 11:13:00,1294.50000000,1295.20000000,1294.30000000,1295.10000000,10762.0000,mstock
2026-09-08 11:14:00,1295.00000000,1295.10000000,1294.10000000,1294.60000000,19507.0000,mstock
2026-09-08 11:15:00,1294.60000000,1294.80000000,1294.00000000,1294.40000000,16703.0000,mstock
2026-09-08 11:16:00,1294.40000000,1295.50000000,1294.30000000,1295.50000000,34778.0000,mstock
2026-09-08 11:17:00,1295.50000000,1296.00000000,1294.30000000,1294.80000000,60849.0000,mstock
2026-09-08 11:18:00,1294.80000000,1295.00000000,1294.30000000,1294.50000000,10111.0000,mstock
2026-09-08 11:19:00,1294.50000000,1294.70000000,1294.40000000,1294.70000000,10172.0000,mstock
2026-09-08 11:20:00,1294.70000000,1294.80000000,1294.60000000,1294.60000000,6997.0000,mstock
2026-09-08 11:21:00,1294.70000000,1294.80000000,1294.60000000,1294.80000000,6147.0000,mstock
2026-09-08 11:22:00,1294.70000000,1294.70000000,1293.60000000,1293.60000000,19093.0000,mstock
2026-09-08 11:23:00,1293.60000000,1293.90000000,1293.30000000,1293.60000000,7727.0000,mstock
2026-09-08 11:24:00,1293.60000000,1293.60000000,1293.40000000,1293.60000000,9185.0000,mstock
2026-09-08 11:25:00,1293.60000000,1294.80000000,1293.50000000,1294.40000000,94320.0000,mstock
2026-09-08 11:26:00,1294.40000000,1295.00000000,1294.10000000,1294.30000000,12409.0000,mstock
2026-09-08 11:27:00,1294.50000000,1295.20000000,1294.50000000,1295.10000000,23466.0000,mstock
2026-09-08 11:28:00,1295.70000000,1295.80000000,1294.70000000,1294.90000000,61763.0000,mstock
2026-09-08 11:29:00,1294.70000000,1294.90000000,1294.20000000,1294.20000000,68570.0000,mstock
2026-09-08 11:30:00,1294.60000000,1295.10000000,1293.80000000,1294.70000000,74171.0000,mstock
2026-09-08 11:31:00,1294.70000000,1295.80000000,1294.30000000,1295.00000000,56940.0000,mstock
2026-09-08 11:32:00,1295.00000000,1295.20000000,1294.70000000,1295.20000000,9824.0000,mstock
2026-09-08 11:33:00,1295.20000000,1295.30000000,1295.00000000,1295.30000000,11085.0000,mstock
2026-09-08 11:34:00,1295.30000000,1295.30000000,1295.10000000,1295.20000000,13658.0000,mstock
2026-09-08 11:35:00,1295.20000000,1295.80000000,1294.90000000,1295.30000000,86588.0000,mstock
2026-09-08 11:36:00,1295.00000000,1295.20000000,1294.70000000,1294.90000000,13544.0000,mstock
2026-09-08 11:37:00,1295.00000000,1295.00000000,1294.80000000,1294.80000000,10685.0000,mstock
2026-09-08 11:38:00,1294.90000000,1294.90000000,1294.10000000,1294.50000000,25046.0000,mstock
2026-09-08 11:39:00,1294.30000000,1294.80000000,1294.00000000,1294.10000000,34109.0000,mstock
2026-09-08 11:40:00,1294.30000000,1295.00000000,1294.10000000,1294.90000000,14723.0000,mstock
2026-09-08 11:41:00,1294.90000000,1294.90000000,1294.10000000,1294.10000000,13250.0000,mstock
2026-09-08 11:42:00,1294.40000000,1294.80000000,1293.10000000,1293.50000000,24555.0000,mstock
2026-09-08 11:43:00,1293.50000000,1293.80000000,1293.20000000,1293.50000000,5123.0000,mstock
2026-09-08 11:44:00,1293.60000000,1293.60000000,1292.50000000,1293.10000000,87131.0000,mstock
2026-09-08 11:45:00,1292.70000000,1293.10000000,1292.10000000,1292.60000000,30610.0000,mstock
2026-09-08 11:46:00,1292.60000000,1292.90000000,1292.20000000,1292.50000000,16971.0000,mstock
2026-09-08 11:47:00,1292.60000000,1292.80000000,1292.30000000,1292.50000000,36014.0000,mstock
2026-09-08 11:48:00,1292.50000000,1293.10000000,1292.10000000,1293.00000000,54912.0000,mstock
2026-09-08 11:49:00,1293.10000000,1293.10000000,1291.10000000,1291.20000000,39115.0000,mstock
2026-09-08 11:50:00,1291.30000000,1291.30000000,1290.30000000,1290.90000000,58937.0000,mstock
2026-09-08 11:51:00,1290.90000000,1291.80000000,1290.80000000,1291.80000000,15419.0000,mstock
2026-09-08 11:52:00,1291.80000000,1292.10000000,1291.40000000,1291.90000000,11376.0000,mstock
2026-09-08 11:53:00,1291.80000000,1292.10000000,1291.30000000,1291.70000000,15040.0000,mstock
2026-09-08 11:54:00,1291.70000000,1292.00000000,1291.50000000,1291.90000000,14400.0000,mstock
2026-09-08 11:55:00,1292.00000000,1292.00000000,1291.40000000,1291.80000000,27201.0000,mstock
2026-09-08 11:56:00,1291.80000000,1291.80000000,1291.00000000,1291.30000000,13454.0000,mstock
2026-09-08 11:57:00,1291.10000000,1291.30000000,1291.00000000,1291.30000000,9688.0000,mstock
2026-09-08 11:58:00,1291.30000000,1291.80000000,1291.00000000,1291.50000000,21557.0000,mstock
2026-09-08 11:59:00,1291.50000000,1291.70000000,1291.00000000,1291.40000000,12781.0000,mstock
2026-09-08 12:00:00,1291.40000000,1291.50000000,1291.30000000,1291.50000000,12543.0000,mstock
2026-09-08 12:01:00,1291.60000000,1291.60000000,1290.40000000,1290.90000000,49791.0000,mstock
2026-09-08 12:02:00,1290.80000000,1291.20000000,1290.80000000,1291.20000000,26085.0000,mstock
2026-09-08 12:03:00,1291.20000000,1291.30000000,1290.70000000,1290.90000000,16030.0000,mstock
2026-09-08 12:04:00,1291.20000000,1291.30000000,1290.90000000,1291.20000000,4696.0000,mstock
2026-09-08 12:05:00,1291.10000000,1291.20000000,1290.90000000,1291.10000000,13501.0000,mstock
2026-09-08 12:06:00,1291.10000000,1291.40000000,1291.10000000,1291.20000000,11859.0000,mstock
2026-09-08 12:07:00,1291.40000000,1291.50000000,1291.10000000,1291.50000000,18979.0000,mstock
2026-09-08 12:08:00,1291.50000000,1291.60000000,1291.00000000,1291.30000000,9149.0000,mstock
2026-09-08 12:09:00,1291.30000000,1291.30000000,1291.10000000,1291.30000000,10323.0000,mstock
2026-09-08 12:10:00,1291.20000000,1291.40000000,1291.20000000,1291.40000000,4669.0000,mstock
2026-09-08 12:11:00,1291.30000000,1291.50000000,1290.90000000,1291.40000000,21461.0000,mstock
2026-09-08 12:12:00,1291.20000000,1291.60000000,1291.20000000,1291.20000000,13014.0000,mstock
2026-09-08 12:13:00,1291.30000000,1291.60000000,1291.20000000,1291.30000000,9025.0000,mstock
2026-09-08 12:14:00,1291.00000000,1291.30000000,1290.70000000,1291.00000000,14415.0000,mstock
2026-09-08 12:15:00,1291.10000000,1291.20000000,1290.70000000,1291.10000000,16505.0000,mstock
2026-09-08 12:16:00,1291.00000000,1291.20000000,1290.80000000,1291.20000000,8755.0000,mstock
2026-09-08 12:17:00,1291.20000000,1291.20000000,1291.00000000,1291.20000000,8052.0000,mstock
2026-09-08 12:18:00,1291.20000000,1291.20000000,1291.00000000,1291.20000000,6031.0000,mstock
2026-09-08 12:19:00,1291.10000000,1291.30000000,1291.10000000,1291.30000000,12146.0000,mstock
2026-09-08 12:20:00,1291.30000000,1291.50000000,1290.80000000,1291.30000000,37151.0000,mstock
2026-09-08 12:21:00,1291.30000000,1291.40000000,1290.90000000,1291.10000000,8906.0000,mstock
2026-09-08 12:22:00,1291.10000000,1291.20000000,1290.80000000,1291.00000000,8665.0000,mstock
2026-09-08 12:23:00,1291.10000000,1292.10000000,1291.00000000,1291.80000000,36606.0000,mstock
2026-09-08 12:24:00,1291.70000000,1292.70000000,1291.40000000,1292.00000000,73120.0000,mstock
2026-09-08 12:25:00,1292.00000000,1292.40000000,1291.70000000,1292.20000000,8573.0000,mstock
2026-09-08 12:26:00,1292.20000000,1292.20000000,1291.20000000,1291.70000000,37261.0000,mstock
2026-09-08 12:27:00,1291.50000000,1291.90000000,1291.20000000,1291.80000000,11163.0000,mstock
2026-09-08 12:28:00,1291.50000000,1291.80000000,1291.50000000,1291.80000000,6309.0000,mstock
2026-09-08 12:29:00,1291.80000000,1292.00000000,1291.50000000,1292.00000000,18055.0000,mstock
2026-09-08 12:30:00,1291.90000000,1292.20000000,1291.90000000,1292.20000000,12457.0000,mstock
2026-09-08 12:31:00,1292.20000000,1292.20000000,1291.90000000,1292.10000000,11477.0000,mstock
2026-09-08 12:32:00,1292.10000000,1292.80000000,1292.00000000,1292.30000000,31418.0000,mstock
2026-09-08 12:33:00,1292.30000000,1292.50000000,1292.00000000,1292.50000000,12288.0000,mstock
2026-09-08 12:34:00,1292.50000000,1292.60000000,1292.40000000,1292.60000000,11265.0000,mstock
2026-09-08 12:35:00,1292.70000000,1293.10000000,1292.70000000,1292.80000000,25407.0000,mstock
2026-09-08 12:36:00,1292.80000000,1293.80000000,1292.60000000,1293.60000000,23728.0000,mstock
2026-09-08 12:37:00,1293.60000000,1293.80000000,1293.30000000,1293.70000000,11766.0000,mstock
2026-09-08 12:38:00,1293.70000000,1293.80000000,1293.00000000,1293.50000000,23869.0000,mstock
2026-09-08 12:39:00,1293.40000000,1293.60000000,1292.90000000,1293.50000000,14734.0000,mstock
2026-09-08 12:40:00,1293.50000000,1293.90000000,1293.40000000,1293.60000000,12600.0000,mstock
2026-09-08 12:41:00,1293.60000000,1294.30000000,1293.50000000,1294.10000000,31698.0000,mstock
2026-09-08 12:42:00,1293.80000000,1294.20000000,1293.80000000,1294.20000000,11908.0000,mstock
2026-09-08 12:43:00,1294.20000000,1294.20000000,1293.70000000,1293.90000000,10446.0000,mstock
2026-09-08 12:44:00,1293.90000000,1294.30000000,1293.80000000,1294.10000000,5266.0000,mstock
2026-09-08 12:45:00,1294.30000000,1294.30000000,1293.40000000,1293.90000000,18614.0000,mstock
2026-09-08 12:46:00,1293.90000000,1293.90000000,1293.30000000,1293.60000000,9743.0000,mstock
2026-09-08 12:47:00,1293.60000000,1293.80000000,1293.10000000,1293.20000000,7973.0000,mstock
2026-09-08 12:48:00,1293.10000000,1293.20000000,1292.50000000,1292.80000000,11197.0000,mstock
2026-09-08 12:49:00,1292.80000000,1293.80000000,1292.50000000,1293.80000000,17742.0000,mstock
2026-09-08 12:50:00,1293.20000000,1293.70000000,1293.10000000,1293.50000000,4778.0000,mstock
2026-09-08 12:51:00,1293.60000000,1293.70000000,1293.00000000,1293.00000000,8765.0000,mstock
2026-09-08 12:52:00,1293.20000000,1293.20000000,1292.80000000,1292.90000000,5896.0000,mstock
2026-09-08 12:53:00,1292.90000000,1293.00000000,1292.30000000,1292.90000000,42677.0000,mstock
2026-09-08 12:54:00,1292.70000000,1293.50000000,1292.70000000,1293.20000000,15662.0000,mstock
2026-09-08 12:55:00,1293.10000000,1293.30000000,1293.00000000,1293.10000000,11245.0000,mstock
2026-09-08 12:56:00,1293.20000000,1293.20000000,1292.60000000,1293.00000000,9044.0000,mstock
2026-09-08 12:57:00,1293.00000000,1293.00000000,1292.80000000,1293.00000000,5823.0000,mstock
2026-09-08 12:58:00,1292.90000000,1292.90000000,1292.30000000,1292.70000000,11406.0000,mstock
2026-09-08 12:59:00,1292.80000000,1292.90000000,1292.60000000,1292.80000000,11910.0000,mstock
2026-09-08 13:00:00,1292.90000000,1292.90000000,1292.70000000,1292.70000000,17378.0000,mstock
2026-09-08 13:01:00,1292.70000000,1292.70000000,1292.20000000,1292.50000000,5191.0000,mstock
2026-09-08 13:02:00,1292.50000000,1292.50000000,1292.00000000,1292.20000000,11498.0000,mstock
2026-09-08 13:03:00,1292.20000000,1292.20000000,1291.60000000,1292.00000000,13792.0000,mstock
2026-09-08 13:04:00,1292.00000000,1292.00000000,1291.60000000,1291.60000000,7594.0000,mstock
2026-09-08 13:05:00,1291.60000000,1292.00000000,1291.60000000,1292.00000000,14463.0000,mstock
2026-09-08 13:06:00,1291.90000000,1292.20000000,1291.50000000,1292.00000000,15135.0000,mstock
2026-09-08 13:07:00,1292.00000000,1292.20000000,1291.90000000,1292.00000000,7765.0000,mstock
2026-09-08 13:08:00,1291.90000000,1292.30000000,1291.50000000,1291.70000000,15232.0000,mstock
2026-09-08 13:09:00,1291.60000000,1292.00000000,1291.60000000,1291.90000000,7413.0000,mstock
2026-09-08 13:10:00,1291.90000000,1292.10000000,1291.70000000,1291.90000000,8900.0000,mstock
2026-09-08 13:11:00,1291.90000000,1291.90000000,1291.60000000,1291.80000000,5812.0000,mstock
2026-09-08 13:12:00,1291.80000000,1291.80000000,1291.60000000,1291.80000000,8101.0000,mstock
2026-09-08 13:13:00,1291.80000000,1291.80000000,1291.70000000,1291.80000000,3650.0000,mstock
2026-09-08 13:14:00,1291.80000000,1292.10000000,1291.70000000,1292.10000000,11329.0000,mstock
2026-09-08 13:15:00,1292.10000000,1292.10000000,1292.00000000,1292.10000000,14733.0000,mstock
2026-09-08 13:16:00,1292.10000000,1292.10000000,1291.70000000,1292.10000000,7639.0000,mstock
2026-09-08 13:17:00,1292.10000000,1292.10000000,1292.00000000,1292.00000000,6052.0000,mstock
2026-09-08 13:18:00,1292.00000000,1292.10000000,1292.00000000,1292.10000000,6136.0000,mstock
2026-09-08 13:19:00,1292.10000000,1292.40000000,1292.10000000,1292.40000000,9623.0000,mstock
2026-09-08 13:20:00,1292.40000000,1292.40000000,1292.30000000,1292.30000000,5993.0000,mstock
2026-09-08 13:21:00,1292.30000000,1292.50000000,1292.30000000,1292.40000000,6230.0000,mstock
2026-09-08 13:22:00,1292.30000000,1292.50000000,1292.10000000,1292.30000000,27430.0000,mstock
2026-09-08 13:23:00,1292.40000000,1292.40000000,1292.30000000,1292.30000000,5652.0000,mstock
2026-09-08 13:24:00,1292.30000000,1292.50000000,1292.20000000,1292.50000000,4861.0000,mstock
2026-09-08 13:25:00,1292.40000000,1292.50000000,1292.30000000,1292.30000000,7378.0000,mstock
2026-09-08 13:26:00,1292.40000000,1292.40000000,1292.30000000,1292.40000000,5764.0000,mstock
2026-09-08 13:27:00,1292.30000000,1292.40000000,1292.10000000,1292.20000000,20077.0000,mstock
2026-09-08 13:28:00,1292.10000000,1292.20000000,1292.10000000,1292.10000000,7198.0000,mstock
2026-09-08 13:29:00,1292.10000000,1292.30000000,1292.10000000,1292.20000000,8734.0000,mstock
2026-09-08 13:30:00,1292.20000000,1292.40000000,1292.10000000,1292.40000000,8653.0000,mstock
2026-09-08 13:31:00,1292.20000000,1292.20000000,1291.40000000,1291.80000000,19173.0000,mstock
2026-09-08 13:32:00,1291.80000000,1291.80000000,1291.40000000,1291.70000000,7201.0000,mstock
2026-09-08 13:33:00,1291.70000000,1291.80000000,1291.30000000,1291.70000000,14210.0000,mstock
2026-09-08 13:34:00,1291.70000000,1292.10000000,1291.70000000,1292.10000000,9493.0000,mstock
2026-09-08 13:35:00,1292.20000000,1292.20000000,1291.80000000,1291.80000000,7050.0000,mstock
2026-09-08 13:36:00,1292.20000000,1292.20000000,1291.70000000,1291.80000000,11020.0000,mstock
2026-09-08 13:37:00,1291.80000000,1291.80000000,1291.10000000,1291.80000000,41186.0000,mstock
2026-09-08 13:38:00,1291.80000000,1291.90000000,1291.20000000,1291.20000000,8112.0000,mstock
2026-09-08 13:39:00,1291.50000000,1291.80000000,1291.10000000,1291.80000000,11787.0000,mstock
2026-09-08 13:40:00,1291.80000000,1292.00000000,1291.50000000,1292.00000000,27259.0000,mstock
2026-09-08 13:41:00,1292.00000000,1292.00000000,1291.00000000,1291.80000000,49644.0000,mstock
2026-09-08 13:42:00,1291.60000000,1291.90000000,1291.10000000,1291.70000000,10908.0000,mstock
2026-09-08 13:43:00,1291.60000000,1291.80000000,1291.30000000,1291.60000000,11031.0000,mstock
2026-09-08 13:44:00,1291.60000000,1291.60000000,1291.30000000,1291.30000000,28917.0000,mstock
2026-09-08 13:45:00,1291.10000000,1291.60000000,1290.90000000,1291.50000000,14876.0000,mstock
2026-09-08 13:46:00,1291.40000000,1292.00000000,1291.30000000,1291.90000000,8942.0000,mstock
2026-09-08 13:47:00,1291.70000000,1292.10000000,1291.50000000,1292.10000000,11294.0000,mstock
2026-09-08 13:48:00,1292.30000000,1292.30000000,1291.40000000,1292.20000000,34505.0000,mstock
2026-09-08 13:49:00,1292.20000000,1292.20000000,1291.30000000,1291.70000000,11342.0000,mstock
2026-09-08 13:50:00,1291.60000000,1291.70000000,1291.60000000,1291.70000000,11908.0000,mstock
2026-09-08 13:51:00,1291.70000000,1291.70000000,1289.50000000,1289.70000000,150379.0000,mstock
2026-09-08 13:52:00,1289.40000000,1289.90000000,1289.20000000,1289.80000000,18093.0000,mstock
2026-09-08 13:53:00,1289.70000000,1290.00000000,1289.70000000,1290.00000000,11937.0000,mstock
2026-09-08 13:54:00,1290.00000000,1290.20000000,1289.20000000,1290.00000000,25825.0000,mstock
2026-09-08 13:55:00,1289.90000000,1290.20000000,1289.40000000,1289.80000000,16804.0000,mstock
2026-09-08 13:56:00,1289.80000000,1289.80000000,1289.20000000,1289.80000000,11870.0000,mstock
2026-09-08 13:57:00,1289.80000000,1289.80000000,1288.70000000,1289.50000000,51942.0000,mstock
2026-09-08 13:58:00,1289.50000000,1289.50000000,1288.30000000,1288.50000000,41910.0000,mstock
2026-09-08 13:59:00,1288.50000000,1288.80000000,1288.00000000,1288.50000000,25733.0000,mstock
2026-09-08 14:00:00,1288.50000000,1289.70000000,1288.40000000,1289.60000000,19495.0000,mstock
2026-09-08 14:01:00,1289.60000000,1289.60000000,1289.10000000,1289.40000000,15951.0000,mstock
2026-09-08 14:02:00,1289.40000000,1289.40000000,1288.70000000,1289.30000000,17250.0000,mstock
2026-09-08 14:03:00,1289.20000000,1290.60000000,1289.20000000,1290.50000000,25633.0000,mstock
2026-09-08 14:04:00,1290.40000000,1290.70000000,1289.50000000,1290.00000000,18341.0000,mstock
2026-09-08 14:05:00,1290.00000000,1291.20000000,1290.00000000,1291.20000000,94334.0000,mstock
2026-09-08 14:06:00,1291.10000000,1291.20000000,1290.40000000,1290.70000000,53737.0000,mstock
2026-09-08 14:07:00,1290.60000000,1290.90000000,1290.00000000,1290.10000000,20104.0000,mstock
2026-09-08 14:08:00,1290.00000000,1291.50000000,1290.00000000,1290.30000000,61398.0000,mstock
2026-09-08 14:09:00,1290.20000000,1290.80000000,1290.00000000,1290.70000000,47583.0000,mstock
2026-09-08 14:10:00,1290.70000000,1290.90000000,1290.00000000,1290.40000000,62805.0000,mstock
2026-09-08 14:11:00,1290.40000000,1290.90000000,1290.10000000,1290.70000000,36675.0000,mstock
2026-09-08 14:12:00,1290.70000000,1290.70000000,1290.10000000,1290.50000000,43267.0000,mstock
2026-09-08 14:13:00,1290.50000000,1290.90000000,1290.20000000,1290.70000000,11457.0000,mstock
2026-09-08 14:14:00,1290.50000000,1290.90000000,1290.50000000,1290.60000000,8279.0000,mstock
2026-09-08 14:15:00,1290.50000000,1290.60000000,1290.10000000,1290.50000000,17532.0000,mstock
2026-09-08 14:16:00,1290.50000000,1290.80000000,1290.50000000,1290.70000000,12503.0000,mstock
2026-09-08 14:17:00,1290.90000000,1290.90000000,1290.70000000,1290.80000000,8501.0000,mstock
2026-09-08 14:18:00,1290.80000000,1290.80000000,1290.40000000,1290.50000000,9960.0000,mstock
2026-09-08 14:19:00,1290.50000000,1290.80000000,1290.40000000,1290.60000000,10200.0000,mstock
2026-09-08 14:20:00,1290.50000000,1290.80000000,1290.50000000,1290.80000000,10560.0000,mstock
2026-09-08 14:21:00,1290.80000000,1290.90000000,1290.70000000,1290.80000000,11597.0000,mstock
2026-09-08 14:22:00,1290.80000000,1291.00000000,1290.60000000,1291.00000000,14753.0000,mstock
2026-09-08 14:23:00,1291.00000000,1291.50000000,1290.80000000,1291.50000000,15944.0000,mstock
2026-09-08 14:24:00,1291.50000000,1291.70000000,1291.30000000,1291.60000000,14503.0000,mstock
2026-09-08 14:25:00,1291.60000000,1291.70000000,1291.00000000,1291.30000000,24259.0000,mstock
2026-09-08 14:26:00,1291.00000000,1291.80000000,1291.00000000,1291.80000000,16719.0000,mstock
2026-09-08 14:27:00,1291.60000000,1292.00000000,1291.50000000,1291.80000000,10017.0000,mstock
2026-09-08 14:28:00,1291.80000000,1292.80000000,1291.80000000,1292.40000000,30340.0000,mstock
2026-09-08 14:29:00,1292.80000000,1293.30000000,1292.70000000,1293.30000000,25685.0000,mstock
2026-09-08 14:30:00,1293.30000000,1293.30000000,1292.70000000,1292.70000000,17160.0000,mstock
2026-09-08 14:31:00,1292.70000000,1293.00000000,1292.60000000,1292.80000000,20533.0000,mstock
2026-09-08 14:32:00,1292.90000000,1293.40000000,1292.80000000,1293.10000000,34191.0000,mstock
2026-09-08 14:33:00,1293.00000000,1293.30000000,1293.00000000,1293.30000000,14738.0000,mstock
2026-09-08 14:34:00,1293.20000000,1293.30000000,1292.90000000,1293.00000000,11983.0000,mstock
2026-09-08 14:35:00,1293.10000000,1293.30000000,1292.90000000,1293.30000000,14117.0000,mstock
2026-09-08 14:36:00,1293.40000000,1293.70000000,1293.10000000,1293.70000000,14500.0000,mstock
2026-09-08 14:37:00,1293.60000000,1293.60000000,1293.30000000,1293.60000000,28150.0000,mstock
2026-09-08 14:38:00,1293.60000000,1293.70000000,1293.40000000,1293.50000000,17984.0000,mstock
2026-09-08 14:39:00,1293.50000000,1293.70000000,1293.30000000,1293.60000000,31442.0000,mstock
2026-09-08 14:40:00,1293.60000000,1293.60000000,1293.10000000,1293.30000000,14862.0000,mstock
2026-09-08 14:41:00,1293.30000000,1293.30000000,1293.10000000,1293.20000000,18768.0000,mstock
2026-09-08 14:42:00,1293.30000000,1293.30000000,1292.80000000,1293.30000000,28187.0000,mstock
2026-09-08 14:43:00,1293.30000000,1293.30000000,1293.20000000,1293.30000000,10100.0000,mstock
2026-09-08 14:44:00,1293.10000000,1293.30000000,1292.90000000,1293.30000000,25200.0000,mstock
2026-09-08 14:45:00,1293.30000000,1293.30000000,1293.10000000,1293.30000000,19016.0000,mstock
2026-09-08 14:46:00,1293.30000000,1293.50000000,1292.30000000,1292.60000000,36074.0000,mstock
2026-09-08 14:47:00,1292.40000000,1292.70000000,1291.10000000,1292.40000000,105616.0000,mstock
2026-09-08 14:48:00,1292.50000000,1292.70000000,1291.60000000,1292.00000000,84693.0000,mstock
2026-09-08 14:49:00,1292.00000000,1292.10000000,1291.10000000,1291.10000000,26170.0000,mstock
2026-09-08 14:50:00,1291.00000000,1291.60000000,1291.00000000,1291.40000000,89553.0000,mstock
2026-09-08 14:51:00,1291.40000000,1291.40000000,1291.00000000,1291.10000000,17057.0000,mstock
2026-09-08 14:52:00,1291.10000000,1291.20000000,1291.00000000,1291.20000000,56430.0000,mstock
2026-09-08 14:53:00,1291.20000000,1291.20000000,1289.70000000,1289.90000000,93939.0000,mstock
2026-09-08 14:54:00,1289.70000000,1290.30000000,1289.70000000,1290.20000000,42118.0000,mstock
2026-09-08 14:55:00,1290.10000000,1290.30000000,1288.60000000,1288.90000000,103496.0000,mstock
2026-09-08 14:56:00,1288.90000000,1289.00000000,1288.80000000,1288.90000000,17731.0000,mstock
2026-09-08 14:57:00,1289.00000000,1290.40000000,1288.70000000,1289.80000000,82663.0000,mstock
2026-09-08 14:58:00,1289.90000000,1289.90000000,1289.50000000,1289.80000000,37589.0000,mstock
2026-09-08 14:59:00,1289.80000000,1289.80000000,1289.60000000,1289.60000000,15905.0000,mstock
2026-09-08 15:00:00,1289.50000000,1289.50000000,1289.40000000,1289.50000000,33518.0000,mstock
2026-09-08 15:01:00,1289.50000000,1290.00000000,1289.50000000,1290.00000000,46031.0000,mstock
2026-09-08 15:02:00,1290.00000000,1290.50000000,1289.90000000,1290.30000000,60475.0000,mstock
2026-09-08 15:03:00,1290.30000000,1290.30000000,1289.80000000,1289.80000000,45591.0000,mstock
2026-09-08 15:04:00,1289.80000000,1289.90000000,1289.80000000,1289.90000000,25397.0000,mstock
2026-09-08 15:05:00,1289.90000000,1290.00000000,1289.80000000,1290.00000000,69231.0000,mstock
2026-09-08 15:06:00,1290.20000000,1290.70000000,1290.20000000,1290.40000000,93123.0000,mstock
2026-09-08 15:07:00,1290.40000000,1290.70000000,1290.40000000,1290.70000000,33160.0000,mstock
2026-09-08 15:08:00,1290.70000000,1291.10000000,1290.70000000,1291.10000000,38748.0000,mstock
2026-09-08 15:09:00,1291.10000000,1291.70000000,1290.50000000,1291.70000000,75181.0000,mstock
2026-09-08 15:10:00,1291.60000000,1292.50000000,1291.20000000,1291.70000000,110445.0000,mstock
2026-09-08 15:11:00,1291.70000000,1292.00000000,1291.50000000,1291.70000000,51810.0000,mstock
2026-09-08 15:12:00,1291.70000000,1291.70000000,1290.00000000,1290.90000000,87755.0000,mstock
2026-09-08 15:13:00,1290.90000000,1290.90000000,1289.50000000,1290.60000000,69369.0000,mstock
2026-09-08 15:14:00,1290.40000000,1292.40000000,1290.30000000,1292.00000000,81872.0000,mstock
2026-09-08 15:15:00,1292.00000000,1292.00000000,1292.00000000,1292.00000000,0.0000,mstock
2026-09-08 15:20:00,1292.00000000,1292.00000000,1292.00000000,1292.00000000,0.0000,mstock
2026-09-08 15:21:00,1292.00000000,1292.00000000,1292.00000000,1292.00000000,101201.0000,mstock
2026-09-08 15:22:00,1292.00000000,1292.00000000,1292.00000000,1292.00000000,0.0000,mstock
2026-09-08 15:23:00,1292.00000000,1292.00000000,1292.00000000,1292.00000000,4381.0000,mstock
2026-09-08 15:24:00,1292.00000000,1292.00000000,1292.00000000,1292.00000000,57173.0000,mstock
2026-09-08 15:25:00,1292.00000000,1292.00000000,1292.00000000,1292.00000000,16089.0000,mstock
2026-09-08 15:26:00,1292.00000000,1292.00000000,1292.00000000,1292.00000000,0.0000,mstock
2026-09-08 15:27:00,1292.00000000,1292.00000000,1292.00000000,1292.00000000,155361.0000,mstock
2026-09-08 15:28:00,1292.00000000,1292.00000000,1292.00000000,1292.00000000,333.0000,mstock
2026-09-08 15:29:00,1292.00000000,1294.90000000,1292.00000000,1294.90000000,8862546.0000,mstock
2026-09-09 09:15:00,1283.50000000,1287.40000000,1277.20000000,1279.90000000,312848.0000,mstock
2026-09-09 09:16:00,1279.40000000,1279.60000000,1278.10000000,1279.40000000,113551.0000,mstock
2026-09-09 09:17:00,1279.20000000,1281.80000000,1279.00000000,1281.60000000,96258.0000,mstock
2026-09-09 09:18:00,1281.70000000,1281.80000000,1280.20000000,1280.50000000,86348.0000,mstock
2026-09-09 09:19:00,1280.40000000,1281.50000000,1280.00000000,1281.10000000,72447.0000,mstock
2026-09-09 09:20:00,1281.10000000,1282.80000000,1281.00000000,1282.60000000,52159.0000,mstock
2026-09-09 09:21:00,1283.50000000,1283.70000000,1282.20000000,1282.70000000,105135.0000,mstock
2026-09-09 09:22:00,1282.70000000,1283.00000000,1281.00000000,1281.10000000,67425.0000,mstock
2026-09-09 09:23:00,1281.10000000,1281.60000000,1281.00000000,1281.00000000,57048.0000,mstock
2026-09-09 09:24:00,1281.40000000,1281.70000000,1281.10000000,1281.70000000,90807.0000,mstock
2026-09-09 09:25:00,1281.60000000,1282.00000000,1281.10000000,1282.00000000,63696.0000,mstock
2026-09-09 09:26:00,1281.90000000,1282.10000000,1281.20000000,1281.20000000,38966.0000,mstock
2026-09-09 09:27:00,1281.20000000,1281.50000000,1280.70000000,1281.50000000,62240.0000,mstock
2026-09-09 09:28:00,1281.20000000,1281.20000000,1280.20000000,1280.50000000,94445.0000,mstock
2026-09-09 09:29:00,1280.30000000,1280.70000000,1280.00000000,1280.70000000,53861.0000,mstock
2026-09-09 09:30:00,1280.70000000,1281.50000000,1280.50000000,1281.40000000,47949.0000,mstock
2026-09-09 09:31:00,1281.50000000,1282.40000000,1281.30000000,1282.40000000,39018.0000,mstock
2026-09-09 09:32:00,1282.90000000,1284.40000000,1282.90000000,1283.90000000,54026.0000,mstock
2026-09-09 09:33:00,1283.80000000,1285.60000000,1283.70000000,1285.20000000,49246.0000,mstock
2026-09-09 09:34:00,1285.20000000,1287.40000000,1285.20000000,1285.50000000,94437.0000,mstock
2026-09-09 09:35:00,1285.60000000,1288.70000000,1285.50000000,1286.70000000,67988.0000,mstock
2026-09-09 09:36:00,1286.70000000,1287.00000000,1284.70000000,1285.30000000,43641.0000,mstock
2026-09-09 09:37:00,1285.30000000,1286.40000000,1285.00000000,1285.00000000,25437.0000,mstock
2026-09-09 09:38:00,1285.10000000,1286.00000000,1284.80000000,1285.40000000,31405.0000,mstock
2026-09-09 09:39:00,1285.40000000,1286.30000000,1285.30000000,1285.90000000,37886.0000,mstock
2026-09-09 09:40:00,1285.90000000,1286.70000000,1285.30000000,1286.50000000,55341.0000,mstock
2026-09-09 09:41:00,1286.60000000,1287.60000000,1286.30000000,1287.40000000,47114.0000,mstock
2026-09-09 09:42:00,1287.10000000,1288.30000000,1287.00000000,1287.80000000,83683.0000,mstock
2026-09-09 09:43:00,1287.80000000,1288.80000000,1287.50000000,1288.70000000,75665.0000,mstock
2026-09-09 09:44:00,1288.70000000,1288.90000000,1286.90000000,1288.00000000,53047.0000,mstock
2026-09-09 09:45:00,1288.30000000,1288.30000000,1286.50000000,1288.20000000,128221.0000,mstock
2026-09-09 09:46:00,1288.10000000,1288.10000000,1287.00000000,1287.70000000,24060.0000,mstock
2026-09-09 09:47:00,1287.80000000,1287.90000000,1286.80000000,1286.90000000,17675.0000,mstock
2026-09-09 09:48:00,1286.90000000,1286.90000000,1285.60000000,1286.00000000,20104.0000,mstock
2026-09-09 09:49:00,1285.60000000,1286.00000000,1284.50000000,1284.60000000,36937.0000,mstock
2026-09-09 09:50:00,1284.30000000,1284.90000000,1283.00000000,1283.10000000,58308.0000,mstock
2026-09-09 09:51:00,1283.90000000,1284.60000000,1283.40000000,1284.20000000,22562.0000,mstock
2026-09-09 09:52:00,1284.00000000,1284.90000000,1283.50000000,1284.50000000,36628.0000,mstock
2026-09-09 09:53:00,1284.50000000,1284.60000000,1284.10000000,1284.50000000,12879.0000,mstock
2026-09-09 09:54:00,1284.50000000,1285.40000000,1284.50000000,1285.40000000,45052.0000,mstock
2026-09-09 09:55:00,1285.70000000,1286.00000000,1285.20000000,1285.90000000,75420.0000,mstock
2026-09-09 09:56:00,1285.70000000,1286.30000000,1285.50000000,1286.20000000,8734.0000,mstock
2026-09-09 09:57:00,1286.00000000,1287.00000000,1286.00000000,1287.00000000,38570.0000,mstock
2026-09-09 09:58:00,1287.00000000,1287.00000000,1286.20000000,1286.40000000,42539.0000,mstock
2026-09-09 09:59:00,1286.40000000,1287.40000000,1286.30000000,1287.10000000,38705.0000,mstock
2026-09-09 10:00:00,1286.50000000,1287.00000000,1286.00000000,1287.00000000,66731.0000,mstock
2026-09-09 10:01:00,1286.50000000,1287.50000000,1286.30000000,1286.70000000,16727.0000,mstock
2026-09-09 10:02:00,1286.50000000,1286.80000000,1286.30000000,1286.80000000,10854.0000,mstock
2026-09-09 10:03:00,1286.80000000,1287.20000000,1286.80000000,1286.80000000,21584.0000,mstock
2026-09-09 10:04:00,1286.80000000,1287.00000000,1286.30000000,1286.50000000,55702.0000,mstock
2026-09-09 10:05:00,1286.60000000,1286.90000000,1286.50000000,1286.70000000,16222.0000,mstock
2026-09-09 10:06:00,1286.90000000,1287.50000000,1286.80000000,1287.10000000,22223.0000,mstock
2026-09-09 10:07:00,1287.30000000,1287.40000000,1286.70000000,1286.90000000,22965.0000,mstock
2026-09-09 10:08:00,1286.80000000,1286.90000000,1286.50000000,1286.70000000,18541.0000,mstock
2026-09-09 10:09:00,1286.70000000,1286.70000000,1285.90000000,1285.90000000,104961.0000,mstock
2026-09-09 10:10:00,1286.00000000,1286.00000000,1284.60000000,1284.80000000,35226.0000,mstock
2026-09-09 10:11:00,1284.70000000,1284.70000000,1284.30000000,1284.40000000,13695.0000,mstock
2026-09-09 10:12:00,1284.30000000,1284.50000000,1284.30000000,1284.50000000,10606.0000,mstock
2026-09-09 10:13:00,1284.50000000,1285.00000000,1284.50000000,1285.00000000,65665.0000,mstock
2026-09-09 10:14:00,1285.00000000,1285.00000000,1284.90000000,1285.00000000,30826.0000,mstock
2026-09-09 10:15:00,1285.00000000,1286.50000000,1285.00000000,1286.20000000,38065.0000,mstock
2026-09-09 10:16:00,1286.10000000,1286.20000000,1285.70000000,1286.20000000,29083.0000,mstock
2026-09-09 10:17:00,1286.20000000,1286.20000000,1285.90000000,1286.20000000,8495.0000,mstock
2026-09-09 10:18:00,1286.20000000,1286.60000000,1286.10000000,1286.60000000,15572.0000,mstock
2026-09-09 10:19:00,1286.60000000,1286.60000000,1286.20000000,1286.30000000,10432.0000,mstock
2026-09-09 10:20:00,1286.30000000,1286.70000000,1286.10000000,1286.20000000,51123.0000,mstock
2026-09-09 10:21:00,1286.20000000,1286.70000000,1285.50000000,1285.70000000,33752.0000,mstock
2026-09-09 10:22:00,1285.60000000,1286.40000000,1285.50000000,1285.90000000,27274.0000,mstock
2026-09-09 10:23:00,1286.00000000,1288.20000000,1285.90000000,1288.20000000,72128.0000,mstock
2026-09-09 10:24:00,1288.50000000,1289.40000000,1287.30000000,1287.60000000,116206.0000,mstock
2026-09-09 10:25:00,1287.50000000,1288.60000000,1287.30000000,1288.00000000,25098.0000,mstock
2026-09-09 10:26:00,1287.90000000,1288.40000000,1287.70000000,1288.10000000,26950.0000,mstock
2026-09-09 10:27:00,1288.20000000,1288.20000000,1287.30000000,1288.10000000,25331.0000,mstock
2026-09-09 10:28:00,1288.20000000,1288.40000000,1287.60000000,1287.70000000,8798.0000,mstock
2026-09-09 10:29:00,1287.80000000,1287.90000000,1287.60000000,1287.70000000,4408.0000,mstock
2026-09-09 10:30:00,1287.50000000,1288.00000000,1287.50000000,1287.90000000,10047.0000,mstock
2026-09-09 10:31:00,1287.80000000,1287.80000000,1286.70000000,1286.70000000,36738.0000,mstock
2026-09-09 10:32:00,1286.70000000,1286.70000000,1286.30000000,1286.60000000,9457.0000,mstock
2026-09-09 10:33:00,1286.40000000,1286.50000000,1285.70000000,1285.80000000,18223.0000,mstock
2026-09-09 10:34:00,1285.80000000,1285.80000000,1284.60000000,1284.90000000,27734.0000,mstock
2026-09-09 10:35:00,1284.90000000,1285.00000000,1284.60000000,1284.80000000,9792.0000,mstock
2026-09-09 10:36:00,1284.80000000,1284.90000000,1284.70000000,1284.90000000,10418.0000,mstock
2026-09-09 10:37:00,1285.00000000,1285.00000000,1284.60000000,1284.80000000,5942.0000,mstock
2026-09-09 10:38:00,1284.80000000,1284.80000000,1284.00000000,1284.00000000,64845.0000,mstock
2026-09-09 10:39:00,1283.90000000,1284.50000000,1283.60000000,1284.40000000,42110.0000,mstock
2026-09-09 10:40:00,1284.20000000,1284.30000000,1283.60000000,1283.80000000,8741.0000,mstock
2026-09-09 10:41:00,1283.70000000,1283.90000000,1283.60000000,1283.70000000,6724.0000,mstock
2026-09-09 10:42:00,1283.70000000,1283.80000000,1283.60000000,1283.70000000,10724.0000,mstock
2026-09-09 10:43:00,1283.80000000,1284.00000000,1283.70000000,1283.90000000,17547.0000,mstock
2026-09-09 10:44:00,1283.90000000,1284.00000000,1283.90000000,1284.00000000,13546.0000,mstock
2026-09-09 10:45:00,1283.80000000,1284.50000000,1283.80000000,1284.50000000,16644.0000,mstock
2026-09-09 10:46:00,1284.50000000,1284.50000000,1284.40000000,1284.40000000,16539.0000,mstock
2026-09-09 10:47:00,1284.30000000,1284.30000000,1284.00000000,1284.10000000,13546.0000,mstock
2026-09-09 10:48:00,1284.10000000,1284.40000000,1284.00000000,1284.20000000,12486.0000,mstock
2026-09-09 10:49:00,1284.30000000,1284.30000000,1284.10000000,1284.30000000,9537.0000,mstock
2026-09-09 10:50:00,1284.30000000,1284.30000000,1284.10000000,1284.30000000,12179.0000,mstock
2026-09-09 10:51:00,1284.20000000,1284.50000000,1284.10000000,1284.20000000,5177.0000,mstock
2026-09-09 10:52:00,1284.20000000,1284.20000000,1284.00000000,1284.10000000,8430.0000,mstock
2026-09-09 10:53:00,1284.00000000,1284.50000000,1283.90000000,1284.40000000,21911.0000,mstock
2026-09-09 10:54:00,1284.40000000,1284.50000000,1284.20000000,1284.50000000,8859.0000,mstock
2026-09-09 10:55:00,1284.80000000,1286.30000000,1284.80000000,1285.90000000,27001.0000,mstock
2026-09-09 10:56:00,1286.00000000,1286.30000000,1285.70000000,1285.70000000,7317.0000,mstock
2026-09-09 10:57:00,1285.90000000,1286.20000000,1285.50000000,1286.10000000,15369.0000,mstock
2026-09-09 10:58:00,1286.20000000,1287.70000000,1285.80000000,1287.50000000,30360.0000,mstock
2026-09-09 10:59:00,1287.40000000,1288.80000000,1286.70000000,1288.70000000,26281.0000,mstock
2026-09-09 11:00:00,1288.30000000,1288.90000000,1288.00000000,1288.60000000,21274.0000,mstock
2026-09-09 11:01:00,1288.60000000,1288.60000000,1287.60000000,1288.30000000,20857.0000,mstock
2026-09-09 11:02:00,1288.20000000,1288.50000000,1288.00000000,1288.30000000,5629.0000,mstock
2026-09-09 11:03:00,1288.30000000,1288.30000000,1288.00000000,1288.30000000,36132.0000,mstock
2026-09-09 11:04:00,1288.20000000,1288.30000000,1287.60000000,1288.00000000,16585.0000,mstock
2026-09-09 11:05:00,1287.90000000,1288.00000000,1287.60000000,1287.70000000,9493.0000,mstock
2026-09-09 11:06:00,1287.60000000,1287.70000000,1286.60000000,1286.80000000,74421.0000,mstock
2026-09-09 11:07:00,1287.00000000,1287.90000000,1287.00000000,1287.90000000,17513.0000,mstock
2026-09-09 11:08:00,1287.90000000,1288.30000000,1287.80000000,1288.30000000,13268.0000,mstock
2026-09-09 11:09:00,1288.20000000,1288.60000000,1288.20000000,1288.50000000,14164.0000,mstock
2026-09-09 11:10:00,1288.50000000,1289.70000000,1288.50000000,1289.70000000,23401.0000,mstock
2026-09-09 11:11:00,1289.50000000,1289.70000000,1289.30000000,1289.50000000,12593.0000,mstock
2026-09-09 11:12:00,1289.60000000,1289.80000000,1289.10000000,1289.10000000,7133.0000,mstock
2026-09-09 11:13:00,1289.10000000,1289.30000000,1288.40000000,1289.30000000,16472.0000,mstock
2026-09-09 11:14:00,1289.30000000,1289.40000000,1289.10000000,1289.30000000,8705.0000,mstock
2026-09-09 11:15:00,1289.20000000,1291.00000000,1289.20000000,1290.60000000,33487.0000,mstock
2026-09-09 11:16:00,1290.50000000,1290.60000000,1290.10000000,1290.40000000,14951.0000,mstock
2026-09-09 11:17:00,1290.40000000,1293.70000000,1290.40000000,1292.00000000,146081.0000,mstock
2026-09-09 11:18:00,1291.90000000,1292.30000000,1291.70000000,1291.90000000,10438.0000,mstock
2026-09-09 11:19:00,1291.90000000,1294.70000000,1291.40000000,1294.10000000,58149.0000,mstock
2026-09-09 11:20:00,1294.00000000,1294.50000000,1293.00000000,1293.50000000,42299.0000,mstock
2026-09-09 11:21:00,1293.40000000,1293.60000000,1292.50000000,1292.60000000,10078.0000,mstock
2026-09-09 11:22:00,1292.70000000,1292.70000000,1291.40000000,1291.50000000,13887.0000,mstock
2026-09-09 11:23:00,1291.60000000,1291.80000000,1291.40000000,1291.50000000,15852.0000,mstock
2026-09-09 11:24:00,1291.50000000,1291.50000000,1291.20000000,1291.50000000,12351.0000,mstock
2026-09-09 11:25:00,1292.40000000,1292.50000000,1291.60000000,1291.60000000,17247.0000,mstock
2026-09-09 11:26:00,1291.70000000,1292.00000000,1291.30000000,1291.30000000,9064.0000,mstock
2026-09-09 11:27:00,1291.40000000,1291.40000000,1290.60000000,1291.00000000,12930.0000,mstock
2026-09-09 11:28:00,1291.10000000,1291.10000000,1290.60000000,1290.80000000,7027.0000,mstock
2026-09-09 11:29:00,1290.70000000,1290.90000000,1290.50000000,1290.60000000,10354.0000,mstock
2026-09-09 11:30:00,1290.60000000,1290.60000000,1290.40000000,1290.50000000,5386.0000,mstock
2026-09-09 11:31:00,1290.50000000,1291.10000000,1290.30000000,1291.10000000,9696.0000,mstock
2026-09-09 11:32:00,1291.00000000,1291.00000000,1290.30000000,1290.40000000,34628.0000,mstock
2026-09-09 11:33:00,1290.40000000,1290.50000000,1290.00000000,1290.40000000,10326.0000,mstock
2026-09-09 11:34:00,1290.30000000,1290.30000000,1289.10000000,1289.80000000,24258.0000,mstock
2026-09-09 11:35:00,1289.60000000,1290.50000000,1289.40000000,1290.30000000,67866.0000,mstock
2026-09-09 11:36:00,1290.10000000,1290.30000000,1289.70000000,1290.00000000,7511.0000,mstock
2026-09-09 11:37:00,1289.90000000,1290.00000000,1289.40000000,1289.60000000,7271.0000,mstock
2026-09-09 11:38:00,1289.60000000,1289.70000000,1289.40000000,1289.50000000,6739.0000,mstock
2026-09-09 11:39:00,1289.50000000,1289.80000000,1289.40000000,1289.80000000,7898.0000,mstock
2026-09-09 11:40:00,1289.60000000,1289.70000000,1288.50000000,1288.80000000,9791.0000,mstock
2026-09-09 11:41:00,1288.80000000,1289.10000000,1288.30000000,1289.10000000,14252.0000,mstock
2026-09-09 11:42:00,1289.10000000,1289.10000000,1288.90000000,1289.00000000,5969.0000,mstock
2026-09-09 11:43:00,1289.10000000,1289.80000000,1289.00000000,1289.50000000,17082.0000,mstock
2026-09-09 11:44:00,1289.40000000,1289.50000000,1289.30000000,1289.30000000,4945.0000,mstock
2026-09-09 11:45:00,1289.40000000,1289.40000000,1288.40000000,1288.70000000,15218.0000,mstock
2026-09-09 11:46:00,1288.60000000,1288.70000000,1288.40000000,1288.60000000,9642.0000,mstock
2026-09-09 11:47:00,1288.70000000,1288.80000000,1287.10000000,1287.50000000,26526.0000,mstock
2026-09-09 11:48:00,1287.30000000,1287.30000000,1286.40000000,1286.70000000,18027.0000,mstock
2026-09-09 11:49:00,1286.70000000,1286.90000000,1286.50000000,1286.70000000,22414.0000,mstock
2026-09-09 11:50:00,1286.80000000,1286.80000000,1286.60000000,1286.70000000,12158.0000,mstock
2026-09-09 11:51:00,1286.80000000,1286.90000000,1286.60000000,1286.60000000,8968.0000,mstock
2026-09-09 11:52:00,1286.70000000,1286.70000000,1286.00000000,1286.10000000,15759.0000,mstock
2026-09-09 11:53:00,1286.10000000,1286.10000000,1286.00000000,1286.10000000,11923.0000,mstock
2026-09-09 11:54:00,1286.10000000,1286.20000000,1285.40000000,1285.40000000,24150.0000,mstock
2026-09-09 11:55:00,1285.60000000,1285.80000000,1285.40000000,1285.60000000,9984.0000,mstock
2026-09-09 11:56:00,1285.60000000,1285.80000000,1285.50000000,1285.80000000,6933.0000,mstock
2026-09-09 11:57:00,1285.80000000,1286.30000000,1285.70000000,1285.90000000,22893.0000,mstock
2026-09-09 11:58:00,1285.90000000,1286.10000000,1285.80000000,1285.90000000,13087.0000,mstock
2026-09-09 11:59:00,1285.90000000,1285.90000000,1285.00000000,1285.10000000,35050.0000,mstock
2026-09-09 12:00:00,1285.00000000,1285.70000000,1285.00000000,1285.20000000,24668.0000,mstock
2026-09-09 12:01:00,1285.20000000,1285.40000000,1285.00000000,1285.10000000,9076.0000,mstock
2026-09-09 12:02:00,1285.10000000,1285.30000000,1284.30000000,1284.80000000,20518.0000,mstock
2026-09-09 12:03:00,1284.70000000,1284.90000000,1284.40000000,1284.50000000,14197.0000,mstock
2026-09-09 12:04:00,1284.70000000,1284.80000000,1284.50000000,1284.60000000,9512.0000,mstock
2026-09-09 12:05:00,1284.60000000,1285.10000000,1284.60000000,1284.80000000,18445.0000,mstock
2026-09-09 12:06:00,1284.90000000,1284.90000000,1284.50000000,1284.60000000,51746.0000,mstock
2026-09-09 12:07:00,1284.60000000,1284.60000000,1283.70000000,1283.90000000,16754.0000,mstock
2026-09-09 12:08:00,1283.80000000,1284.20000000,1283.80000000,1284.20000000,12323.0000,mstock
2026-09-09 12:09:00,1284.20000000,1284.80000000,1284.00000000,1284.30000000,36930.0000,mstock
2026-09-09 12:10:00,1284.30000000,1285.10000000,1284.10000000,1285.10000000,11152.0000,mstock
2026-09-09 12:11:00,1285.00000000,1285.20000000,1284.80000000,1285.10000000,11650.0000,mstock
2026-09-09 12:12:00,1285.10000000,1285.30000000,1285.00000000,1285.30000000,11865.0000,mstock
2026-09-09 12:13:00,1285.50000000,1285.50000000,1285.00000000,1285.10000000,6041.0000,mstock
2026-09-09 12:14:00,1285.20000000,1285.50000000,1285.10000000,1285.10000000,10677.0000,mstock
2026-09-09 12:15:00,1285.20000000,1286.60000000,1284.90000000,1286.00000000,30119.0000,mstock
2026-09-09 12:16:00,1286.10000000,1286.20000000,1285.30000000,1285.90000000,20163.0000,mstock
2026-09-09 12:17:00,1285.90000000,1286.40000000,1285.80000000,1286.30000000,12904.0000,mstock
2026-09-09 12:18:00,1286.20000000,1286.50000000,1286.00000000,1286.10000000,15339.0000,mstock
2026-09-09 12:19:00,1286.10000000,1286.40000000,1286.00000000,1286.10000000,9080.0000,mstock
2026-09-09 12:20:00,1286.20000000,1286.20000000,1285.80000000,1286.10000000,18671.0000,mstock
2026-09-09 12:21:00,1286.10000000,1286.70000000,1286.10000000,1286.60000000,13521.0000,mstock
2026-09-09 12:22:00,1286.60000000,1286.60000000,1285.80000000,1285.90000000,10369.0000,mstock
2026-09-09 12:23:00,1285.60000000,1285.80000000,1285.40000000,1285.80000000,12791.0000,mstock
2026-09-09 12:24:00,1285.80000000,1286.20000000,1285.60000000,1285.80000000,10169.0000,mstock
2026-09-09 12:25:00,1285.90000000,1286.00000000,1285.60000000,1285.90000000,22402.0000,mstock
2026-09-09 12:26:00,1285.80000000,1286.00000000,1285.50000000,1285.90000000,50244.0000,mstock
2026-09-09 12:27:00,1285.80000000,1286.00000000,1285.70000000,1285.90000000,23120.0000,mstock
2026-09-09 12:28:00,1286.00000000,1286.00000000,1284.90000000,1285.40000000,29427.0000,mstock
2026-09-09 12:29:00,1285.40000000,1286.10000000,1285.10000000,1286.10000000,34436.0000,mstock
2026-09-09 12:30:00,1286.10000000,1286.70000000,1285.80000000,1286.70000000,27192.0000,mstock
2026-09-09 12:31:00,1286.70000000,1286.70000000,1285.80000000,1286.60000000,35635.0000,mstock
2026-09-09 12:32:00,1286.50000000,1287.10000000,1286.50000000,1287.10000000,55009.0000,mstock
2026-09-09 12:33:00,1287.10000000,1287.70000000,1286.90000000,1287.60000000,18772.0000,mstock
2026-09-09 12:34:00,1287.60000000,1287.70000000,1287.20000000,1287.50000000,23153.0000,mstock
2026-09-09 12:35:00,1287.50000000,1288.70000000,1287.50000000,1288.20000000,71561.0000,mstock
2026-09-09 12:36:00,1288.20000000,1288.20000000,1287.60000000,1287.80000000,19691.0000,mstock
2026-09-09 12:37:00,1287.70000000,1288.00000000,1287.50000000,1287.70000000,18821.0000,mstock
2026-09-09 12:38:00,1287.60000000,1287.90000000,1287.60000000,1287.90000000,11007.0000,mstock
2026-09-09 12:39:00,1287.80000000,1287.80000000,1286.30000000,1286.80000000,24270.0000,mstock
2026-09-09 12:40:00,1286.80000000,1287.00000000,1286.60000000,1286.90000000,31173.0000,mstock
2026-09-09 12:41:00,1287.00000000,1287.60000000,1286.80000000,1287.40000000,10663.0000,mstock
2026-09-09 12:42:00,1287.40000000,1287.90000000,1287.10000000,1287.90000000,32449.0000,mstock
2026-09-09 12:43:00,1287.90000000,1288.20000000,1287.70000000,1288.10000000,16166.0000,mstock
2026-09-09 12:44:00,1288.10000000,1288.20000000,1288.00000000,1288.20000000,12277.0000,mstock
2026-09-09 12:45:00,1288.20000000,1288.80000000,1288.10000000,1288.30000000,29341.0000,mstock
2026-09-09 12:46:00,1288.30000000,1289.00000000,1288.20000000,1288.60000000,48995.0000,mstock
2026-09-09 12:47:00,1288.60000000,1288.90000000,1288.60000000,1288.80000000,11563.0000,mstock
2026-09-09 12:48:00,1288.90000000,1289.00000000,1288.70000000,1288.90000000,11738.0000,mstock
2026-09-09 12:49:00,1289.00000000,1289.20000000,1288.10000000,1288.20000000,34119.0000,mstock
2026-09-09 12:50:00,1288.10000000,1288.20000000,1287.90000000,1288.10000000,20225.0000,mstock
2026-09-09 12:51:00,1288.10000000,1288.30000000,1288.00000000,1288.30000000,16053.0000,mstock
2026-09-09 12:52:00,1288.30000000,1288.50000000,1288.20000000,1288.50000000,9531.0000,mstock
2026-09-09 12:53:00,1288.40000000,1288.50000000,1287.40000000,1287.80000000,47570.0000,mstock
2026-09-09 12:54:00,1287.80000000,1288.40000000,1287.30000000,1287.90000000,35379.0000,mstock
2026-09-09 12:55:00,1287.90000000,1288.10000000,1287.30000000,1287.50000000,13705.0000,mstock
2026-09-09 12:56:00,1287.50000000,1288.10000000,1287.40000000,1288.10000000,17645.0000,mstock
2026-09-09 12:57:00,1288.10000000,1288.10000000,1288.00000000,1288.10000000,10347.0000,mstock
2026-09-09 12:58:00,1288.10000000,1288.10000000,1287.50000000,1287.60000000,20193.0000,mstock
2026-09-09 12:59:00,1287.40000000,1287.60000000,1287.20000000,1287.50000000,16071.0000,mstock
2026-09-09 13:00:00,1287.60000000,1287.70000000,1287.20000000,1287.30000000,15121.0000,mstock
2026-09-09 13:01:00,1287.40000000,1287.40000000,1287.10000000,1287.30000000,10615.0000,mstock
2026-09-09 13:02:00,1287.20000000,1287.30000000,1285.70000000,1285.90000000,17390.0000,mstock
2026-09-09 13:03:00,1286.00000000,1286.50000000,1285.70000000,1286.30000000,25195.0000,mstock
2026-09-09 13:04:00,1286.50000000,1286.50000000,1285.80000000,1285.90000000,9227.0000,mstock
2026-09-09 13:05:00,1285.90000000,1286.20000000,1285.80000000,1286.10000000,10923.0000,mstock
2026-09-09 13:06:00,1286.00000000,1287.90000000,1285.90000000,1287.10000000,104627.0000,mstock
2026-09-09 13:07:00,1287.10000000,1287.40000000,1286.50000000,1286.90000000,23303.0000,mstock
2026-09-09 13:08:00,1287.10000000,1287.70000000,1286.80000000,1287.70000000,20473.0000,mstock
2026-09-09 13:09:00,1287.70000000,1287.90000000,1287.50000000,1287.60000000,11991.0000,mstock
2026-09-09 13:10:00,1287.60000000,1287.70000000,1287.10000000,1287.50000000,22303.0000,mstock
2026-09-09 13:11:00,1287.50000000,1288.30000000,1287.40000000,1287.70000000,14414.0000,mstock
2026-09-09 13:12:00,1287.70000000,1287.70000000,1286.70000000,1287.30000000,39259.0000,mstock
2026-09-09 13:13:00,1287.00000000,1287.80000000,1286.70000000,1287.60000000,24854.0000,mstock
2026-09-09 13:14:00,1287.70000000,1287.70000000,1287.50000000,1287.60000000,8072.0000,mstock
2026-09-09 13:15:00,1287.60000000,1287.90000000,1287.50000000,1287.70000000,10218.0000,mstock
2026-09-09 13:16:00,1287.70000000,1287.70000000,1287.20000000,1287.60000000,15609.0000,mstock
2026-09-09 13:17:00,1287.60000000,1287.60000000,1287.00000000,1287.10000000,15901.0000,mstock
2026-09-09 13:18:00,1287.10000000,1288.10000000,1286.90000000,1288.00000000,73709.0000,mstock
2026-09-09 13:19:00,1288.00000000,1288.30000000,1287.00000000,1287.00000000,14519.0000,mstock
2026-09-09 13:20:00,1287.20000000,1287.30000000,1286.30000000,1287.30000000,47648.0000,mstock
2026-09-09 13:21:00,1287.30000000,1288.90000000,1287.30000000,1288.90000000,19059.0000,mstock
2026-09-09 13:22:00,1288.90000000,1289.80000000,1288.00000000,1288.20000000,71423.0000,mstock
2026-09-09 13:23:00,1288.20000000,1288.20000000,1287.80000000,1288.00000000,10674.0000,mstock
2026-09-09 13:24:00,1288.10000000,1288.50000000,1287.90000000,1288.20000000,18458.0000,mstock
2026-09-09 13:25:00,1288.20000000,1288.50000000,1287.90000000,1288.30000000,18502.0000,mstock
2026-09-09 13:26:00,1288.40000000,1289.70000000,1288.30000000,1289.40000000,65770.0000,mstock
2026-09-09 13:27:00,1289.20000000,1290.30000000,1289.20000000,1290.10000000,31653.0000,mstock
2026-09-09 13:28:00,1290.10000000,1290.10000000,1289.50000000,1289.80000000,32429.0000,mstock
2026-09-09 13:29:00,1289.70000000,1290.30000000,1289.60000000,1290.20000000,22901.0000,mstock
2026-09-09 13:30:00,1290.20000000,1290.60000000,1290.00000000,1290.10000000,18366.0000,mstock
2026-09-09 13:31:00,1290.10000000,1290.10000000,1289.10000000,1289.60000000,60662.0000,mstock
2026-09-09 13:32:00,1289.50000000,1289.90000000,1289.20000000,1289.50000000,34562.0000,mstock
2026-09-09 13:33:00,1289.60000000,1289.60000000,1288.30000000,1288.30000000,15907.0000,mstock
2026-09-09 13:34:00,1288.40000000,1288.50000000,1287.20000000,1287.70000000,31354.0000,mstock
2026-09-09 13:35:00,1287.70000000,1287.90000000,1287.20000000,1287.90000000,35669.0000,mstock
2026-09-09 13:36:00,1287.90000000,1288.70000000,1287.90000000,1288.30000000,21522.0000,mstock
2026-09-09 13:37:00,1288.30000000,1289.20000000,1287.90000000,1289.10000000,19323.0000,mstock
2026-09-09 13:38:00,1289.20000000,1289.20000000,1289.00000000,1289.20000000,7004.0000,mstock
2026-09-09 13:39:00,1289.10000000,1289.20000000,1288.20000000,1288.60000000,30299.0000,mstock
2026-09-09 13:40:00,1288.60000000,1288.70000000,1288.30000000,1288.50000000,10486.0000,mstock
2026-09-09 13:41:00,1288.50000000,1288.60000000,1288.30000000,1288.40000000,7998.0000,mstock
2026-09-09 13:42:00,1288.40000000,1288.60000000,1288.30000000,1288.40000000,13880.0000,mstock
2026-09-09 13:43:00,1288.50000000,1288.60000000,1288.20000000,1288.50000000,16027.0000,mstock
2026-09-09 13:44:00,1288.50000000,1288.90000000,1288.40000000,1288.50000000,7739.0000,mstock
2026-09-09 13:45:00,1288.50000000,1288.70000000,1288.30000000,1288.70000000,15094.0000,mstock
2026-09-09 13:46:00,1288.70000000,1288.70000000,1288.10000000,1288.20000000,11316.0000,mstock
2026-09-09 13:47:00,1288.10000000,1288.20000000,1287.90000000,1288.10000000,9610.0000,mstock
2026-09-09 13:48:00,1288.20000000,1289.00000000,1288.00000000,1288.40000000,16438.0000,mstock
2026-09-09 13:49:00,1288.70000000,1288.70000000,1288.20000000,1288.30000000,8071.0000,mstock
2026-09-09 13:50:00,1288.50000000,1289.10000000,1288.40000000,1289.10000000,17843.0000,mstock
2026-09-09 13:51:00,1289.10000000,1289.50000000,1289.00000000,1289.30000000,10031.0000,mstock
2026-09-09 13:52:00,1289.20000000,1289.40000000,1289.00000000,1289.40000000,11436.0000,mstock
2026-09-09 13:53:00,1289.40000000,1290.20000000,1289.30000000,1289.70000000,35499.0000,mstock
2026-09-09 13:54:00,1289.70000000,1289.70000000,1288.60000000,1288.60000000,8797.0000,mstock
2026-09-09 13:55:00,1288.70000000,1288.90000000,1288.50000000,1288.70000000,11584.0000,mstock
2026-09-09 13:56:00,1288.70000000,1288.70000000,1287.40000000,1287.50000000,21113.0000,mstock
2026-09-09 13:57:00,1287.50000000,1288.20000000,1287.40000000,1288.10000000,19429.0000,mstock
2026-09-09 13:58:00,1288.10000000,1288.10000000,1288.00000000,1288.10000000,7993.0000,mstock
2026-09-09 13:59:00,1288.10000000,1288.20000000,1288.00000000,1288.10000000,7895.0000,mstock
2026-09-09 14:00:00,1288.10000000,1288.70000000,1288.00000000,1288.30000000,15300.0000,mstock
2026-09-09 14:01:00,1288.30000000,1288.90000000,1288.20000000,1288.90000000,15499.0000,mstock
2026-09-09 14:02:00,1289.00000000,1289.00000000,1288.40000000,1288.60000000,30269.0000,mstock
2026-09-09 14:03:00,1288.60000000,1288.70000000,1287.40000000,1287.40000000,79369.0000,mstock
2026-09-09 14:04:00,1287.50000000,1287.90000000,1287.30000000,1287.90000000,19726.0000,mstock
2026-09-09 14:05:00,1287.90000000,1288.40000000,1287.80000000,1288.10000000,35515.0000,mstock
2026-09-09 14:06:00,1288.20000000,1289.60000000,1288.10000000,1289.10000000,114350.0000,mstock
2026-09-09 14:07:00,1289.10000000,1289.60000000,1289.00000000,1289.60000000,20211.0000,mstock
2026-09-09 14:08:00,1289.50000000,1289.80000000,1289.20000000,1289.60000000,51137.0000,mstock
2026-09-09 14:09:00,1289.60000000,1289.70000000,1288.90000000,1288.90000000,50743.0000,mstock
2026-09-09 14:10:00,1289.00000000,1289.40000000,1288.80000000,1289.20000000,18812.0000,mstock
2026-09-09 14:11:00,1288.90000000,1289.40000000,1288.50000000,1289.20000000,18785.0000,mstock
2026-09-09 14:12:00,1289.10000000,1289.30000000,1289.10000000,1289.20000000,11437.0000,mstock
2026-09-09 14:13:00,1289.40000000,1289.90000000,1288.80000000,1289.00000000,38543.0000,mstock
2026-09-09 14:14:00,1289.00000000,1290.00000000,1288.90000000,1290.00000000,65949.0000,mstock
2026-09-09 14:15:00,1290.00000000,1290.10000000,1289.30000000,1289.70000000,23272.0000,mstock
2026-09-09 14:16:00,1289.70000000,1289.80000000,1289.40000000,1289.70000000,26217.0000,mstock
2026-09-09 14:17:00,1289.70000000,1289.90000000,1289.50000000,1289.60000000,14388.0000,mstock
2026-09-09 14:18:00,1289.60000000,1289.60000000,1287.20000000,1288.00000000,34082.0000,mstock
2026-09-09 14:19:00,1288.00000000,1288.80000000,1287.90000000,1288.80000000,20626.0000,mstock
2026-09-09 14:20:00,1288.70000000,1289.20000000,1288.20000000,1289.10000000,71443.0000,mstock
2026-09-09 14:21:00,1289.10000000,1290.00000000,1288.50000000,1288.50000000,87339.0000,mstock
2026-09-09 14:22:00,1287.40000000,1288.70000000,1287.40000000,1288.70000000,24786.0000,mstock
2026-09-09 14:23:00,1288.70000000,1289.20000000,1288.60000000,1289.00000000,45916.0000,mstock
2026-09-09 14:24:00,1289.00000000,1289.40000000,1288.90000000,1289.30000000,38709.0000,mstock
2026-09-09 14:25:00,1289.40000000,1289.40000000,1288.50000000,1288.60000000,32673.0000,mstock
2026-09-09 14:26:00,1288.60000000,1289.30000000,1288.60000000,1289.20000000,32520.0000,mstock
2026-09-09 14:27:00,1289.20000000,1289.60000000,1288.10000000,1288.10000000,47502.0000,mstock
2026-09-09 14:28:00,1287.70000000,1287.80000000,1287.40000000,1287.60000000,55505.0000,mstock
2026-09-09 14:29:00,1287.60000000,1287.70000000,1287.50000000,1287.70000000,14506.0000,mstock
2026-09-09 14:30:00,1287.70000000,1287.80000000,1286.60000000,1286.90000000,26244.0000,mstock
2026-09-09 14:31:00,1286.80000000,1287.80000000,1286.80000000,1287.80000000,23590.0000,mstock
2026-09-09 14:32:00,1287.60000000,1287.80000000,1287.20000000,1287.30000000,9795.0000,mstock
2026-09-09 14:33:00,1287.20000000,1287.20000000,1285.60000000,1285.70000000,44755.0000,mstock
2026-09-09 14:34:00,1285.90000000,1286.80000000,1285.50000000,1286.60000000,19690.0000,mstock
2026-09-09 14:35:00,1286.50000000,1286.60000000,1286.40000000,1286.40000000,13339.0000,mstock
2026-09-09 14:36:00,1286.40000000,1286.60000000,1286.20000000,1286.30000000,10592.0000,mstock
2026-09-09 14:37:00,1286.40000000,1286.40000000,1285.00000000,1285.30000000,21920.0000,mstock
2026-09-09 14:38:00,1285.30000000,1285.40000000,1285.00000000,1285.20000000,15333.0000,mstock
2026-09-09 14:39:00,1285.10000000,1285.30000000,1285.00000000,1285.30000000,52750.0000,mstock
2026-09-09 14:40:00,1285.20000000,1285.30000000,1285.00000000,1285.20000000,13479.0000,mstock
2026-09-09 14:41:00,1285.10000000,1285.10000000,1284.70000000,1284.80000000,13603.0000,mstock
2026-09-09 14:42:00,1284.80000000,1284.80000000,1284.10000000,1284.80000000,44063.0000,mstock
2026-09-09 14:43:00,1284.70000000,1285.20000000,1284.30000000,1285.10000000,30805.0000,mstock
2026-09-09 14:44:00,1285.10000000,1285.40000000,1284.40000000,1284.80000000,45861.0000,mstock
2026-09-09 14:45:00,1284.80000000,1285.00000000,1284.50000000,1284.60000000,12239.0000,mstock
2026-09-09 14:46:00,1284.50000000,1284.90000000,1284.50000000,1284.90000000,10644.0000,mstock
2026-09-09 14:47:00,1284.80000000,1284.80000000,1284.50000000,1284.50000000,8486.0000,mstock
2026-09-09 14:48:00,1284.50000000,1284.50000000,1283.40000000,1283.60000000,42790.0000,mstock
2026-09-09 14:49:00,1283.50000000,1284.50000000,1283.40000000,1284.50000000,58568.0000,mstock
2026-09-09 14:50:00,1284.40000000,1284.40000000,1284.30000000,1284.40000000,11000.0000,mstock
2026-09-09 14:51:00,1284.40000000,1285.10000000,1284.30000000,1285.10000000,127681.0000,mstock
2026-09-09 14:52:00,1285.10000000,1285.20000000,1285.00000000,1285.20000000,93155.0000,mstock
2026-09-09 14:53:00,1285.20000000,1286.40000000,1285.10000000,1286.40000000,83861.0000,mstock
2026-09-09 14:54:00,1286.10000000,1286.70000000,1286.10000000,1286.30000000,24982.0000,mstock
2026-09-09 14:55:00,1286.30000000,1287.20000000,1286.00000000,1287.20000000,90927.0000,mstock
2026-09-09 14:56:00,1287.20000000,1287.30000000,1287.00000000,1287.30000000,37416.0000,mstock
2026-09-09 14:57:00,1287.20000000,1287.70000000,1287.00000000,1287.70000000,55759.0000,mstock
2026-09-09 14:58:00,1287.70000000,1287.80000000,1286.40000000,1286.60000000,47125.0000,mstock
2026-09-09 14:59:00,1286.50000000,1286.80000000,1286.10000000,1286.60000000,43416.0000,mstock
2026-09-09 15:00:00,1286.60000000,1286.60000000,1286.50000000,1286.60000000,20440.0000,mstock
2026-09-09 15:01:00,1286.50000000,1286.60000000,1286.50000000,1286.60000000,46092.0000,mstock
2026-09-09 15:02:00,1286.60000000,1287.10000000,1286.60000000,1287.10000000,38608.0000,mstock
2026-09-09 15:03:00,1287.10000000,1287.30000000,1287.00000000,1287.20000000,42447.0000,mstock
2026-09-09 15:04:00,1287.20000000,1287.20000000,1287.00000000,1287.00000000,66601.0000,mstock
2026-09-09 15:05:00,1287.10000000,1287.10000000,1286.50000000,1286.60000000,219685.0000,mstock
2026-09-09 15:06:00,1286.50000000,1286.60000000,1286.00000000,1286.00000000,30928.0000,mstock
2026-09-09 15:07:00,1286.00000000,1286.10000000,1285.60000000,1285.70000000,24783.0000,mstock
2026-09-09 15:08:00,1285.70000000,1285.70000000,1285.20000000,1285.30000000,34116.0000,mstock
2026-09-09 15:09:00,1285.20000000,1286.10000000,1285.20000000,1286.00000000,47909.0000,mstock
2026-09-09 15:10:00,1286.10000000,1286.80000000,1286.10000000,1286.70000000,53578.0000,mstock
2026-09-09 15:11:00,1286.80000000,1287.00000000,1286.70000000,1286.80000000,39279.0000,mstock
2026-09-09 15:12:00,1286.70000000,1287.10000000,1286.70000000,1287.10000000,49556.0000,mstock
2026-09-09 15:13:00,1287.00000000,1287.20000000,1286.60000000,1286.90000000,29804.0000,mstock
2026-09-09 15:14:00,1285.30000000,1285.80000000,1284.80000000,1285.60000000,60152.0000,mstock
2026-09-09 15:15:00,1285.70000000,1285.70000000,1285.70000000,1285.70000000,1025.0000,mstock
2026-09-09 15:20:00,1285.70000000,1285.70000000,1285.70000000,1285.70000000,0.0000,mstock
2026-09-09 15:21:00,1285.70000000,1285.70000000,1285.70000000,1285.70000000,4977.0000,mstock
2026-09-09 15:22:00,1285.70000000,1285.70000000,1285.70000000,1285.70000000,3029.0000,mstock
2026-09-09 15:23:00,1285.70000000,1285.70000000,1285.70000000,1285.70000000,13108.0000,mstock
2026-09-09 15:24:00,1285.70000000,1285.70000000,1285.70000000,1285.70000000,8792.0000,mstock
2026-09-09 15:25:00,1285.70000000,1285.70000000,1285.70000000,1285.70000000,9177.0000,mstock
2026-09-09 15:26:00,1285.70000000,1285.70000000,1285.70000000,1285.70000000,249.0000,mstock
2026-09-09 15:27:00,1285.70000000,1285.70000000,1285.70000000,1285.70000000,10074.0000,mstock
2026-09-09 15:28:00,1285.70000000,1285.70000000,1279.00000000,1279.00000000,11502241.0000,mstock
2026-09-11 09:15:00,1267.00000000,1267.40000000,1261.50000000,1262.70000000,188567.0000,mstock
2026-09-11 09:16:00,1262.40000000,1264.50000000,1262.30000000,1263.20000000,73874.0000,mstock
2026-09-11 09:17:00,1263.70000000,1264.60000000,1263.40000000,1264.10000000,33391.0000,mstock
2026-09-11 09:18:00,1264.20000000,1265.70000000,1263.80000000,1265.70000000,39609.0000,mstock
2026-09-11 09:19:00,1266.10000000,1266.30000000,1263.80000000,1264.00000000,39575.0000,mstock
2026-09-11 09:20:00,1264.00000000,1264.50000000,1263.50000000,1264.50000000,19828.0000,mstock
2026-09-11 09:21:00,1264.50000000,1264.50000000,1263.50000000,1263.80000000,21116.0000,mstock
2026-09-11 09:22:00,1263.80000000,1264.40000000,1263.50000000,1263.80000000,12489.0000,mstock
2026-09-11 09:23:00,1264.00000000,1264.00000000,1263.20000000,1263.40000000,27548.0000,mstock
2026-09-11 09:24:00,1263.40000000,1263.50000000,1263.00000000,1263.30000000,41717.0000,mstock
2026-09-11 09:25:00,1263.10000000,1263.50000000,1262.50000000,1263.30000000,28640.0000,mstock
2026-09-11 09:26:00,1263.40000000,1263.40000000,1262.10000000,1262.30000000,21043.0000,mstock
2026-09-11 09:27:00,1262.40000000,1262.50000000,1262.20000000,1262.40000000,22282.0000,mstock
2026-09-11 09:28:00,1262.30000000,1262.30000000,1261.60000000,1261.90000000,29365.0000,mstock
2026-09-11 09:29:00,1262.00000000,1262.40000000,1262.00000000,1262.30000000,14034.0000,mstock
2026-09-11 09:30:00,1262.30000000,1262.40000000,1261.90000000,1261.90000000,28993.0000,mstock
2026-09-11 09:31:00,1261.40000000,1261.40000000,1260.80000000,1261.00000000,73258.0000,mstock
2026-09-11 09:32:00,1261.00000000,1261.00000000,1259.40000000,1259.60000000,127714.0000,mstock
2026-09-11 09:33:00,1259.50000000,1260.10000000,1259.00000000,1259.50000000,45761.0000,mstock
2026-09-11 09:34:00,1259.30000000,1260.00000000,1259.00000000,1259.80000000,21212.0000,mstock
2026-09-11 09:35:00,1259.90000000,1260.00000000,1259.60000000,1260.00000000,19012.0000,mstock
2026-09-11 09:36:00,1260.00000000,1260.80000000,1259.90000000,1259.90000000,36192.0000,mstock
2026-09-11 09:37:00,1260.00000000,1260.00000000,1258.40000000,1258.90000000,46173.0000,mstock
2026-09-11 09:38:00,1258.90000000,1259.50000000,1258.50000000,1259.10000000,42076.0000,mstock
2026-09-11 09:39:00,1259.30000000,1259.70000000,1259.30000000,1259.40000000,11828.0000,mstock
2026-09-11 09:40:00,1259.50000000,1259.50000000,1259.10000000,1259.50000000,18998.0000,mstock
2026-09-11 09:41:00,1259.50000000,1259.60000000,1259.20000000,1259.20000000,10046.0000,mstock
2026-09-11 09:42:00,1259.40000000,1259.50000000,1258.70000000,1259.30000000,44970.0000,mstock
2026-09-11 09:43:00,1259.40000000,1259.90000000,1259.20000000,1259.90000000,18597.0000,mstock
2026-09-11 09:44:00,1259.90000000,1260.00000000,1259.10000000,1259.20000000,16046.0000,mstock
2026-09-11 09:45:00,1259.20000000,1259.70000000,1259.20000000,1259.70000000,16263.0000,mstock
2026-09-11 09:46:00,1259.70000000,1259.70000000,1259.30000000,1259.50000000,19491.0000,mstock
2026-09-11 09:47:00,1259.80000000,1260.00000000,1259.50000000,1259.70000000,13549.0000,mstock
2026-09-11 09:48:00,1259.70000000,1260.00000000,1259.70000000,1259.90000000,12660.0000,mstock
2026-09-11 09:49:00,1259.90000000,1260.10000000,1259.50000000,1259.90000000,73661.0000,mstock
2026-09-11 09:50:00,1259.90000000,1259.90000000,1259.40000000,1259.60000000,13550.0000,mstock
2026-09-11 09:51:00,1259.70000000,1259.90000000,1259.60000000,1259.70000000,6632.0000,mstock
2026-09-11 09:52:00,1259.80000000,1259.90000000,1259.80000000,1259.80000000,14428.0000,mstock
2026-09-11 09:53:00,1259.90000000,1260.00000000,1259.50000000,1259.50000000,12514.0000,mstock
2026-09-11 09:54:00,1259.50000000,1259.80000000,1259.50000000,1259.50000000,12344.0000,mstock
2026-09-11 09:55:00,1259.50000000,1259.80000000,1259.40000000,1259.70000000,7608.0000,mstock
2026-09-11 09:56:00,1259.60000000,1260.00000000,1259.50000000,1259.70000000,23513.0000,mstock
2026-09-11 09:57:00,1259.80000000,1260.00000000,1259.60000000,1259.80000000,12216.0000,mstock
2026-09-11 09:58:00,1259.50000000,1259.80000000,1259.20000000,1259.80000000,11182.0000,mstock
2026-09-11 09:59:00,1259.60000000,1259.90000000,1259.40000000,1259.80000000,19917.0000,mstock
2026-09-11 10:00:00,1259.80000000,1259.80000000,1258.60000000,1258.70000000,31554.0000,mstock
2026-09-11 10:01:00,1258.60000000,1259.30000000,1258.50000000,1259.30000000,16607.0000,mstock
2026-09-11 10:02:00,1259.30000000,1259.50000000,1258.80000000,1259.30000000,19113.0000,mstock
2026-09-11 10:03:00,1259.40000000,1259.80000000,1259.10000000,1259.80000000,10538.0000,mstock
2026-09-11 10:04:00,1259.80000000,1259.80000000,1259.40000000,1259.50000000,8923.0000,mstock
2026-09-11 10:05:00,1259.00000000,1259.00000000,1258.70000000,1258.80000000,40504.0000,mstock
2026-09-11 10:06:00,1259.00000000,1259.20000000,1258.50000000,1259.10000000,24247.0000,mstock
2026-09-11 10:07:00,1259.20000000,1259.60000000,1259.00000000,1259.60000000,9883.0000,mstock
2026-09-11 10:08:00,1259.80000000,1259.80000000,1259.10000000,1259.30000000,13885.0000,mstock
2026-09-11 10:09:00,1259.00000000,1259.30000000,1258.70000000,1258.70000000,15828.0000,mstock
2026-09-11 10:10:00,1259.20000000,1259.30000000,1258.90000000,1259.30000000,9075.0000,mstock
2026-09-11 10:11:00,1259.30000000,1259.80000000,1259.30000000,1259.50000000,8134.0000,mstock
2026-09-11 10:12:00,1259.40000000,1259.80000000,1259.40000000,1259.60000000,13088.0000,mstock
2026-09-11 10:13:00,1259.40000000,1259.80000000,1259.30000000,1259.80000000,7136.0000,mstock
2026-09-11 10:14:00,1259.90000000,1260.00000000,1259.70000000,1259.70000000,14604.0000,mstock
2026-09-11 10:15:00,1259.70000000,1259.70000000,1258.90000000,1259.10000000,24633.0000,mstock
2026-09-11 10:16:00,1259.30000000,1259.30000000,1258.50000000,1258.80000000,31421.0000,mstock
2026-09-11 10:17:00,1258.70000000,1259.30000000,1258.70000000,1259.00000000,10888.0000,mstock
2026-09-11 10:18:00,1259.10000000,1259.40000000,1258.80000000,1259.10000000,9421.0000,mstock
2026-09-11 10:19:00,1259.00000000,1259.40000000,1258.50000000,1258.80000000,23312.0000,mstock
2026-09-11 10:20:00,1258.70000000,1258.70000000,1256.80000000,1256.90000000,110799.0000,mstock
2026-09-11 10:21:00,1257.00000000,1258.10000000,1257.00000000,1258.10000000,15009.0000,mstock
2026-09-11 10:22:00,1258.10000000,1259.10000000,1257.80000000,1259.10000000,18280.0000,mstock
2026-09-11 10:23:00,1259.10000000,1259.30000000,1258.50000000,1258.70000000,11378.0000,mstock
2026-09-11 10:24:00,1258.40000000,1258.80000000,1258.40000000,1258.40000000,7903.0000,mstock
2026-09-11 10:25:00,1258.40000000,1258.60000000,1258.20000000,1258.40000000,9256.0000,mstock
2026-09-11 10:26:00,1258.50000000,1258.50000000,1257.50000000,1257.70000000,21304.0000,mstock
2026-09-11 10:27:00,1257.60000000,1257.90000000,1257.50000000,1257.80000000,8216.0000,mstock
2026-09-11 10:28:00,1257.80000000,1257.90000000,1257.00000000,1257.40000000,23590.0000,mstock
2026-09-11 10:29:00,1257.30000000,1257.50000000,1256.50000000,1256.70000000,16148.0000,mstock
2026-09-11 10:30:00,1256.70000000,1256.70000000,1255.50000000,1256.10000000,47102.0000,mstock
2026-09-11 10:31:00,1256.10000000,1257.00000000,1256.10000000,1256.90000000,17106.0000,mstock
2026-09-11 10:32:00,1256.90000000,1257.30000000,1256.60000000,1256.60000000,13187.0000,mstock
2026-09-11 10:33:00,1256.60000000,1257.00000000,1255.60000000,1256.00000000,106932.0000,mstock
2026-09-11 10:34:00,1256.00000000,1257.20000000,1255.70000000,1256.90000000,33648.0000,mstock
2026-09-11 10:35:00,1256.80000000,1257.00000000,1256.40000000,1256.90000000,10236.0000,mstock
2026-09-11 10:36:00,1256.90000000,1257.20000000,1256.70000000,1257.00000000,10929.0000,mstock
2026-09-11 10:37:00,1256.90000000,1257.30000000,1256.60000000,1256.60000000,9569.0000,mstock
2026-09-11 10:38:00,1256.80000000,1257.00000000,1256.50000000,1256.90000000,6952.0000,mstock
2026-09-11 10:39:00,1256.90000000,1256.90000000,1256.50000000,1256.70000000,9591.0000,mstock
2026-09-11 10:40:00,1256.60000000,1256.90000000,1256.00000000,1256.00000000,8563.0000,mstock
2026-09-11 10:41:00,1256.00000000,1256.00000000,1255.00000000,1255.00000000,138818.0000,mstock
2026-09-11 10:42:00,1255.00000000,1255.00000000,1254.30000000,1254.50000000,39012.0000,mstock
2026-09-11 10:43:00,1254.90000000,1255.00000000,1254.00000000,1254.70000000,36564.0000,mstock
2026-09-11 10:44:00,1254.80000000,1255.00000000,1254.60000000,1255.00000000,23289.0000,mstock
2026-09-11 10:45:00,1255.00000000,1255.20000000,1254.60000000,1254.80000000,98487.0000,mstock
2026-09-11 10:46:00,1254.60000000,1255.00000000,1254.50000000,1255.00000000,7195.0000,mstock
2026-09-11 10:47:00,1255.00000000,1255.20000000,1254.80000000,1254.90000000,25114.0000,mstock
2026-09-11 10:48:00,1254.60000000,1254.80000000,1254.20000000,1254.60000000,10830.0000,mstock
2026-09-11 10:49:00,1254.60000000,1255.00000000,1254.60000000,1254.90000000,17141.0000,mstock
2026-09-11 10:50:00,1254.60000000,1254.90000000,1254.30000000,1254.80000000,26902.0000,mstock
2026-09-11 10:51:00,1254.70000000,1254.70000000,1254.40000000,1254.70000000,9504.0000,mstock
2026-09-11 10:52:00,1254.70000000,1254.70000000,1253.30000000,1253.70000000,79516.0000,mstock
2026-09-11 10:53:00,1253.80000000,1253.90000000,1253.60000000,1253.70000000,10950.0000,mstock
2026-09-11 10:54:00,1253.80000000,1254.40000000,1253.70000000,1254.40000000,11049.0000,mstock
2026-09-11 10:55:00,1254.60000000,1254.70000000,1254.40000000,1254.50000000,7647.0000,mstock
2026-09-11 10:56:00,1254.80000000,1254.80000000,1254.30000000,1254.50000000,10896.0000,mstock
2026-09-11 10:57:00,1254.70000000,1254.80000000,1254.50000000,1254.50000000,6707.0000,mstock
2026-09-11 10:58:00,1254.70000000,1254.70000000,1254.30000000,1254.70000000,9476.0000,mstock
2026-09-11 10:59:00,1254.70000000,1254.80000000,1254.40000000,1254.50000000,10555.0000,mstock
2026-09-11 11:00:00,1254.50000000,1254.90000000,1254.50000000,1254.90000000,8676.0000,mstock
2026-09-11 11:01:00,1254.90000000,1255.30000000,1254.90000000,1255.30000000,10052.0000,mstock
2026-09-11 11:02:00,1255.30000000,1255.60000000,1255.10000000,1255.40000000,20755.0000,mstock
2026-09-11 11:03:00,1255.30000000,1255.30000000,1254.80000000,1255.20000000,13983.0000,mstock
2026-09-11 11:04:00,1255.20000000,1255.30000000,1255.00000000,1255.00000000,13044.0000,mstock
2026-09-11 11:05:00,1255.00000000,1255.60000000,1254.80000000,1255.60000000,9849.0000,mstock
2026-09-11 11:06:00,1255.60000000,1255.90000000,1255.40000000,1255.40000000,6877.0000,mstock
2026-09-11 11:07:00,1255.70000000,1255.70000000,1255.20000000,1255.50000000,8216.0000,mstock
2026-09-11 11:08:00,1255.50000000,1256.00000000,1255.10000000,1255.10000000,15864.0000,mstock
2026-09-11 11:09:00,1255.70000000,1255.70000000,1255.10000000,1255.30000000,12903.0000,mstock
2026-09-11 11:10:00,1255.30000000,1255.70000000,1255.00000000,1255.70000000,11571.0000,mstock
2026-09-11 11:11:00,1255.70000000,1255.80000000,1255.20000000,1255.20000000,8599.0000,mstock
2026-09-11 11:12:00,1255.50000000,1256.20000000,1255.50000000,1256.00000000,12337.0000,mstock
2026-09-11 11:13:00,1255.60000000,1256.30000000,1255.60000000,1256.20000000,9418.0000,mstock
2026-09-11 11:14:00,1256.30000000,1257.40000000,1256.30000000,1257.40000000,26764.0000,mstock
2026-09-11 11:15:00,1257.00000000,1257.10000000,1256.30000000,1256.70000000,27792.0000,mstock
2026-09-11 11:16:00,1256.70000000,1256.70000000,1256.00000000,1256.70000000,6809.0000,mstock
2026-09-11 11:17:00,1256.70000000,1257.50000000,1256.70000000,1257.50000000,18026.0000,mstock
2026-09-11 11:18:00,1257.50000000,1257.50000000,1256.60000000,1257.00000000,46444.0000,mstock
2026-09-11 11:19:00,1257.00000000,1257.30000000,1256.50000000,1257.00000000,33526.0000,mstock
2026-09-11 11:20:00,1257.10000000,1257.40000000,1256.70000000,1256.80000000,11364.0000,mstock
2026-09-11 11:21:00,1256.50000000,1256.90000000,1256.40000000,1256.80000000,8480.0000,mstock
2026-09-11 11:22:00,1256.90000000,1257.60000000,1256.80000000,1257.60000000,9900.0000,mstock
2026-09-11 11:23:00,1257.60000000,1258.10000000,1257.60000000,1258.00000000,22413.0000,mstock
2026-09-11 11:24:00,1257.50000000,1257.80000000,1257.00000000,1257.80000000,11618.0000,mstock
2026-09-11 11:25:00,1257.60000000,1258.20000000,1257.50000000,1257.90000000,12236.0000,mstock
2026-09-11 11:26:00,1257.90000000,1258.20000000,1257.60000000,1258.00000000,14914.0000,mstock
2026-09-11 11:27:00,1258.00000000,1258.30000000,1257.70000000,1258.30000000,19562.0000,mstock
2026-09-11 11:28:00,1258.40000000,1258.70000000,1258.00000000,1258.30000000,90604.0000,mstock
2026-09-11 11:29:00,1258.10000000,1258.40000000,1258.00000000,1258.30000000,10575.0000,mstock
2026-09-11 11:30:00,1258.30000000,1258.30000000,1257.90000000,1257.90000000,7321.0000,mstock
2026-09-11 11:31:00,1257.90000000,1258.00000000,1257.80000000,1257.90000000,3410.0000,mstock
2026-09-11 11:32:00,1257.90000000,1258.00000000,1257.70000000,1257.80000000,6077.0000,mstock
2026-09-11 11:33:00,1257.90000000,1258.10000000,1257.70000000,1257.70000000,7013.0000,mstock
2026-09-11 11:34:00,1257.80000000,1258.00000000,1257.70000000,1258.00000000,3803.0000,mstock
2026-09-11 11:35:00,1258.00000000,1258.80000000,1257.80000000,1258.80000000,15496.0000,mstock
2026-09-11 11:36:00,1258.70000000,1259.40000000,1258.70000000,1259.10000000,16582.0000,mstock
2026-09-11 11:37:00,1259.10000000,1259.10000000,1258.70000000,1258.90000000,4183.0000,mstock
2026-09-11 11:38:00,1259.00000000,1259.00000000,1258.50000000,1258.90000000,4712.0000,mstock
2026-09-11 11:39:00,1258.90000000,1258.90000000,1258.50000000,1258.80000000,4213.0000,mstock
2026-09-11 11:40:00,1258.80000000,1259.00000000,1258.50000000,1259.00000000,9660.0000,mstock
2026-09-11 11:41:00,1259.00000000,1259.20000000,1258.30000000,1259.10000000,20274.0000,mstock
2026-09-11 11:42:00,1258.80000000,1259.00000000,1258.40000000,1258.80000000,6905.0000,mstock
2026-09-11 11:43:00,1258.80000000,1259.00000000,1258.40000000,1258.90000000,12225.0000,mstock
2026-09-11 11:44:00,1259.00000000,1259.30000000,1258.50000000,1259.30000000,6563.0000,mstock
2026-09-11 11:45:00,1259.20000000,1260.00000000,1258.80000000,1259.60000000,71250.0000,mstock
2026-09-11 11:46:00,1259.70000000,1261.00000000,1259.40000000,1260.10000000,65559.0000,mstock
2026-09-11 11:47:00,1260.70000000,1260.70000000,1259.40000000,1259.80000000,36094.0000,mstock
2026-09-11 11:48:00,1259.80000000,1259.80000000,1258.40000000,1258.40000000,9769.0000,mstock
2026-09-11 11:49:00,1258.40000000,1258.70000000,1258.20000000,1258.60000000,6979.0000,mstock
2026-09-11 11:50:00,1258.60000000,1258.60000000,1258.10000000,1258.20000000,17824.0000,mstock
2026-09-11 11:51:00,1258.50000000,1258.80000000,1258.20000000,1258.50000000,8356.0000,mstock
2026-09-11 11:52:00,1258.50000000,1258.80000000,1258.10000000,1258.10000000,4861.0000,mstock
2026-09-11 11:53:00,1258.30000000,1258.30000000,1257.80000000,1258.10000000,8737.0000,mstock
2026-09-11 11:54:00,1258.00000000,1258.30000000,1258.00000000,1258.30000000,2989.0000,mstock
2026-09-11 11:55:00,1258.30000000,1258.30000000,1257.80000000,1258.30000000,6299.0000,mstock
2026-09-11 11:56:00,1258.30000000,1258.50000000,1258.00000000,1258.50000000,5357.0000,mstock
2026-09-11 11:57:00,1258.30000000,1258.70000000,1258.00000000,1258.20000000,16480.0000,mstock
2026-09-11 11:58:00,1258.50000000,1258.50000000,1258.10000000,1258.40000000,8190.0000,mstock
2026-09-11 11:59:00,1258.50000000,1258.80000000,1258.20000000,1258.80000000,7951.0000,mstock
2026-09-11 12:00:00,1258.80000000,1258.80000000,1258.30000000,1258.50000000,7413.0000,mstock
2026-09-11 12:01:00,1258.50000000,1258.60000000,1258.30000000,1258.60000000,3789.0000,mstock
2026-09-11 12:02:00,1258.60000000,1258.60000000,1258.10000000,1258.40000000,3352.0000,mstock
2026-09-11 12:03:00,1258.30000000,1258.50000000,1258.20000000,1258.20000000,6323.0000,mstock
2026-09-11 12:04:00,1258.70000000,1258.80000000,1258.20000000,1258.60000000,15206.0000,mstock
2026-09-11 12:05:00,1258.60000000,1259.00000000,1258.50000000,1259.00000000,7562.0000,mstock
2026-09-11 12:06:00,1259.00000000,1259.40000000,1258.70000000,1259.00000000,11488.0000,mstock
2026-09-11 12:07:00,1259.10000000,1259.30000000,1258.80000000,1259.20000000,6662.0000,mstock
2026-09-11 12:08:00,1259.20000000,1259.70000000,1259.00000000,1259.20000000,10270.0000,mstock
2026-09-11 12:09:00,1259.20000000,1259.30000000,1258.50000000,1258.70000000,8815.0000,mstock
2026-09-11 12:10:00,1258.70000000,1258.70000000,1258.00000000,1258.40000000,4795.0000,mstock
2026-09-11 12:11:00,1258.00000000,1258.40000000,1258.00000000,1258.30000000,7214.0000,mstock
2026-09-11 12:12:00,1258.30000000,1258.30000000,1257.00000000,1257.00000000,22240.0000,mstock
2026-09-11 12:13:00,1257.40000000,1257.60000000,1256.90000000,1257.50000000,15350.0000,mstock
2026-09-11 12:14:00,1257.50000000,1257.80000000,1257.10000000,1257.80000000,7113.0000,mstock
2026-09-11 12:15:00,1257.80000000,1258.20000000,1257.60000000,1257.70000000,4757.0000,mstock
2026-09-11 12:16:00,1257.70000000,1258.00000000,1257.60000000,1257.90000000,5816.0000,mstock
2026-09-11 12:17:00,1258.00000000,1258.30000000,1257.80000000,1258.00000000,8513.0000,mstock
2026-09-11 12:18:00,1258.00000000,1258.20000000,1257.80000000,1258.20000000,5673.0000,mstock
2026-09-11 12:19:00,1258.20000000,1258.50000000,1258.20000000,1258.40000000,6818.0000,mstock
2026-09-11 12:20:00,1258.30000000,1258.40000000,1257.70000000,1257.70000000,6804.0000,mstock
2026-09-11 12:21:00,1258.00000000,1258.10000000,1257.50000000,1257.80000000,4121.0000,mstock
2026-09-11 12:22:00,1257.80000000,1257.90000000,1257.30000000,1257.60000000,7705.0000,mstock
2026-09-11 12:23:00,1257.90000000,1258.10000000,1257.70000000,1257.80000000,7887.0000,mstock
2026-09-11 12:24:00,1258.00000000,1258.10000000,1257.90000000,1258.00000000,5450.0000,mstock
2026-09-11 12:25:00,1257.90000000,1258.10000000,1257.60000000,1258.00000000,6090.0000,mstock
2026-09-11 12:26:00,1257.60000000,1258.20000000,1257.60000000,1258.20000000,16122.0000,mstock
2026-09-11 12:27:00,1258.20000000,1258.20000000,1257.10000000,1257.60000000,39314.0000,mstock
2026-09-11 12:28:00,1257.60000000,1257.70000000,1257.30000000,1257.60000000,4175.0000,mstock
2026-09-11 12:29:00,1257.70000000,1257.70000000,1257.50000000,1257.70000000,4177.0000,mstock
2026-09-11 12:30:00,1257.60000000,1257.70000000,1257.20000000,1257.30000000,9162.0000,mstock
2026-09-11 12:31:00,1257.50000000,1257.80000000,1257.40000000,1257.40000000,4565.0000,mstock
2026-09-11 12:32:00,1257.60000000,1258.30000000,1257.50000000,1258.20000000,17921.0000,mstock
2026-09-11 12:33:00,1258.10000000,1258.20000000,1257.10000000,1257.10000000,8680.0000,mstock
2026-09-11 12:34:00,1257.30000000,1257.50000000,1257.10000000,1257.30000000,5326.0000,mstock
2026-09-11 12:35:00,1257.30000000,1257.40000000,1257.10000000,1257.20000000,6409.0000,mstock
2026-09-11 12:36:00,1257.10000000,1257.40000000,1257.10000000,1257.20000000,4791.0000,mstock
2026-09-11 12:37:00,1257.40000000,1257.50000000,1257.00000000,1257.00000000,19993.0000,mstock
2026-09-11 12:38:00,1257.00000000,1257.50000000,1256.50000000,1257.00000000,21608.0000,mstock
2026-09-11 12:39:00,1257.00000000,1257.50000000,1256.60000000,1257.10000000,8533.0000,mstock
2026-09-11 12:40:00,1257.50000000,1257.50000000,1256.70000000,1257.20000000,6773.0000,mstock
2026-09-11 12:41:00,1257.20000000,1257.60000000,1256.90000000,1257.50000000,5748.0000,mstock
2026-09-11 12:42:00,1257.60000000,1258.00000000,1257.40000000,1257.80000000,14083.0000,mstock
2026-09-11 12:43:00,1258.00000000,1258.00000000,1257.60000000,1257.80000000,11730.0000,mstock
2026-09-11 12:44:00,1257.80000000,1257.90000000,1257.00000000,1257.40000000,8215.0000,mstock
2026-09-11 12:45:00,1257.40000000,1257.40000000,1256.50000000,1256.50000000,12236.0000,mstock
2026-09-11 12:46:00,1256.50000000,1256.80000000,1256.10000000,1256.40000000,21010.0000,mstock
2026-09-11 12:47:00,1256.50000000,1256.80000000,1256.10000000,1256.50000000,16585.0000,mstock
2026-09-11 12:48:00,1256.70000000,1257.70000000,1256.70000000,1257.70000000,9169.0000,mstock
2026-09-11 12:49:00,1257.60000000,1257.90000000,1257.00000000,1257.30000000,12769.0000,mstock
2026-09-11 12:50:00,1257.20000000,1257.30000000,1257.00000000,1257.20000000,4356.0000,mstock
2026-09-11 12:51:00,1257.30000000,1257.50000000,1257.10000000,1257.20000000,8390.0000,mstock
2026-09-11 12:52:00,1257.20000000,1257.60000000,1257.10000000,1257.60000000,8938.0000,mstock
2026-09-11 12:53:00,1257.60000000,1257.70000000,1257.20000000,1257.60000000,6791.0000,mstock
2026-09-11 12:54:00,1257.60000000,1257.80000000,1257.50000000,1257.80000000,2877.0000,mstock
2026-09-11 12:55:00,1257.60000000,1258.00000000,1257.60000000,1258.00000000,10897.0000,mstock
2026-09-11 12:56:00,1257.90000000,1258.00000000,1257.80000000,1258.00000000,13192.0000,mstock
2026-09-11 12:57:00,1258.00000000,1258.00000000,1257.00000000,1257.50000000,15880.0000,mstock
2026-09-11 12:58:00,1257.50000000,1258.20000000,1257.10000000,1257.90000000,18053.0000,mstock
2026-09-11 12:59:00,1258.00000000,1258.20000000,1257.10000000,1257.40000000,16405.0000,mstock
2026-09-11 13:00:00,1257.40000000,1257.50000000,1257.00000000,1257.00000000,6596.0000,mstock
2026-09-11 13:01:00,1257.20000000,1257.50000000,1257.00000000,1257.50000000,12587.0000,mstock
2026-09-11 13:02:00,1257.50000000,1257.50000000,1257.00000000,1257.30000000,16332.0000,mstock
2026-09-11 13:03:00,1257.00000000,1257.30000000,1256.10000000,1256.30000000,18336.0000,mstock
2026-09-11 13:04:00,1256.20000000,1256.20000000,1256.10000000,1256.20000000,20349.0000,mstock
2026-09-11 13:05:00,1256.10000000,1256.20000000,1255.50000000,1255.60000000,29804.0000,mstock
2026-09-11 13:06:00,1255.80000000,1256.00000000,1255.10000000,1255.90000000,20825.0000,mstock
2026-09-11 13:07:00,1255.90000000,1256.50000000,1255.80000000,1256.40000000,11803.0000,mstock
2026-09-11 13:08:00,1256.50000000,1256.70000000,1256.30000000,1256.50000000,19537.0000,mstock
2026-09-11 13:09:00,1256.40000000,1256.40000000,1255.50000000,1255.60000000,11946.0000,mstock
2026-09-11 13:10:00,1255.60000000,1255.90000000,1255.50000000,1255.90000000,14654.0000,mstock
2026-09-11 13:11:00,1255.70000000,1255.70000000,1255.30000000,1255.70000000,25939.0000,mstock
2026-09-11 13:12:00,1255.50000000,1255.60000000,1255.10000000,1255.40000000,11770.0000,mstock
2026-09-11 13:13:00,1255.50000000,1256.00000000,1255.40000000,1255.80000000,12074.0000,mstock
2026-09-11 13:14:00,1255.80000000,1255.90000000,1255.50000000,1255.60000000,7619.0000,mstock
2026-09-11 13:15:00,1255.70000000,1255.80000000,1255.10000000,1255.20000000,15724.0000,mstock
2026-09-11 13:16:00,1255.20000000,1255.20000000,1255.10000000,1255.20000000,10309.0000,mstock
2026-09-11 13:17:00,1255.20000000,1255.30000000,1255.10000000,1255.10000000,7003.0000,mstock
2026-09-11 13:18:00,1255.40000000,1255.50000000,1255.10000000,1255.50000000,16140.0000,mstock
2026-09-11 13:19:00,1255.20000000,1255.40000000,1255.00000000,1255.20000000,32848.0000,mstock
2026-09-11 13:20:00,1255.20000000,1255.40000000,1255.00000000,1255.00000000,46450.0000,mstock
2026-09-11 13:21:00,1255.10000000,1255.20000000,1254.80000000,1255.00000000,9532.0000,mstock
2026-09-11 13:22:00,1255.00000000,1255.10000000,1254.80000000,1255.00000000,7883.0000,mstock
2026-09-11 13:23:00,1255.00000000,1255.30000000,1254.90000000,1255.30000000,6595.0000,mstock
2026-09-11 13:24:00,1254.90000000,1255.50000000,1254.90000000,1255.30000000,18430.0000,mstock
2026-09-11 13:25:00,1255.30000000,1255.30000000,1254.90000000,1255.20000000,14211.0000,mstock
2026-09-11 13:26:00,1255.30000000,1255.60000000,1255.00000000,1255.50000000,8067.0000,mstock
2026-09-11 13:27:00,1255.50000000,1255.60000000,1255.00000000,1255.50000000,75200.0000,mstock
2026-09-11 13:28:00,1255.40000000,1255.40000000,1255.00000000,1255.30000000,13679.0000,mstock
2026-09-11 13:29:00,1255.30000000,1255.30000000,1255.00000000,1255.20000000,23491.0000,mstock
2026-09-11 13:30:00,1255.30000000,1255.40000000,1255.00000000,1255.10000000,15435.0000,mstock
2026-09-11 13:31:00,1255.00000000,1255.30000000,1254.90000000,1255.20000000,12584.0000,mstock
2026-09-11 13:32:00,1255.20000000,1255.50000000,1255.00000000,1255.50000000,15027.0000,mstock
2026-09-11 13:33:00,1255.50000000,1255.70000000,1255.30000000,1255.60000000,15126.0000,mstock
2026-09-11 13:34:00,1255.70000000,1256.00000000,1255.10000000,1255.70000000,64514.0000,mstock
2026-09-11 13:35:00,1255.70000000,1255.90000000,1255.10000000,1255.20000000,33434.0000,mstock
2026-09-11 13:36:00,1255.20000000,1255.70000000,1255.00000000,1255.30000000,51923.0000,mstock
2026-09-11 13:37:00,1255.20000000,1255.90000000,1255.10000000,1255.80000000,18664.0000,mstock
2026-09-11 13:38:00,1255.80000000,1256.30000000,1255.50000000,1256.00000000,25573.0000,mstock
2026-09-11 13:39:00,1256.00000000,1256.50000000,1255.50000000,1255.70000000,30026.0000,mstock
2026-09-11 13:40:00,1255.70000000,1257.30000000,1255.60000000,1256.60000000,85620.0000,mstock
2026-09-11 13:41:00,1256.90000000,1257.00000000,1255.50000000,1255.70000000,24492.0000,mstock
2026-09-11 13:42:00,1255.60000000,1256.50000000,1255.50000000,1256.40000000,11472.0000,mstock
2026-09-11 13:43:00,1256.40000000,1256.40000000,1255.50000000,1256.00000000,11565.0000,mstock
2026-09-11 13:44:00,1256.20000000,1256.20000000,1255.60000000,1256.10000000,8317.0000,mstock
2026-09-11 13:45:00,1256.20000000,1256.40000000,1255.70000000,1256.00000000,7598.0000,mstock
2026-09-11 13:46:00,1256.00000000,1256.30000000,1255.40000000,1256.10000000,14730.0000,mstock
2026-09-11 13:47:00,1255.80000000,1256.20000000,1255.80000000,1255.80000000,6594.0000,mstock
2026-09-11 13:48:00,1255.80000000,1255.90000000,1255.20000000,1255.50000000,15347.0000,mstock
2026-09-11 13:49:00,1255.30000000,1255.80000000,1255.20000000,1255.80000000,12486.0000,mstock
2026-09-11 13:50:00,1255.50000000,1256.50000000,1255.50000000,1256.50000000,19776.0000,mstock
2026-09-11 13:51:00,1256.50000000,1257.30000000,1256.10000000,1257.30000000,77484.0000,mstock
2026-09-11 13:52:00,1257.20000000,1257.20000000,1256.10000000,1256.80000000,21563.0000,mstock
2026-09-11 13:53:00,1257.00000000,1257.00000000,1256.30000000,1257.00000000,8645.0000,mstock
2026-09-11 13:54:00,1256.60000000,1258.60000000,1256.60000000,1258.10000000,44645.0000,mstock
2026-09-11 13:55:00,1258.10000000,1259.00000000,1257.50000000,1259.00000000,36783.0000,mstock
2026-09-11 13:56:00,1259.00000000,1259.00000000,1258.50000000,1258.80000000,14035.0000,mstock
2026-09-11 13:57:00,1258.80000000,1259.50000000,1258.70000000,1259.50000000,75949.0000,mstock
2026-09-11 13:58:00,1259.50000000,1259.50000000,1259.00000000,1259.20000000,23787.0000,mstock
2026-09-11 13:59:00,1259.20000000,1259.40000000,1259.00000000,1259.10000000,8723.0000,mstock
2026-09-11 14:00:00,1259.30000000,1260.50000000,1259.10000000,1260.00000000,47955.0000,mstock
2026-09-11 14:01:00,1260.40000000,1260.60000000,1260.00000000,1260.00000000,26795.0000,mstock
2026-09-11 14:02:00,1260.50000000,1261.90000000,1260.10000000,1261.80000000,48300.0000,mstock
2026-09-11 14:03:00,1261.80000000,1263.60000000,1261.30000000,1263.00000000,76975.0000,mstock
2026-09-11 14:04:00,1263.40000000,1263.90000000,1263.00000000,1263.00000000,53359.0000,mstock
2026-09-11 14:05:00,1263.40000000,1263.40000000,1261.80000000,1262.00000000,31682.0000,mstock
2026-09-11 14:06:00,1262.00000000,1262.20000000,1261.00000000,1261.10000000,26369.0000,mstock
2026-09-11 14:07:00,1261.80000000,1262.50000000,1261.50000000,1262.30000000,28389.0000,mstock
2026-09-11 14:08:00,1262.50000000,1263.40000000,1262.30000000,1262.90000000,31534.0000,mstock
2026-09-11 14:09:00,1262.90000000,1263.30000000,1262.30000000,1263.20000000,41616.0000,mstock
2026-09-11 14:10:00,1263.20000000,1263.40000000,1263.00000000,1263.20000000,15110.0000,mstock
2026-09-11 14:11:00,1263.20000000,1263.40000000,1262.80000000,1263.10000000,24398.0000,mstock
2026-09-11 14:12:00,1263.20000000,1263.70000000,1263.10000000,1263.50000000,24701.0000,mstock
2026-09-11 14:13:00,1263.50000000,1263.80000000,1262.80000000,1262.80000000,17552.0000,mstock
2026-09-11 14:14:00,1263.00000000,1263.00000000,1262.10000000,1262.80000000,15468.0000,mstock
2026-09-11 14:15:00,1262.80000000,1263.20000000,1262.30000000,1263.20000000,17689.0000,mstock
2026-09-11 14:16:00,1263.20000000,1263.30000000,1262.90000000,1263.30000000,12910.0000,mstock
2026-09-11 14:17:00,1263.20000000,1263.50000000,1263.00000000,1263.20000000,10646.0000,mstock
2026-09-11 14:18:00,1263.20000000,1263.20000000,1262.10000000,1262.40000000,13688.0000,mstock
2026-09-11 14:19:00,1262.10000000,1263.50000000,1262.10000000,1263.00000000,12693.0000,mstock
2026-09-11 14:20:00,1263.30000000,1263.70000000,1263.00000000,1263.70000000,28117.0000,mstock
2026-09-11 14:21:00,1263.80000000,1263.80000000,1263.00000000,1263.80000000,15067.0000,mstock
2026-09-11 14:22:00,1263.50000000,1263.90000000,1263.40000000,1263.60000000,12049.0000,mstock
2026-09-11 14:23:00,1263.60000000,1263.80000000,1263.20000000,1263.60000000,9086.0000,mstock
2026-09-11 14:24:00,1263.20000000,1264.00000000,1263.20000000,1264.00000000,20676.0000,mstock
2026-09-11 14:25:00,1263.70000000,1264.30000000,1263.60000000,1263.90000000,24152.0000,mstock
2026-09-11 14:26:00,1263.90000000,1264.40000000,1263.10000000,1264.40000000,15094.0000,mstock
2026-09-11 14:27:00,1264.40000000,1264.80000000,1263.90000000,1264.80000000,29175.0000,mstock
2026-09-11 14:28:00,1264.80000000,1265.30000000,1264.40000000,1265.30000000,61994.0000,mstock
2026-09-11 14:29:00,1265.30000000,1265.50000000,1264.70000000,1265.20000000,34363.0000,mstock
2026-09-11 14:30:00,1265.20000000,1265.30000000,1264.70000000,1265.20000000,17557.0000,mstock
2026-09-11 14:31:00,1265.30000000,1265.50000000,1264.90000000,1265.20000000,21212.0000,mstock
2026-09-11 14:32:00,1265.20000000,1265.40000000,1264.80000000,1265.00000000,14243.0000,mstock
2026-09-11 14:33:00,1265.00000000,1265.00000000,1264.10000000,1264.50000000,22065.0000,mstock
2026-09-11 14:34:00,1264.60000000,1264.70000000,1263.90000000,1264.00000000,17630.0000,mstock
2026-09-11 14:35:00,1264.40000000,1264.90000000,1264.10000000,1264.80000000,21015.0000,mstock
2026-09-11 14:36:00,1265.00000000,1265.00000000,1264.00000000,1264.30000000,28238.0000,mstock
2026-09-11 14:37:00,1264.70000000,1264.70000000,1264.00000000,1264.00000000,12335.0000,mstock
2026-09-11 14:38:00,1263.80000000,1264.20000000,1263.30000000,1263.50000000,20655.0000,mstock
2026-09-11 14:39:00,1263.70000000,1264.10000000,1263.20000000,1263.90000000,19735.0000,mstock
2026-09-11 14:40:00,1264.00000000,1264.20000000,1263.60000000,1263.60000000,15672.0000,mstock
2026-09-11 14:41:00,1263.90000000,1264.30000000,1263.40000000,1263.80000000,15719.0000,mstock
2026-09-11 14:42:00,1264.10000000,1264.80000000,1263.60000000,1264.80000000,16937.0000,mstock
2026-09-11 14:43:00,1264.80000000,1264.80000000,1264.20000000,1264.60000000,11141.0000,mstock
2026-09-11 14:44:00,1264.70000000,1265.00000000,1264.30000000,1264.60000000,26092.0000,mstock
2026-09-11 14:45:00,1264.60000000,1264.80000000,1263.50000000,1264.20000000,23413.0000,mstock
2026-09-11 14:46:00,1264.10000000,1264.20000000,1263.30000000,1263.30000000,15479.0000,mstock
2026-09-11 14:47:00,1263.60000000,1263.90000000,1263.10000000,1263.20000000,13838.0000,mstock
2026-09-11 14:48:00,1263.40000000,1263.90000000,1263.20000000,1263.20000000,14130.0000,mstock
2026-09-11 14:49:00,1263.30000000,1264.00000000,1263.10000000,1263.70000000,32279.0000,mstock
2026-09-11 14:50:00,1263.70000000,1263.90000000,1263.10000000,1263.40000000,24013.0000,mstock
2026-09-11 14:51:00,1263.40000000,1263.40000000,1262.70000000,1262.80000000,35052.0000,mstock
2026-09-11 14:52:00,1263.00000000,1263.00000000,1262.10000000,1262.40000000,27412.0000,mstock
2026-09-11 14:53:00,1262.70000000,1263.40000000,1261.80000000,1262.00000000,105292.0000,mstock
2026-09-11 14:54:00,1261.90000000,1262.80000000,1261.50000000,1261.60000000,95030.0000,mstock
2026-09-11 14:55:00,1261.70000000,1261.80000000,1261.30000000,1261.60000000,33122.0000,mstock
2026-09-11 14:56:00,1261.60000000,1262.00000000,1261.50000000,1261.80000000,23042.0000,mstock
2026-09-11 14:57:00,1262.00000000,1262.70000000,1261.80000000,1262.30000000,31319.0000,mstock
2026-09-11 14:58:00,1262.30000000,1262.90000000,1262.30000000,1262.80000000,12343.0000,mstock
2026-09-11 14:59:00,1262.80000000,1263.00000000,1262.60000000,1263.00000000,16853.0000,mstock
2026-09-11 15:00:00,1262.80000000,1263.00000000,1262.50000000,1262.90000000,20599.0000,mstock
2026-09-11 15:01:00,1262.90000000,1263.30000000,1262.60000000,1262.70000000,25259.0000,mstock
2026-09-11 15:02:00,1262.90000000,1263.00000000,1262.30000000,1262.50000000,24061.0000,mstock
2026-09-11 15:03:00,1262.80000000,1262.80000000,1262.30000000,1262.30000000,16034.0000,mstock
2026-09-11 15:04:00,1262.50000000,1262.50000000,1262.00000000,1262.00000000,21349.0000,mstock
2026-09-11 15:05:00,1262.00000000,1262.10000000,1261.50000000,1261.70000000,30476.0000,mstock
2026-09-11 15:06:00,1261.80000000,1262.00000000,1261.20000000,1262.00000000,33844.0000,mstock
2026-09-11 15:07:00,1262.00000000,1262.00000000,1261.30000000,1261.80000000,22504.0000,mstock
2026-09-11 15:08:00,1261.80000000,1262.20000000,1261.80000000,1262.00000000,23095.0000,mstock
2026-09-11 15:09:00,1262.20000000,1262.90000000,1262.20000000,1262.90000000,34095.0000,mstock
2026-09-11 15:10:00,1263.30000000,1263.50000000,1263.20000000,1263.30000000,38589.0000,mstock
2026-09-11 15:11:00,1263.50000000,1263.70000000,1263.00000000,1263.30000000,28958.0000,mstock
2026-09-11 15:12:00,1263.30000000,1264.00000000,1263.00000000,1263.60000000,51118.0000,mstock
2026-09-11 15:13:00,1263.80000000,1263.90000000,1263.20000000,1263.60000000,38662.0000,mstock
2026-09-11 15:14:00,1263.60000000,1263.90000000,1262.10000000,1263.00000000,44369.0000,mstock
2026-09-11 15:15:00,1263.00000000,1263.00000000,1263.00000000,1263.00000000,11.0000,mstock
2026-09-11 15:20:00,1263.00000000,1263.00000000,1263.00000000,1263.00000000,0.0000,mstock
2026-09-11 15:21:00,1263.00000000,1263.00000000,1263.00000000,1263.00000000,23627.0000,mstock
2026-09-11 15:22:00,1263.00000000,1263.00000000,1263.00000000,1263.00000000,227169.0000,mstock
2026-09-11 15:23:00,1263.00000000,1263.00000000,1263.00000000,1263.00000000,22696.0000,mstock
2026-09-11 15:24:00,1263.00000000,1263.00000000,1263.00000000,1263.00000000,1361.0000,mstock
2026-09-11 15:25:00,1263.00000000,1263.00000000,1263.00000000,1263.00000000,18.0000,mstock
2026-09-11 15:26:00,1263.00000000,1263.00000000,1263.00000000,1263.00000000,63.0000,mstock
2026-09-11 15:27:00,1263.00000000,1263.00000000,1263.00000000,1263.00000000,11657.0000,mstock
2026-09-11 15:28:00,1263.00000000,1263.00000000,1263.00000000,1263.00000000,268.0000,mstock
2026-09-11 15:29:00,1263.00000000,1263.00000000,1257.50000000,1257.50000000,7938419.0000,mstock
2026-09-15 09:15:00,1252.50000000,1257.70000000,1249.20000000,1251.80000000,818800.0000,mstock
2026-09-15 09:16:00,1251.80000000,1256.70000000,1251.80000000,1256.10000000,126527.0000,mstock
2026-09-15 09:17:00,1256.00000000,1256.90000000,1255.80000000,1256.80000000,56596.0000,mstock
2026-09-15 09:18:00,1256.80000000,1256.80000000,1253.00000000,1253.00000000,128843.0000,mstock
2026-09-15 09:19:00,1253.40000000,1253.90000000,1251.90000000,1253.40000000,225451.0000,mstock
2026-09-15 09:20:00,1253.10000000,1253.90000000,1252.10000000,1253.90000000,45418.0000,mstock
2026-09-15 09:21:00,1253.90000000,1254.10000000,1253.50000000,1253.50000000,27482.0000,mstock
2026-09-15 09:22:00,1253.50000000,1253.50000000,1252.90000000,1253.00000000,54334.0000,mstock
2026-09-15 09:23:00,1252.90000000,1253.40000000,1252.20000000,1253.00000000,80503.0000,mstock
2026-09-15 09:24:00,1252.90000000,1253.00000000,1252.40000000,1252.60000000,102904.0000,mstock
2026-09-15 09:25:00,1252.60000000,1252.60000000,1251.10000000,1251.20000000,57329.0000,mstock
2026-09-15 09:26:00,1251.20000000,1251.20000000,1249.60000000,1250.40000000,164488.0000,mstock
2026-09-15 09:27:00,1250.40000000,1251.30000000,1250.20000000,1250.90000000,31865.0000,mstock
2026-09-15 09:28:00,1250.70000000,1251.10000000,1250.50000000,1250.50000000,33204.0000,mstock
2026-09-15 09:29:00,1251.00000000,1252.50000000,1251.00000000,1252.50000000,46270.0000,mstock
2026-09-15 09:30:00,1252.60000000,1253.80000000,1252.60000000,1253.60000000,49343.0000,mstock
2026-09-15 09:31:00,1253.60000000,1253.70000000,1253.10000000,1253.60000000,26286.0000,mstock
2026-09-15 09:32:00,1253.40000000,1253.60000000,1252.90000000,1253.40000000,47195.0000,mstock
2026-09-15 09:33:00,1253.50000000,1255.10000000,1253.00000000,1255.10000000,55336.0000,mstock
2026-09-15 09:34:00,1255.30000000,1255.40000000,1254.90000000,1255.30000000,29254.0000,mstock
2026-09-15 09:35:00,1255.20000000,1257.00000000,1255.20000000,1257.00000000,67732.0000,mstock
2026-09-15 09:36:00,1257.40000000,1257.40000000,1255.80000000,1256.00000000,39054.0000,mstock
2026-09-15 09:37:00,1256.00000000,1257.30000000,1255.50000000,1257.00000000,53472.0000,mstock
2026-09-15 09:38:00,1257.00000000,1257.60000000,1256.70000000,1257.60000000,44624.0000,mstock
2026-09-15 09:39:00,1257.50000000,1258.70000000,1257.50000000,1258.60000000,44784.0000,mstock
2026-09-15 09:40:00,1258.80000000,1259.10000000,1258.10000000,1258.10000000,55983.0000,mstock
2026-09-15 09:41:00,1258.10000000,1258.10000000,1256.30000000,1256.40000000,52780.0000,mstock
2026-09-15 09:42:00,1256.40000000,1256.50000000,1256.10000000,1256.10000000,27939.0000,mstock
2026-09-15 09:43:00,1256.20000000,1256.90000000,1256.10000000,1256.90000000,46678.0000,mstock
2026-09-15 09:44:00,1256.90000000,1257.00000000,1256.30000000,1256.70000000,19886.0000,mstock
2026-09-15 09:45:00,1256.50000000,1256.50000000,1255.90000000,1255.90000000,30118.0000,mstock
2026-09-15 09:46:00,1256.00000000,1257.00000000,1256.00000000,1256.30000000,22313.0000,mstock
2026-09-15 09:47:00,1256.30000000,1256.30000000,1255.80000000,1256.00000000,22228.0000,mstock
2026-09-15 09:48:00,1256.20000000,1256.20000000,1255.00000000,1255.00000000,35438.0000,mstock
2026-09-15 09:49:00,1255.00000000,1255.00000000,1254.10000000,1254.20000000,36022.0000,mstock
2026-09-15 09:50:00,1254.10000000,1254.20000000,1253.60000000,1254.00000000,46195.0000,mstock
2026-09-15 09:51:00,1253.80000000,1254.80000000,1253.80000000,1254.40000000,51643.0000,mstock
2026-09-15 09:52:00,1254.60000000,1255.00000000,1254.20000000,1254.50000000,28016.0000,mstock
2026-09-15 09:53:00,1254.60000000,1255.10000000,1254.50000000,1254.90000000,21158.0000,mstock
2026-09-15 09:54:00,1254.60000000,1255.10000000,1254.60000000,1255.00000000,15851.0000,mstock
2026-09-15 09:55:00,1255.00000000,1255.00000000,1253.50000000,1254.10000000,37877.0000,mstock
2026-09-15 09:56:00,1254.10000000,1254.10000000,1253.20000000,1253.40000000,21762.0000,mstock
2026-09-15 09:57:00,1253.30000000,1253.60000000,1253.20000000,1253.40000000,36717.0000,mstock
2026-09-15 09:58:00,1253.50000000,1254.10000000,1253.40000000,1253.90000000,16069.0000,mstock
2026-09-15 09:59:00,1254.40000000,1254.60000000,1254.20000000,1254.40000000,18034.0000,mstock
2026-09-15 10:00:00,1254.40000000,1254.40000000,1253.80000000,1254.20000000,32387.0000,mstock
2026-09-15 10:01:00,1254.00000000,1254.00000000,1253.80000000,1254.00000000,16452.0000,mstock
2026-09-15 10:02:00,1254.00000000,1254.80000000,1254.00000000,1254.70000000,12805.0000,mstock
2026-09-15 10:03:00,1254.70000000,1254.70000000,1254.40000000,1254.40000000,11046.0000,mstock
2026-09-15 10:04:00,1254.40000000,1254.70000000,1254.20000000,1254.40000000,15668.0000,mstock
2026-09-15 10:05:00,1254.40000000,1255.90000000,1254.40000000,1255.90000000,27411.0000,mstock
2026-09-15 10:06:00,1255.50000000,1255.50000000,1254.50000000,1255.30000000,23027.0000,mstock
2026-09-15 10:07:00,1255.30000000,1256.30000000,1255.20000000,1256.10000000,19043.0000,mstock
2026-09-15 10:08:00,1256.00000000,1256.10000000,1255.90000000,1256.00000000,18195.0000,mstock
2026-09-15 10:09:00,1256.00000000,1256.30000000,1255.70000000,1255.80000000,54409.0000,mstock
2026-09-15 10:10:00,1255.70000000,1256.10000000,1255.00000000,1255.10000000,29474.0000,mstock
2026-09-15 10:11:00,1255.10000000,1255.80000000,1255.00000000,1255.80000000,17209.0000,mstock
2026-09-15 10:12:00,1256.00000000,1256.50000000,1255.90000000,1256.50000000,25449.0000,mstock
2026-09-15 10:13:00,1256.50000000,1256.50000000,1256.20000000,1256.30000000,10059.0000,mstock
2026-09-15 10:14:00,1256.30000000,1256.30000000,1255.90000000,1256.00000000,12053.0000,mstock
2026-09-15 10:15:00,1256.00000000,1256.00000000,1255.60000000,1255.60000000,16945.0000,mstock
2026-09-15 10:16:00,1255.70000000,1255.80000000,1255.50000000,1255.80000000,19786.0000,mstock
2026-09-15 10:17:00,1255.80000000,1256.20000000,1255.50000000,1256.20000000,11369.0000,mstock
2026-09-15 10:18:00,1256.10000000,1256.90000000,1256.10000000,1256.90000000,6711.0000,mstock
2026-09-15 10:19:00,1256.80000000,1256.80000000,1256.20000000,1256.20000000,12580.0000,mstock
2026-09-15 10:20:00,1256.20000000,1256.20000000,1255.60000000,1255.60000000,20839.0000,mstock
2026-09-15 10:21:00,1255.90000000,1256.00000000,1255.80000000,1256.00000000,14437.0000,mstock
2026-09-15 10:22:00,1256.00000000,1256.60000000,1255.90000000,1256.60000000,16579.0000,mstock
2026-09-15 10:23:00,1256.00000000,1256.40000000,1256.00000000,1256.30000000,4192.0000,mstock
2026-09-15 10:24:00,1256.30000000,1257.10000000,1256.30000000,1256.70000000,24711.0000,mstock
2026-09-15 10:25:00,1256.60000000,1256.60000000,1256.10000000,1256.10000000,15215.0000,mstock
2026-09-15 10:26:00,1256.10000000,1256.30000000,1255.50000000,1255.80000000,17300.0000,mstock
2026-09-15 10:27:00,1255.80000000,1255.80000000,1255.50000000,1255.70000000,10177.0000,mstock
2026-09-15 10:28:00,1255.70000000,1255.70000000,1255.40000000,1255.60000000,18346.0000,mstock
2026-09-15 10:29:00,1255.40000000,1255.50000000,1255.30000000,1255.40000000,6684.0000,mstock
2026-09-15 10:30:00,1255.30000000,1255.40000000,1254.70000000,1255.00000000,36685.0000,mstock
2026-09-15 10:31:00,1255.00000000,1255.30000000,1254.90000000,1255.00000000,20307.0000,mstock
2026-09-15 10:32:00,1255.00000000,1255.10000000,1254.90000000,1255.10000000,9202.0000,mstock
2026-09-15 10:33:00,1255.00000000,1255.30000000,1255.00000000,1255.10000000,5895.0000,mstock
2026-09-15 10:34:00,1255.10000000,1255.60000000,1255.10000000,1255.60000000,12952.0000,mstock
2026-09-15 10:35:00,1255.30000000,1255.40000000,1255.30000000,1255.40000000,19215.0000,mstock
2026-09-15 10:36:00,1255.40000000,1255.90000000,1255.30000000,1255.90000000,35502.0000,mstock
2026-09-15 10:37:00,1256.00000000,1256.00000000,1255.40000000,1255.40000000,14555.0000,mstock
2026-09-15 10:38:00,1255.50000000,1255.90000000,1255.50000000,1255.80000000,9044.0000,mstock
2026-09-15 10:39:00,1255.80000000,1256.00000000,1255.40000000,1255.40000000,45055.0000,mstock
2026-09-15 10:40:00,1255.50000000,1255.60000000,1255.10000000,1255.20000000,37479.0000,mstock
2026-09-15 10:41:00,1255.20000000,1255.20000000,1255.10000000,1255.20000000,13755.0000,mstock
2026-09-15 10:42:00,1255.20000000,1255.20000000,1255.00000000,1255.10000000,12090.0000,mstock
2026-09-15 10:43:00,1255.00000000,1255.10000000,1254.50000000,1255.10000000,38086.0000,mstock
2026-09-15 10:44:00,1255.10000000,1255.10000000,1255.00000000,1255.00000000,8285.0000,mstock
2026-09-15 10:45:00,1255.10000000,1255.10000000,1255.00000000,1255.10000000,13741.0000,mstock
2026-09-15 10:46:00,1255.10000000,1255.10000000,1254.70000000,1254.70000000,53183.0000,mstock
2026-09-15 10:47:00,1254.70000000,1254.70000000,1254.30000000,1254.50000000,17226.0000,mstock
2026-09-15 10:48:00,1254.40000000,1254.60000000,1254.20000000,1254.50000000,24686.0000,mstock
2026-09-15 10:49:00,1254.30000000,1254.50000000,1254.10000000,1254.20000000,16743.0000,mstock
2026-09-15 10:50:00,1254.10000000,1254.50000000,1253.90000000,1254.30000000,48415.0000,mstock
2026-09-15 10:51:00,1254.40000000,1254.40000000,1253.00000000,1253.00000000,77443.0000,mstock
2026-09-15 10:52:00,1253.20000000,1253.70000000,1253.00000000,1253.10000000,50433.0000,mstock
2026-09-15 10:53:00,1253.00000000,1253.30000000,1253.00000000,1253.20000000,22964.0000,mstock
2026-09-15 10:54:00,1253.60000000,1254.00000000,1253.60000000,1254.00000000,49404.0000,mstock
2026-09-15 10:55:00,1254.00000000,1254.00000000,1253.70000000,1254.00000000,22369.0000,mstock
2026-09-15 10:56:00,1254.00000000,1254.30000000,1253.90000000,1254.00000000,18196.0000,mstock
2026-09-15 10:57:00,1254.00000000,1254.60000000,1254.00000000,1254.50000000,19032.0000,mstock
2026-09-15 10:58:00,1254.50000000,1254.70000000,1254.40000000,1254.70000000,16151.0000,mstock
2026-09-15 10:59:00,1254.70000000,1255.60000000,1254.70000000,1255.40000000,20249.0000,mstock
2026-09-15 11:00:00,1255.40000000,1255.70000000,1255.20000000,1255.30000000,10396.0000,mstock
2026-09-15 11:01:00,1255.60000000,1256.60000000,1255.60000000,1256.30000000,15201.0000,mstock
2026-09-15 11:02:00,1256.60000000,1256.70000000,1256.20000000,1256.30000000,22811.0000,mstock
2026-09-15 11:03:00,1256.80000000,1256.80000000,1256.50000000,1256.70000000,11101.0000,mstock
2026-09-15 11:04:00,1256.70000000,1256.70000000,1256.50000000,1256.60000000,8679.0000,mstock
2026-09-15 11:05:00,1256.60000000,1256.60000000,1256.30000000,1256.40000000,8393.0000,mstock
2026-09-15 11:06:00,1256.30000000,1256.40000000,1256.30000000,1256.40000000,7862.0000,mstock
2026-09-15 11:07:00,1256.30000000,1256.40000000,1256.10000000,1256.10000000,21784.0000,mstock
2026-09-15 11:08:00,1256.20000000,1256.20000000,1256.10000000,1256.20000000,5738.0000,mstock
2026-09-15 11:09:00,1256.20000000,1256.20000000,1256.10000000,1256.20000000,9922.0000,mstock
2026-09-15 11:10:00,1256.20000000,1256.50000000,1255.60000000,1256.40000000,55140.0000,mstock
2026-09-15 11:11:00,1256.20000000,1258.00000000,1256.20000000,1257.70000000,50109.0000,mstock
2026-09-15 11:12:00,1257.40000000,1257.50000000,1256.40000000,1257.20000000,25440.0000,mstock
2026-09-15 11:13:00,1257.20000000,1257.40000000,1257.00000000,1257.40000000,14381.0000,mstock
2026-09-15 11:14:00,1257.40000000,1257.40000000,1257.10000000,1257.30000000,6609.0000,mstock
2026-09-15 11:15:00,1257.40000000,1257.50000000,1257.20000000,1257.40000000,8858.0000,mstock
2026-09-15 11:16:00,1257.40000000,1257.40000000,1256.70000000,1256.70000000,28581.0000,mstock
2026-09-15 11:17:00,1256.80000000,1256.80000000,1256.70000000,1256.80000000,14863.0000,mstock
2026-09-15 11:18:00,1256.80000000,1256.80000000,1256.60000000,1256.70000000,17118.0000,mstock
2026-09-15 11:19:00,1256.70000000,1256.70000000,1256.10000000,1256.20000000,41907.0000,mstock
2026-09-15 11:20:00,1256.30000000,1256.30000000,1255.60000000,1255.60000000,30583.0000,mstock
2026-09-15 11:21:00,1255.50000000,1255.60000000,1255.50000000,1255.50000000,19990.0000,mstock
2026-09-15 11:22:00,1255.50000000,1255.90000000,1255.50000000,1255.50000000,17869.0000,mstock
2026-09-15 11:23:00,1255.50000000,1255.90000000,1255.50000000,1255.60000000,16460.0000,mstock
2026-09-15 11:24:00,1255.70000000,1256.20000000,1255.70000000,1256.20000000,11823.0000,mstock
2026-09-15 11:25:00,1256.20000000,1256.30000000,1255.70000000,1255.80000000,17580.0000,mstock
2026-09-15 11:26:00,1255.60000000,1255.70000000,1255.10000000,1255.10000000,31346.0000,mstock
2026-09-15 11:27:00,1255.30000000,1255.60000000,1255.20000000,1255.20000000,9519.0000,mstock
2026-09-15 11:28:00,1255.40000000,1255.40000000,1255.20000000,1255.40000000,13141.0000,mstock
2026-09-15 11:29:00,1255.20000000,1255.40000000,1255.20000000,1255.40000000,7100.0000,mstock
2026-09-15 11:30:00,1255.40000000,1255.50000000,1254.40000000,1254.40000000,35613.0000,mstock
2026-09-15 11:31:00,1254.70000000,1254.80000000,1254.40000000,1254.70000000,17156.0000,mstock
2026-09-15 11:32:00,1254.70000000,1255.00000000,1254.60000000,1254.80000000,12724.0000,mstock
2026-09-15 11:33:00,1254.90000000,1255.00000000,1254.80000000,1254.80000000,7078.0000,mstock
2026-09-15 11:34:00,1254.80000000,1255.40000000,1254.80000000,1255.30000000,57787.0000,mstock
2026-09-15 11:35:00,1255.30000000,1255.30000000,1254.90000000,1255.00000000,31047.0000,mstock
2026-09-15 11:36:00,1255.00000000,1255.80000000,1254.90000000,1255.80000000,23854.0000,mstock
2026-09-15 11:37:00,1255.60000000,1255.70000000,1255.60000000,1255.60000000,8033.0000,mstock
2026-09-15 11:38:00,1255.60000000,1256.20000000,1255.50000000,1256.00000000,14498.0000,mstock
2026-09-15 11:39:00,1255.90000000,1256.40000000,1255.90000000,1256.30000000,10987.0000,mstock
2026-09-15 11:40:00,1256.50000000,1256.50000000,1255.80000000,1255.80000000,20858.0000,mstock
2026-09-15 11:41:00,1255.90000000,1256.10000000,1255.90000000,1256.10000000,8634.0000,mstock
2026-09-15 11:42:00,1256.20000000,1256.30000000,1255.90000000,1255.90000000,15021.0000,mstock
2026-09-15 11:43:00,1255.90000000,1255.90000000,1255.60000000,1255.70000000,14371.0000,mstock
2026-09-15 11:44:00,1255.70000000,1255.90000000,1255.60000000,1255.80000000,7446.0000,mstock
2026-09-15 11:45:00,1255.90000000,1255.90000000,1255.80000000,1255.90000000,8117.0000,mstock
2026-09-15 11:46:00,1256.00000000,1256.00000000,1255.80000000,1256.00000000,14305.0000,mstock
2026-09-15 11:47:00,1256.10000000,1256.30000000,1256.10000000,1256.20000000,17474.0000,mstock
2026-09-15 11:48:00,1256.20000000,1257.10000000,1256.20000000,1257.00000000,19278.0000,mstock
2026-09-15 11:49:00,1257.00000000,1257.00000000,1255.50000000,1255.90000000,92164.0000,mstock
2026-09-15 11:50:00,1255.80000000,1256.00000000,1255.40000000,1255.50000000,21928.0000,mstock
2026-09-15 11:51:00,1255.50000000,1255.70000000,1255.40000000,1255.40000000,28976.0000,mstock
2026-09-15 11:52:00,1255.50000000,1255.50000000,1255.00000000,1255.20000000,22467.0000,mstock
2026-09-15 11:53:00,1255.20000000,1255.20000000,1255.10000000,1255.10000000,11687.0000,mstock
2026-09-15 11:54:00,1255.20000000,1255.20000000,1255.00000000,1255.20000000,17717.0000,mstock
2026-09-15 11:55:00,1255.20000000,1255.20000000,1255.00000000,1255.10000000,9757.0000,mstock
2026-09-15 11:56:00,1255.10000000,1255.20000000,1255.00000000,1255.20000000,13004.0000,mstock
2026-09-15 11:57:00,1255.20000000,1255.20000000,1255.10000000,1255.20000000,6327.0000,mstock
2026-09-15 11:58:00,1255.20000000,1255.30000000,1255.10000000,1255.30000000,16034.0000,mstock
2026-09-15 11:59:00,1255.30000000,1255.30000000,1255.20000000,1255.30000000,10509.0000,mstock
2026-09-15 12:00:00,1255.30000000,1255.30000000,1255.20000000,1255.30000000,6678.0000,mstock
2026-09-15 12:01:00,1255.20000000,1255.40000000,1255.20000000,1255.40000000,9787.0000,mstock
2026-09-15 12:02:00,1255.30000000,1256.40000000,1255.30000000,1256.30000000,17221.0000,mstock
2026-09-15 12:03:00,1256.30000000,1256.70000000,1256.20000000,1256.70000000,6894.0000,mstock
2026-09-15 12:04:00,1256.70000000,1256.80000000,1256.40000000,1256.40000000,9189.0000,mstock
2026-09-15 12:05:00,1256.40000000,1256.90000000,1256.40000000,1256.80000000,10029.0000,mstock
2026-09-15 12:06:00,1256.70000000,1256.70000000,1255.90000000,1256.00000000,20177.0000,mstock
2026-09-15 12:07:00,1256.00000000,1256.10000000,1255.90000000,1256.00000000,15248.0000,mstock
2026-09-15 12:08:00,1255.90000000,1256.70000000,1255.90000000,1256.50000000,13669.0000,mstock
2026-09-15 12:09:00,1256.50000000,1256.60000000,1256.00000000,1256.10000000,17524.0000,mstock
2026-09-15 12:10:00,1256.20000000,1256.20000000,1256.10000000,1256.10000000,6135.0000,mstock
2026-09-15 12:11:00,1256.10000000,1256.20000000,1255.10000000,1255.20000000,102951.0000,mstock
2026-09-15 12:12:00,1255.30000000,1255.30000000,1255.10000000,1255.20000000,10305.0000,mstock
2026-09-15 12:13:00,1255.10000000,1255.50000000,1255.10000000,1255.40000000,15242.0000,mstock
2026-09-15 12:14:00,1255.40000000,1256.00000000,1255.40000000,1255.90000000,15403.0000,mstock
2026-09-15 12:15:00,1255.90000000,1256.00000000,1255.70000000,1255.90000000,5033.0000,mstock
2026-09-15 12:16:00,1255.80000000,1255.90000000,1255.80000000,1255.90000000,4097.0000,mstock
2026-09-15 12:17:00,1255.90000000,1255.90000000,1255.70000000,1255.70000000,6210.0000,mstock
2026-09-15 12:18:00,1255.70000000,1255.70000000,1255.50000000,1255.50000000,5758.0000,mstock
2026-09-15 12:19:00,1255.50000000,1255.80000000,1255.20000000,1255.40000000,22451.0000,mstock
2026-09-15 12:20:00,1255.40000000,1255.40000000,1255.00000000,1255.30000000,19565.0000,mstock
2026-09-15 12:21:00,1255.30000000,1255.50000000,1255.20000000,1255.50000000,9657.0000,mstock
2026-09-15 12:22:00,1255.60000000,1255.60000000,1255.40000000,1255.60000000,16205.0000,mstock
2026-09-15 12:23:00,1255.60000000,1255.60000000,1255.40000000,1255.50000000,9435.0000,mstock
2026-09-15 12:24:00,1255.50000000,1255.70000000,1255.40000000,1255.60000000,14922.0000,mstock
2026-09-15 12:25:00,1255.60000000,1255.60000000,1255.50000000,1255.50000000,10402.0000,mstock
2026-09-15 12:26:00,1255.60000000,1255.60000000,1255.40000000,1255.50000000,21933.0000,mstock
2026-09-15 12:27:00,1255.40000000,1255.50000000,1255.40000000,1255.40000000,8541.0000,mstock
2026-09-15 12:28:00,1255.50000000,1255.50000000,1255.40000000,1255.40000000,10435.0000,mstock
2026-09-15 12:29:00,1255.40000000,1255.50000000,1255.40000000,1255.50000000,6458.0000,mstock
2026-09-15 12:30:00,1255.50000000,1255.50000000,1255.30000000,1255.30000000,27856.0000,mstock
2026-09-15 12:31:00,1255.40000000,1255.40000000,1254.50000000,1254.60000000,105883.0000,mstock
2026-09-15 12:32:00,1254.60000000,1254.60000000,1254.00000000,1254.10000000,27350.0000,mstock
2026-09-15 12:33:00,1254.00000000,1254.10000000,1254.00000000,1254.10000000,12996.0000,mstock
2026-09-15 12:34:00,1254.10000000,1254.20000000,1254.00000000,1254.10000000,25846.0000,mstock
2026-09-15 12:35:00,1254.00000000,1254.70000000,1254.00000000,1254.50000000,29006.0000,mstock
2026-09-15 12:36:00,1254.50000000,1254.80000000,1254.40000000,1254.50000000,15206.0000,mstock
2026-09-15 12:37:00,1254.50000000,1254.50000000,1254.40000000,1254.50000000,11284.0000,mstock
2026-09-15 12:38:00,1254.50000000,1254.50000000,1254.30000000,1254.40000000,13066.0000,mstock
2026-09-15 12:39:00,1254.30000000,1254.40000000,1254.30000000,1254.40000000,5972.0000,mstock
2026-09-15 12:40:00,1254.30000000,1254.40000000,1254.30000000,1254.40000000,7777.0000,mstock
2026-09-15 12:41:00,1254.40000000,1254.40000000,1254.30000000,1254.30000000,10095.0000,mstock
2026-09-15 12:42:00,1254.40000000,1254.40000000,1254.30000000,1254.40000000,9174.0000,mstock
2026-09-15 12:43:00,1254.30000000,1254.40000000,1254.30000000,1254.30000000,10150.0000,mstock
2026-09-15 12:44:00,1254.40000000,1254.40000000,1254.30000000,1254.40000000,6239.0000,mstock
2026-09-15 12:45:00,1254.20000000,1254.40000000,1254.20000000,1254.20000000,22372.0000,mstock
2026-09-15 12:46:00,1254.20000000,1254.30000000,1254.20000000,1254.30000000,13547.0000,mstock
2026-09-15 12:47:00,1254.30000000,1254.30000000,1254.20000000,1254.20000000,14191.0000,mstock
2026-09-15 12:48:00,1254.30000000,1254.50000000,1254.20000000,1254.30000000,17370.0000,mstock
2026-09-15 12:49:00,1254.40000000,1255.00000000,1254.30000000,1254.90000000,28467.0000,mstock
2026-09-15 12:50:00,1255.00000000,1255.80000000,1255.00000000,1255.80000000,23716.0000,mstock
2026-09-15 12:51:00,1255.70000000,1256.50000000,1255.70000000,1256.40000000,16524.0000,mstock
2026-09-15 12:52:00,1256.50000000,1256.90000000,1256.50000000,1256.80000000,18511.0000,mstock
2026-09-15 12:53:00,1256.80000000,1257.10000000,1256.70000000,1257.00000000,37296.0000,mstock
2026-09-15 12:54:00,1257.10000000,1257.20000000,1257.00000000,1257.00000000,22425.0000,mstock
2026-09-15 12:55:00,1257.10000000,1257.20000000,1257.00000000,1257.00000000,41357.0000,mstock
2026-09-15 12:56:00,1257.10000000,1257.10000000,1256.50000000,1256.60000000,64228.0000,mstock
2026-09-15 12:57:00,1256.50000000,1256.60000000,1256.10000000,1256.20000000,45403.0000,mstock
2026-09-15 12:58:00,1256.20000000,1256.20000000,1255.00000000,1255.20000000,70955.0000,mstock
2026-09-15 12:59:00,1255.20000000,1255.40000000,1255.00000000,1255.10000000,20072.0000,mstock
2026-09-15 13:00:00,1255.10000000,1255.30000000,1255.00000000,1255.10000000,17353.0000,mstock
2026-09-15 13:01:00,1255.10000000,1255.10000000,1254.40000000,1254.50000000,64573.0000,mstock
2026-09-15 13:02:00,1254.40000000,1254.40000000,1254.00000000,1254.10000000,24742.0000,mstock
2026-09-15 13:03:00,1254.00000000,1254.10000000,1253.50000000,1253.60000000,27107.0000,mstock
2026-09-15 13:04:00,1253.60000000,1254.10000000,1253.50000000,1254.10000000,55862.0000,mstock
2026-09-15 13:05:00,1254.10000000,1254.30000000,1254.00000000,1254.20000000,30618.0000,mstock
2026-09-15 13:06:00,1254.20000000,1254.30000000,1253.00000000,1253.00000000,32438.0000,mstock
2026-09-15 13:07:00,1253.20000000,1253.20000000,1252.70000000,1252.80000000,23010.0000,mstock
2026-09-15 13:08:00,1252.80000000,1252.80000000,1252.60000000,1252.60000000,12764.0000,mstock
2026-09-15 13:09:00,1252.70000000,1252.70000000,1252.60000000,1252.60000000,7921.0000,mstock
2026-09-15 13:10:00,1252.70000000,1252.70000000,1252.60000000,1252.70000000,10295.0000,mstock
2026-09-15 13:11:00,1252.00000000,1252.10000000,1252.00000000,1252.10000000,47238.0000,mstock
2026-09-15 13:12:00,1252.10000000,1252.10000000,1252.00000000,1252.10000000,10284.0000,mstock
2026-09-15 13:13:00,1252.10000000,1252.20000000,1252.00000000,1252.10000000,17251.0000,mstock
2026-09-15 13:14:00,1252.10000000,1252.20000000,1252.00000000,1252.20000000,14320.0000,mstock
2026-09-15 13:15:00,1252.10000000,1252.10000000,1252.00000000,1252.10000000,11051.0000,mstock
2026-09-15 13:16:00,1252.00000000,1252.20000000,1252.00000000,1252.20000000,24048.0000,mstock
2026-09-15 13:17:00,1252.00000000,1252.00000000,1251.20000000,1251.30000000,43599.0000,mstock
2026-09-15 13:18:00,1251.30000000,1251.80000000,1251.20000000,1251.60000000,31627.0000,mstock
2026-09-15 13:19:00,1251.60000000,1251.70000000,1251.50000000,1251.70000000,14012.0000,mstock
2026-09-15 13:20:00,1251.60000000,1251.70000000,1251.50000000,1251.50000000,12289.0000,mstock
2026-09-15 13:21:00,1251.50000000,1251.60000000,1251.10000000,1251.10000000,19337.0000,mstock
2026-09-15 13:22:00,1251.10000000,1251.20000000,1251.00000000,1251.00000000,19091.0000,mstock
2026-09-15 13:23:00,1251.00000000,1251.10000000,1251.00000000,1251.10000000,15481.0000,mstock
2026-09-15 13:24:00,1251.10000000,1251.20000000,1251.00000000,1251.10000000,20319.0000,mstock
2026-09-15 13:25:00,1251.20000000,1251.20000000,1251.10000000,1251.20000000,7398.0000,mstock
2026-09-15 13:26:00,1251.20000000,1251.40000000,1251.20000000,1251.40000000,9903.0000,mstock
2026-09-15 13:27:00,1251.40000000,1251.60000000,1251.30000000,1251.40000000,21789.0000,mstock
2026-09-15 13:28:00,1251.50000000,1251.50000000,1251.00000000,1251.10000000,27684.0000,mstock
2026-09-15 13:29:00,1251.10000000,1251.10000000,1250.80000000,1250.90000000,19281.0000,mstock
2026-09-15 13:30:00,1250.90000000,1250.90000000,1250.50000000,1250.60000000,24714.0000,mstock
2026-09-15 13:31:00,1250.60000000,1250.70000000,1250.40000000,1250.70000000,18376.0000,mstock
2026-09-15 13:32:00,1250.70000000,1250.70000000,1250.40000000,1250.50000000,14888.0000,mstock
2026-09-15 13:33:00,1250.40000000,1250.50000000,1250.30000000,1250.40000000,19882.0000,mstock
2026-09-15 13:34:00,1250.40000000,1250.90000000,1250.30000000,1250.70000000,46708.0000,mstock
2026-09-15 13:35:00,1250.50000000,1250.80000000,1250.40000000,1250.80000000,23028.0000,mstock
2026-09-15 13:36:00,1250.80000000,1251.10000000,1250.80000000,1251.10000000,15425.0000,mstock
2026-09-15 13:37:00,1251.00000000,1251.20000000,1250.80000000,1250.80000000,13070.0000,mstock
2026-09-15 13:38:00,1251.00000000,1251.00000000,1250.60000000,1250.60000000,16623.0000,mstock
2026-09-15 13:39:00,1250.60000000,1250.70000000,1250.40000000,1250.60000000,19708.0000,mstock
2026-09-15 13:40:00,1250.60000000,1250.60000000,1250.40000000,1250.50000000,13816.0000,mstock
2026-09-15 13:41:00,1250.30000000,1250.30000000,1250.20000000,1250.30000000,28214.0000,mstock
2026-09-15 13:42:00,1250.20000000,1250.30000000,1250.10000000,1250.10000000,46101.0000,mstock
2026-09-15 13:43:00,1250.10000000,1250.10000000,1250.00000000,1250.10000000,24715.0000,mstock
2026-09-15 13:44:00,1250.10000000,1250.10000000,1250.00000000,1250.10000000,12760.0000,mstock
2026-09-15 13:45:00,1250.10000000,1250.30000000,1250.10000000,1250.30000000,18467.0000,mstock
2026-09-15 13:46:00,1250.30000000,1250.30000000,1250.10000000,1250.20000000,14420.0000,mstock
2026-09-15 13:47:00,1250.20000000,1250.20000000,1250.00000000,1250.10000000,29220.0000,mstock
2026-09-15 13:48:00,1250.10000000,1250.20000000,1250.00000000,1250.20000000,27213.0000,mstock
2026-09-15 13:49:00,1250.20000000,1250.30000000,1250.00000000,1250.20000000,11354.0000,mstock
2026-09-15 13:50:00,1250.20000000,1250.60000000,1250.00000000,1250.60000000,25136.0000,mstock
2026-09-15 13:51:00,1250.40000000,1250.60000000,1250.10000000,1250.30000000,12870.0000,mstock
2026-09-15 13:52:00,1250.30000000,1250.30000000,1250.00000000,1250.20000000,18782.0000,mstock
2026-09-15 13:53:00,1250.20000000,1250.20000000,1250.10000000,1250.20000000,8344.0000,mstock
2026-09-15 13:54:00,1250.20000000,1250.50000000,1250.10000000,1250.20000000,41878.0000,mstock
2026-09-15 13:55:00,1250.20000000,1250.20000000,1250.00000000,1250.00000000,16780.0000,mstock
2026-09-15 13:56:00,1250.00000000,1250.10000000,1248.20000000,1248.70000000,157651.0000,mstock
2026-09-15 13:57:00,1249.00000000,1249.20000000,1248.60000000,1249.10000000,48131.0000,mstock
2026-09-15 13:58:00,1249.10000000,1249.20000000,1248.90000000,1249.00000000,13883.0000,mstock
2026-09-15 13:59:00,1249.00000000,1249.40000000,1248.50000000,1249.40000000,43766.0000,mstock
2026-09-15 14:00:00,1249.30000000,1249.80000000,1249.10000000,1249.80000000,10589.0000,mstock
2026-09-15 14:01:00,1249.80000000,1249.90000000,1249.20000000,1249.30000000,15101.0000,mstock
2026-09-15 14:02:00,1249.30000000,1249.50000000,1249.10000000,1249.40000000,14254.0000,mstock
2026-09-15 14:03:00,1249.40000000,1249.60000000,1249.20000000,1249.30000000,12492.0000,mstock
2026-09-15 14:04:00,1249.30000000,1249.60000000,1249.30000000,1249.50000000,5814.0000,mstock
2026-09-15 14:05:00,1249.50000000,1249.60000000,1249.30000000,1249.40000000,13821.0000,mstock
2026-09-15 14:06:00,1249.40000000,1249.60000000,1249.20000000,1249.40000000,24519.0000,mstock
2026-09-15 14:07:00,1249.40000000,1249.40000000,1249.20000000,1249.30000000,14647.0000,mstock
2026-09-15 14:08:00,1249.30000000,1249.40000000,1249.20000000,1249.30000000,12466.0000,mstock
2026-09-15 14:09:00,1249.30000000,1249.30000000,1249.00000000,1249.10000000,27575.0000,mstock
2026-09-15 14:10:00,1248.60000000,1248.70000000,1247.20000000,1247.40000000,87997.0000,mstock
2026-09-15 14:11:00,1247.30000000,1247.40000000,1246.20000000,1246.20000000,44721.0000,mstock
2026-09-15 14:12:00,1246.20000000,1246.40000000,1245.10000000,1245.40000000,76342.0000,mstock
2026-09-15 14:13:00,1245.40000000,1245.70000000,1245.00000000,1245.60000000,56184.0000,mstock
2026-09-15 14:14:00,1245.60000000,1245.60000000,1245.20000000,1245.20000000,23612.0000,mstock
2026-09-15 14:15:00,1245.30000000,1245.30000000,1243.90000000,1244.20000000,111136.0000,mstock
2026-09-15 14:16:00,1244.10000000,1244.10000000,1243.60000000,1243.70000000,38819.0000,mstock
2026-09-15 14:17:00,1243.70000000,1244.40000000,1243.70000000,1244.10000000,30318.0000,mstock
2026-09-15 14:18:00,1244.30000000,1244.50000000,1244.00000000,1244.50000000,19631.0000,mstock
2026-09-15 14:19:00,1244.40000000,1244.60000000,1243.00000000,1243.20000000,36819.0000,mstock
2026-09-15 14:20:00,1243.20000000,1243.80000000,1243.00000000,1243.80000000,36456.0000,mstock
2026-09-15 14:21:00,1243.80000000,1244.10000000,1243.50000000,1243.70000000,20826.0000,mstock
2026-09-15 14:22:00,1243.70000000,1244.20000000,1243.40000000,1244.10000000,38599.0000,mstock
2026-09-15 14:23:00,1244.00000000,1244.50000000,1243.90000000,1244.20000000,43138.0000,mstock
2026-09-15 14:24:00,1244.30000000,1244.40000000,1242.00000000,1242.50000000,86762.0000,mstock
2026-09-15 14:25:00,1242.50000000,1242.50000000,1241.60000000,1242.00000000,40879.0000,mstock
2026-09-15 14:26:00,1241.70000000,1242.20000000,1241.60000000,1242.00000000,51993.0000,mstock
2026-09-15 14:27:00,1241.80000000,1242.30000000,1241.80000000,1242.20000000,35855.0000,mstock
2026-09-15 14:28:00,1242.00000000,1242.20000000,1241.10000000,1241.20000000,44429.0000,mstock
2026-09-15 14:29:00,1241.30000000,1241.70000000,1241.10000000,1241.30000000,32787.0000,mstock
2026-09-15 14:30:00,1241.30000000,1241.40000000,1241.10000000,1241.30000000,26983.0000,mstock
2026-09-15 14:31:00,1241.50000000,1241.80000000,1241.40000000,1241.60000000,20848.0000,mstock
2026-09-15 14:32:00,1241.60000000,1242.30000000,1241.40000000,1242.30000000,29097.0000,mstock
2026-09-15 14:33:00,1242.00000000,1242.60000000,1242.00000000,1242.00000000,15820.0000,mstock
2026-09-15 14:34:00,1242.50000000,1242.50000000,1242.20000000,1242.30000000,21011.0000,mstock
2026-09-15 14:35:00,1242.30000000,1242.40000000,1242.20000000,1242.40000000,18169.0000,mstock
2026-09-15 14:36:00,1242.50000000,1242.50000000,1242.30000000,1242.30000000,15787.0000,mstock
2026-09-15 14:37:00,1242.30000000,1242.50000000,1242.30000000,1242.40000000,20813.0000,mstock
2026-09-15 14:38:00,1242.40000000,1242.40000000,1242.30000000,1242.40000000,23076.0000,mstock
2026-09-15 14:39:00,1242.40000000,1242.70000000,1242.10000000,1242.20000000,32354.0000,mstock
2026-09-15 14:40:00,1242.20000000,1242.20000000,1242.10000000,1242.20000000,18588.0000,mstock
2026-09-15 14:41:00,1242.20000000,1242.20000000,1242.10000000,1242.20000000,22447.0000,mstock
2026-09-15 14:42:00,1242.10000000,1242.40000000,1242.00000000,1242.30000000,31976.0000,mstock
2026-09-15 14:43:00,1242.30000000,1242.30000000,1242.10000000,1242.20000000,19584.0000,mstock
2026-09-15 14:44:00,1242.20000000,1242.40000000,1242.10000000,1242.10000000,27243.0000,mstock
2026-09-15 14:45:00,1241.90000000,1241.90000000,1241.20000000,1241.20000000,64940.0000,mstock
2026-09-15 14:46:00,1241.20000000,1241.20000000,1240.00000000,1240.00000000,127056.0000,mstock
2026-09-15 14:47:00,1240.10000000,1240.10000000,1237.60000000,1237.80000000,91621.0000,mstock
2026-09-15 14:48:00,1237.60000000,1238.00000000,1237.40000000,1237.80000000,122589.0000,mstock
2026-09-15 14:49:00,1237.60000000,1238.80000000,1237.60000000,1238.70000000,67213.0000,mstock
2026-09-15 14:50:00,1238.70000000,1239.20000000,1238.30000000,1239.20000000,28944.0000,mstock
2026-09-15 14:51:00,1239.20000000,1239.70000000,1239.00000000,1239.40000000,17522.0000,mstock
2026-09-15 14:52:00,1239.40000000,1241.70000000,1239.10000000,1241.20000000,107800.0000,mstock
2026-09-15 14:53:00,1241.00000000,1243.50000000,1240.50000000,1243.00000000,417193.0000,mstock
2026-09-15 14:54:00,1243.00000000,1243.30000000,1243.00000000,1243.00000000,292389.0000,mstock
2026-09-15 14:55:00,1243.10000000,1243.10000000,1242.00000000,1242.20000000,41833.0000,mstock
2026-09-15 14:56:00,1242.10000000,1243.40000000,1242.00000000,1243.20000000,61275.0000,mstock
2026-09-15 14:57:00,1243.30000000,1243.60000000,1242.40000000,1242.50000000,46732.0000,mstock
2026-09-15 14:58:00,1242.50000000,1242.70000000,1242.00000000,1242.20000000,51406.0000,mstock
2026-09-15 14:59:00,1242.30000000,1242.30000000,1242.00000000,1242.00000000,30345.0000,mstock
2026-09-15 15:00:00,1242.10000000,1242.10000000,1241.80000000,1241.80000000,29367.0000,mstock
2026-09-15 15:01:00,1241.70000000,1241.70000000,1241.40000000,1241.60000000,41209.0000,mstock
2026-09-15 15:02:00,1241.60000000,1242.00000000,1241.60000000,1242.00000000,33938.0000,mstock
2026-09-15 15:03:00,1242.10000000,1242.10000000,1241.50000000,1241.50000000,30246.0000,mstock
2026-09-15 15:04:00,1241.70000000,1241.70000000,1241.40000000,1241.50000000,42994.0000,mstock
2026-09-15 15:05:00,1241.70000000,1241.70000000,1241.00000000,1241.10000000,46855.0000,mstock
2026-09-15 15:06:00,1241.00000000,1241.00000000,1240.50000000,1240.70000000,43699.0000,mstock
2026-09-15 15:07:00,1240.70000000,1241.00000000,1240.60000000,1241.00000000,39614.0000,mstock
2026-09-15 15:08:00,1240.90000000,1240.90000000,1240.20000000,1240.30000000,50573.0000,mstock
2026-09-15 15:09:00,1240.50000000,1240.50000000,1239.50000000,1239.50000000,80984.0000,mstock
2026-09-15 15:10:00,1239.70000000,1240.50000000,1239.70000000,1240.00000000,89747.0000,mstock
2026-09-15 15:11:00,1239.60000000,1240.80000000,1239.60000000,1240.70000000,65972.0000,mstock
2026-09-15 15:12:00,1240.80000000,1240.80000000,1239.20000000,1240.40000000,109506.0000,mstock
2026-09-15 15:13:00,1240.30000000,1240.80000000,1239.20000000,1239.40000000,55335.0000,mstock
2026-09-15 15:14:00,1239.80000000,1240.00000000,1238.50000000,1239.00000000,64060.0000,mstock
2026-09-15 15:15:00,1239.00000000,1239.00000000,1239.00000000,1239.00000000,7.0000,mstock
2026-09-15 15:20:00,1239.00000000,1239.00000000,1239.00000000,1239.00000000,0.0000,mstock
2026-09-15 15:21:00,1239.00000000,1239.00000000,1239.00000000,1239.00000000,3831.0000,mstock
2026-09-15 15:22:00,1239.00000000,1239.00000000,1239.00000000,1239.00000000,25291.0000,mstock
2026-09-15 15:23:00,1239.00000000,1239.00000000,1239.00000000,1239.00000000,0.0000,mstock
2026-09-15 15:24:00,1239.00000000,1239.00000000,1239.00000000,1239.00000000,104334.0000,mstock
2026-09-15 15:25:00,1239.00000000,1239.00000000,1239.00000000,1239.00000000,47806.0000,mstock
2026-09-15 15:26:00,1239.00000000,1239.00000000,1239.00000000,1239.00000000,629.0000,mstock
2026-09-15 15:27:00,1239.00000000,1239.00000000,1239.00000000,1239.00000000,74801.0000,mstock
2026-09-15 15:28:00,1239.00000000,1239.00000000,1239.00000000,1239.00000000,565.0000,mstock
2026-09-15 15:29:00,1239.00000000,1239.00000000,1235.30000000,1235.30000000,12746593.0000,mstock
2026-09-17 09:15:00,1244.80000000,1253.40000000,1244.50000000,1250.80000000,187392.0000,mstock
2026-09-17 09:16:00,1251.00000000,1252.30000000,1250.30000000,1250.70000000,77683.0000,mstock
2026-09-17 09:17:00,1250.60000000,1251.50000000,1250.40000000,1251.00000000,37143.0000,mstock
2026-09-17 09:18:00,1251.00000000,1251.00000000,1249.70000000,1250.30000000,22880.0000,mstock
2026-09-17 09:19:00,1250.50000000,1251.00000000,1249.50000000,1249.50000000,20326.0000,mstock
2026-09-17 09:20:00,1249.10000000,1250.40000000,1249.00000000,1249.00000000,16472.0000,mstock
2026-09-17 09:21:00,1249.50000000,1249.50000000,1248.10000000,1248.40000000,20351.0000,mstock
2026-09-17 09:22:00,1248.30000000,1248.30000000,1247.40000000,1247.50000000,23326.0000,mstock
2026-09-17 09:23:00,1248.00000000,1248.00000000,1247.10000000,1247.60000000,24799.0000,mstock
2026-09-17 09:24:00,1247.40000000,1247.60000000,1246.40000000,1246.80000000,28674.0000,mstock
2026-09-17 09:25:00,1246.50000000,1246.80000000,1246.40000000,1246.60000000,23498.0000,mstock
2026-09-17 09:26:00,1246.50000000,1246.80000000,1246.50000000,1246.80000000,8036.0000,mstock
2026-09-17 09:27:00,1246.90000000,1247.30000000,1246.70000000,1247.30000000,22809.0000,mstock
2026-09-17 09:28:00,1247.30000000,1247.50000000,1246.90000000,1247.20000000,13083.0000,mstock
2026-09-17 09:29:00,1247.50000000,1247.50000000,1245.00000000,1245.10000000,90231.0000,mstock
2026-09-17 09:30:00,1245.70000000,1247.30000000,1245.20000000,1247.00000000,31105.0000,mstock
2026-09-17 09:31:00,1247.00000000,1247.30000000,1246.90000000,1247.00000000,9877.0000,mstock
2026-09-17 09:32:00,1247.10000000,1247.10000000,1246.60000000,1246.80000000,34225.0000,mstock
2026-09-17 09:33:00,1246.80000000,1246.90000000,1246.20000000,1246.60000000,16027.0000,mstock
2026-09-17 09:34:00,1246.30000000,1246.90000000,1246.30000000,1246.80000000,9528.0000,mstock
2026-09-17 09:35:00,1246.80000000,1247.10000000,1246.30000000,1246.50000000,16148.0000,mstock
2026-09-17 09:36:00,1246.50000000,1246.50000000,1246.00000000,1246.00000000,25397.0000,mstock
2026-09-17 09:37:00,1246.00000000,1246.50000000,1245.80000000,1246.10000000,8023.0000,mstock
2026-09-17 09:38:00,1246.00000000,1246.10000000,1245.50000000,1246.00000000,8087.0000,mstock
2026-09-17 09:39:00,1245.80000000,1245.90000000,1245.20000000,1245.60000000,10225.0000,mstock
2026-09-17 09:40:00,1245.10000000,1245.50000000,1245.00000000,1245.00000000,23782.0000,mstock
2026-09-17 09:41:00,1245.20000000,1245.30000000,1244.80000000,1244.90000000,13957.0000,mstock
2026-09-17 09:42:00,1244.20000000,1244.50000000,1243.50000000,1243.90000000,32437.0000,mstock
2026-09-17 09:43:00,1243.90000000,1244.70000000,1243.60000000,1244.70000000,24006.0000,mstock
2026-09-17 09:44:00,1244.70000000,1244.80000000,1244.00000000,1244.20000000,13602.0000,mstock
2026-09-17 09:45:00,1244.30000000,1244.50000000,1244.00000000,1244.10000000,9336.0000,mstock
2026-09-17 09:46:00,1244.10000000,1244.10000000,1243.80000000,1244.00000000,9320.0000,mstock
2026-09-17 09:47:00,1244.00000000,1244.10000000,1243.80000000,1244.00000000,7282.0000,mstock
2026-09-17 09:48:00,1244.30000000,1244.50000000,1243.80000000,1244.00000000,17804.0000,mstock
2026-09-17 09:49:00,1244.10000000,1244.40000000,1243.60000000,1243.90000000,8842.0000,mstock
2026-09-17 09:50:00,1243.90000000,1243.90000000,1243.10000000,1243.10000000,17870.0000,mstock
2026-09-17 09:51:00,1244.40000000,1244.40000000,1243.60000000,1244.10000000,13337.0000,mstock
2026-09-17 09:52:00,1244.10000000,1244.30000000,1243.90000000,1244.10000000,3814.0000,mstock
2026-09-17 09:53:00,1244.30000000,1244.30000000,1244.00000000,1244.20000000,3540.0000,mstock
2026-09-17 09:54:00,1244.10000000,1245.20000000,1244.10000000,1245.10000000,21048.0000,mstock
2026-09-17 09:55:00,1245.30000000,1245.80000000,1244.30000000,1244.30000000,26772.0000,mstock
2026-09-17 09:56:00,1244.70000000,1244.70000000,1243.30000000,1244.20000000,13959.0000,mstock
2026-09-17 09:57:00,1244.50000000,1244.80000000,1244.30000000,1244.80000000,4290.0000,mstock
2026-09-17 09:58:00,1244.80000000,1245.00000000,1244.00000000,1244.20000000,10202.0000,mstock
2026-09-17 09:59:00,1244.40000000,1244.80000000,1244.20000000,1244.70000000,3018.0000,mstock
2026-09-17 10:00:00,1244.60000000,1244.90000000,1244.60000000,1244.80000000,4482.0000,mstock
2026-09-17 10:01:00,1245.00000000,1245.10000000,1244.80000000,1245.00000000,7002.0000,mstock
2026-09-17 10:02:00,1245.00000000,1245.10000000,1244.00000000,1244.60000000,22889.0000,mstock
2026-09-17 10:03:00,1244.60000000,1244.90000000,1244.50000000,1244.50000000,8284.0000,mstock
2026-09-17 10:04:00,1244.90000000,1244.90000000,1244.60000000,1244.80000000,2195.0000,mstock
2026-09-17 10:05:00,1244.80000000,1246.40000000,1244.80000000,1245.50000000,23957.0000,mstock
2026-09-17 10:06:00,1245.60000000,1247.00000000,1245.50000000,1246.70000000,17503.0000,mstock
2026-09-17 10:07:00,1246.70000000,1246.70000000,1246.10000000,1246.70000000,10920.0000,mstock
2026-09-17 10:08:00,1246.70000000,1246.90000000,1246.70000000,1246.90000000,6145.0000,mstock
2026-09-17 10:09:00,1246.90000000,1247.00000000,1246.50000000,1247.00000000,13502.0000,mstock
2026-09-17 10:10:00,1247.00000000,1247.30000000,1246.60000000,1247.10000000,15120.0000,mstock
2026-09-17 10:11:00,1247.30000000,1247.90000000,1246.90000000,1247.90000000,27297.0000,mstock
2026-09-17 10:12:00,1247.70000000,1247.80000000,1247.30000000,1247.50000000,6487.0000,mstock
2026-09-17 10:13:00,1247.50000000,1247.90000000,1246.70000000,1247.50000000,28949.0000,mstock
2026-09-17 10:14:00,1247.90000000,1247.90000000,1246.80000000,1247.10000000,9953.0000,mstock
2026-09-17 10:15:00,1247.30000000,1247.60000000,1246.60000000,1247.00000000,9430.0000,mstock
2026-09-17 10:16:00,1246.90000000,1247.10000000,1246.30000000,1246.70000000,17747.0000,mstock
2026-09-17 10:17:00,1247.00000000,1247.00000000,1246.40000000,1246.50000000,5996.0000,mstock
2026-09-17 10:18:00,1246.80000000,1246.80000000,1246.00000000,1246.00000000,8878.0000,mstock
2026-09-17 10:19:00,1246.30000000,1246.40000000,1245.50000000,1245.50000000,8860.0000,mstock
2026-09-17 10:20:00,1245.10000000,1245.40000000,1244.90000000,1245.30000000,13317.0000,mstock
2026-09-17 10:21:00,1245.30000000,1245.90000000,1245.30000000,1245.40000000,5147.0000,mstock
2026-09-17 10:22:00,1245.60000000,1245.90000000,1245.30000000,1245.30000000,6003.0000,mstock
2026-09-17 10:23:00,1245.30000000,1245.80000000,1245.20000000,1245.20000000,8918.0000,mstock
2026-09-17 10:24:00,1245.60000000,1245.70000000,1245.00000000,1245.40000000,8946.0000,mstock
2026-09-17 10:25:00,1245.50000000,1245.80000000,1245.20000000,1245.50000000,25629.0000,mstock
2026-09-17 10:26:00,1245.20000000,1245.70000000,1245.20000000,1245.70000000,3855.0000,mstock
2026-09-17 10:27:00,1245.60000000,1246.40000000,1245.50000000,1246.10000000,16972.0000,mstock
2026-09-17 10:28:00,1246.10000000,1246.50000000,1246.10000000,1246.50000000,5847.0000,mstock
2026-09-17 10:29:00,1246.50000000,1246.60000000,1246.10000000,1246.40000000,5511.0000,mstock
2026-09-17 10:30:00,1246.30000000,1246.40000000,1245.70000000,1245.70000000,8168.0000,mstock
2026-09-17 10:31:00,1245.80000000,1245.80000000,1245.00000000,1245.00000000,19904.0000,mstock
2026-09-17 10:32:00,1245.30000000,1245.90000000,1245.30000000,1245.60000000,8583.0000,mstock
2026-09-17 10:33:00,1245.70000000,1245.90000000,1245.20000000,1245.20000000,4902.0000,mstock
2026-09-17 10:34:00,1245.10000000,1245.50000000,1244.00000000,1244.00000000,13090.0000,mstock
2026-09-17 10:35:00,1244.10000000,1244.30000000,1243.60000000,1244.20000000,15861.0000,mstock
2026-09-17 10:36:00,1244.20000000,1244.80000000,1244.20000000,1244.60000000,13091.0000,mstock
2026-09-17 10:37:00,1244.60000000,1244.60000000,1244.00000000,1244.00000000,5955.0000,mstock
2026-09-17 10:38:00,1244.00000000,1244.00000000,1243.30000000,1243.70000000,6150.0000,mstock
2026-09-17 10:39:00,1243.60000000,1243.90000000,1243.50000000,1243.50000000,5132.0000,mstock
2026-09-17 10:40:00,1243.60000000,1243.70000000,1243.20000000,1243.30000000,11440.0000,mstock
2026-09-17 10:41:00,1243.40000000,1243.40000000,1242.40000000,1243.40000000,41076.0000,mstock
2026-09-17 10:42:00,1243.40000000,1244.10000000,1242.70000000,1243.80000000,83609.0000,mstock
2026-09-17 10:43:00,1243.80000000,1244.80000000,1243.80000000,1244.60000000,13702.0000,mstock
2026-09-17 10:44:00,1244.70000000,1244.70000000,1243.60000000,1244.20000000,16148.0000,mstock
2026-09-17 10:45:00,1244.20000000,1244.50000000,1243.80000000,1244.30000000,9966.0000,mstock
2026-09-17 10:46:00,1244.30000000,1244.70000000,1244.20000000,1244.70000000,4582.0000,mstock
2026-09-17 10:47:00,1244.70000000,1244.90000000,1244.70000000,1244.70000000,5685.0000,mstock
2026-09-17 10:48:00,1244.60000000,1244.70000000,1244.00000000,1244.30000000,12613.0000,mstock
2026-09-17 10:49:00,1244.30000000,1244.50000000,1244.00000000,1244.40000000,6094.0000,mstock
2026-09-17 10:50:00,1244.70000000,1244.70000000,1244.30000000,1244.30000000,6775.0000,mstock
2026-09-17 10:51:00,1244.40000000,1244.90000000,1244.10000000,1244.80000000,5291.0000,mstock
2026-09-17 10:52:00,1244.80000000,1244.80000000,1244.00000000,1244.10000000,3927.0000,mstock
2026-09-17 10:53:00,1244.20000000,1244.40000000,1244.00000000,1244.20000000,2835.0000,mstock
2026-09-17 10:54:00,1244.30000000,1244.30000000,1243.50000000,1243.50000000,55491.0000,mstock
2026-09-17 10:55:00,1243.60000000,1244.80000000,1243.50000000,1244.80000000,18829.0000,mstock
2026-09-17 10:56:00,1244.80000000,1245.00000000,1244.40000000,1244.50000000,6447.0000,mstock
2026-09-17 10:57:00,1244.70000000,1244.90000000,1244.50000000,1244.70000000,3404.0000,mstock
2026-09-17 10:58:00,1244.70000000,1245.10000000,1244.40000000,1244.40000000,15806.0000,mstock
2026-09-17 10:59:00,1244.50000000,1244.60000000,1244.10000000,1244.40000000,34960.0000,mstock
2026-09-17 11:00:00,1244.40000000,1244.40000000,1244.10000000,1244.20000000,3116.0000,mstock
2026-09-17 11:01:00,1244.20000000,1244.20000000,1243.70000000,1244.00000000,9933.0000,mstock
2026-09-17 11:02:00,1244.10000000,1244.30000000,1243.90000000,1243.90000000,18189.0000,mstock
2026-09-17 11:03:00,1244.20000000,1244.20000000,1242.20000000,1242.50000000,17162.0000,mstock
2026-09-17 11:04:00,1242.60000000,1242.80000000,1242.00000000,1242.10000000,21395.0000,mstock
2026-09-17 11:05:00,1242.10000000,1242.60000000,1241.60000000,1242.40000000,11528.0000,mstock
2026-09-17 11:06:00,1242.40000000,1242.40000000,1241.50000000,1241.50000000,28538.0000,mstock
2026-09-17 11:07:00,1241.60000000,1241.60000000,1239.80000000,1239.90000000,99832.0000,mstock
2026-09-17 11:08:00,1239.90000000,1240.00000000,1239.30000000,1239.70000000,17314.0000,mstock
2026-09-17 11:09:00,1239.60000000,1240.00000000,1239.00000000,1239.60000000,14581.0000,mstock
2026-09-17 11:10:00,1239.60000000,1240.00000000,1239.00000000,1239.00000000,25353.0000,mstock
2026-09-17 11:11:00,1239.10000000,1239.10000000,1238.50000000,1238.50000000,16317.0000,mstock
2026-09-17 11:12:00,1238.70000000,1239.10000000,1238.50000000,1239.00000000,23775.0000,mstock
2026-09-17 11:13:00,1239.00000000,1239.90000000,1239.00000000,1239.90000000,12242.0000,mstock
2026-09-17 11:14:00,1239.80000000,1240.00000000,1239.00000000,1239.10000000,18405.0000,mstock
2026-09-17 11:15:00,1239.00000000,1239.40000000,1238.50000000,1239.00000000,31915.0000,mstock
2026-09-17 11:16:00,1239.00000000,1239.60000000,1238.70000000,1239.20000000,12969.0000,mstock
2026-09-17 11:17:00,1239.30000000,1240.30000000,1239.30000000,1240.20000000,14637.0000,mstock
2026-09-17 11:18:00,1240.20000000,1240.90000000,1240.10000000,1240.30000000,16825.0000,mstock
2026-09-17 11:19:00,1240.40000000,1240.60000000,1240.30000000,1240.60000000,7262.0000,mstock
2026-09-17 11:20:00,1240.60000000,1241.00000000,1240.40000000,1241.00000000,7937.0000,mstock
2026-09-17 11:21:00,1241.00000000,1241.30000000,1240.60000000,1240.60000000,11988.0000,mstock
2026-09-17 11:22:00,1240.70000000,1240.70000000,1240.00000000,1240.30000000,7648.0000,mstock
2026-09-17 11:23:00,1240.30000000,1240.60000000,1240.20000000,1240.50000000,2966.0000,mstock
2026-09-17 11:24:00,1240.60000000,1240.90000000,1240.50000000,1240.90000000,6675.0000,mstock
2026-09-17 11:25:00,1240.90000000,1241.00000000,1240.80000000,1241.00000000,3544.0000,mstock
2026-09-17 11:26:00,1240.90000000,1241.30000000,1240.80000000,1240.80000000,9044.0000,mstock
2026-09-17 11:27:00,1240.80000000,1240.80000000,1240.50000000,1240.50000000,5957.0000,mstock
2026-09-17 11:28:00,1240.50000000,1240.50000000,1240.00000000,1240.20000000,8498.0000,mstock
2026-09-17 11:29:00,1240.20000000,1240.60000000,1240.00000000,1240.40000000,9783.0000,mstock
2026-09-17 11:30:00,1239.80000000,1240.00000000,1239.00000000,1239.20000000,13981.0000,mstock
2026-09-17 11:31:00,1239.20000000,1239.70000000,1239.20000000,1239.60000000,3440.0000,mstock
2026-09-17 11:32:00,1239.50000000,1240.00000000,1239.50000000,1239.90000000,6751.0000,mstock
2026-09-17 11:33:00,1239.80000000,1239.90000000,1239.20000000,1239.60000000,15320.0000,mstock
2026-09-17 11:34:00,1239.70000000,1240.00000000,1239.30000000,1240.00000000,8503.0000,mstock
2026-09-17 11:35:00,1239.80000000,1240.00000000,1239.00000000,1239.20000000,6270.0000,mstock
2026-09-17 11:36:00,1239.20000000,1239.80000000,1239.00000000,1239.80000000,5510.0000,mstock
2026-09-17 11:37:00,1239.60000000,1239.90000000,1239.40000000,1239.90000000,3817.0000,mstock
2026-09-17 11:38:00,1239.80000000,1240.00000000,1239.80000000,1239.90000000,3906.0000,mstock
2026-09-17 11:39:00,1239.90000000,1240.00000000,1239.80000000,1240.00000000,7190.0000,mstock
2026-09-17 11:40:00,1240.00000000,1240.00000000,1239.90000000,1240.00000000,5384.0000,mstock
2026-09-17 11:41:00,1240.00000000,1240.00000000,1239.90000000,1239.90000000,8223.0000,mstock
2026-09-17 11:42:00,1239.90000000,1240.00000000,1239.80000000,1239.90000000,52116.0000,mstock
2026-09-17 11:43:00,1240.00000000,1240.00000000,1239.80000000,1239.90000000,87388.0000,mstock
2026-09-17 11:44:00,1239.90000000,1240.10000000,1239.80000000,1240.00000000,64485.0000,mstock
2026-09-17 11:45:00,1239.90000000,1240.00000000,1239.30000000,1239.50000000,39775.0000,mstock
2026-09-17 11:46:00,1239.80000000,1240.30000000,1239.50000000,1240.00000000,106924.0000,mstock
2026-09-17 11:47:00,1239.80000000,1240.90000000,1239.80000000,1240.50000000,78074.0000,mstock
2026-09-17 11:48:00,1240.60000000,1241.70000000,1240.50000000,1241.50000000,30073.0000,mstock
2026-09-17 11:49:00,1241.70000000,1242.50000000,1241.60000000,1242.20000000,18697.0000,mstock
2026-09-17 11:50:00,1242.10000000,1242.60000000,1242.00000000,1242.40000000,121143.0000,mstock
2026-09-17 11:51:00,1242.50000000,1243.20000000,1242.20000000,1242.90000000,16198.0000,mstock
2026-09-17 11:52:00,1242.80000000,1243.50000000,1242.60000000,1243.20000000,14483.0000,mstock
2026-09-17 11:53:00,1243.20000000,1243.50000000,1242.50000000,1242.60000000,79635.0000,mstock
2026-09-17 11:54:00,1242.50000000,1243.00000000,1242.00000000,1242.50000000,13279.0000,mstock
2026-09-17 11:55:00,1242.70000000,1243.40000000,1242.70000000,1243.10000000,24539.0000,mstock
2026-09-17 11:56:00,1243.10000000,1244.10000000,1243.10000000,1244.00000000,25693.0000,mstock
2026-09-17 11:57:00,1244.00000000,1244.80000000,1243.80000000,1244.50000000,37915.0000,mstock
2026-09-17 11:58:00,1244.70000000,1244.90000000,1244.00000000,1244.80000000,57596.0000,mstock
2026-09-17 11:59:00,1244.80000000,1246.00000000,1244.60000000,1246.00000000,44049.0000,mstock
2026-09-17 12:00:00,1246.10000000,1246.10000000,1244.90000000,1245.80000000,106088.0000,mstock
2026-09-17 12:01:00,1246.00000000,1247.20000000,1246.00000000,1246.50000000,144680.0000,mstock
2026-09-17 12:02:00,1246.20000000,1247.60000000,1246.20000000,1247.50000000,185483.0000,mstock
2026-09-17 12:03:00,1247.50000000,1247.70000000,1244.70000000,1244.70000000,93406.0000,mstock
2026-09-17 12:04:00,1244.80000000,1245.50000000,1244.60000000,1245.10000000,12221.0000,mstock
2026-09-17 12:05:00,1245.10000000,1245.30000000,1244.80000000,1245.10000000,69085.0000,mstock
2026-09-17 12:06:00,1245.20000000,1246.20000000,1244.80000000,1246.10000000,20448.0000,mstock
2026-09-17 12:07:00,1246.10000000,1247.00000000,1245.90000000,1247.00000000,19803.0000,mstock
2026-09-17 12:08:00,1247.00000000,1247.00000000,1246.10000000,1246.10000000,12575.0000,mstock
2026-09-17 12:09:00,1246.20000000,1246.50000000,1245.40000000,1245.70000000,16383.0000,mstock
2026-09-17 12:10:00,1245.80000000,1246.30000000,1245.60000000,1246.20000000,8797.0000,mstock
2026-09-17 12:11:00,1246.20000000,1246.80000000,1246.00000000,1246.40000000,13551.0000,mstock
2026-09-17 12:12:00,1246.70000000,1246.70000000,1246.10000000,1246.40000000,9656.0000,mstock
2026-09-17 12:13:00,1246.20000000,1247.00000000,1245.80000000,1247.00000000,25787.0000,mstock
2026-09-17 12:14:00,1246.90000000,1247.40000000,1246.70000000,1246.80000000,13451.0000,mstock
2026-09-17 12:15:00,1247.00000000,1247.10000000,1246.20000000,1246.60000000,9039.0000,mstock
2026-09-17 12:16:00,1246.50000000,1246.60000000,1246.00000000,1246.20000000,7303.0000,mstock
2026-09-17 12:17:00,1246.20000000,1248.30000000,1246.00000000,1248.30000000,36754.0000,mstock
2026-09-17 12:18:00,1248.20000000,1248.40000000,1247.60000000,1247.90000000,21828.0000,mstock
2026-09-17 12:19:00,1247.90000000,1247.90000000,1247.10000000,1247.10000000,8322.0000,mstock
2026-09-17 12:20:00,1247.10000000,1247.90000000,1247.10000000,1247.90000000,7414.0000,mstock
2026-09-17 12:21:00,1247.70000000,1247.80000000,1247.20000000,1247.50000000,5434.0000,mstock
2026-09-17 12:22:00,1247.60000000,1247.80000000,1247.30000000,1247.50000000,14993.0000,mstock
2026-09-17 12:23:00,1247.80000000,1248.20000000,1247.80000000,1248.00000000,6237.0000,mstock
2026-09-17 12:24:00,1248.10000000,1248.20000000,1247.00000000,1247.30000000,10301.0000,mstock
2026-09-17 12:25:00,1247.30000000,1247.30000000,1247.00000000,1247.00000000,5261.0000,mstock
2026-09-17 12:26:00,1247.10000000,1247.20000000,1247.00000000,1247.20000000,8170.0000,mstock
2026-09-17 12:27:00,1247.10000000,1247.30000000,1246.50000000,1246.60000000,11721.0000,mstock
2026-09-17 12:28:00,1246.60000000,1246.70000000,1246.50000000,1246.50000000,16781.0000,mstock
2026-09-17 12:29:00,1246.50000000,1246.80000000,1246.50000000,1246.80000000,9056.0000,mstock
2026-09-17 12:30:00,1246.80000000,1246.80000000,1246.50000000,1246.50000000,7562.0000,mstock
2026-09-17 12:31:00,1246.60000000,1246.90000000,1245.80000000,1246.70000000,12206.0000,mstock
2026-09-17 12:32:00,1246.70000000,1246.80000000,1246.10000000,1246.20000000,8441.0000,mstock
2026-09-17 12:33:00,1246.60000000,1246.60000000,1246.00000000,1246.50000000,7603.0000,mstock
2026-09-17 12:34:00,1246.50000000,1247.00000000,1246.40000000,1246.80000000,10343.0000,mstock
2026-09-17 12:35:00,1247.00000000,1247.00000000,1246.40000000,1246.60000000,8210.0000,mstock
2026-09-17 12:36:00,1246.60000000,1246.80000000,1246.20000000,1246.30000000,36562.0000,mstock
2026-09-17 12:37:00,1246.60000000,1247.50000000,1246.50000000,1247.10000000,16690.0000,mstock
2026-09-17 12:38:00,1247.10000000,1247.60000000,1247.00000000,1247.10000000,12968.0000,mstock
2026-09-17 12:39:00,1247.30000000,1247.30000000,1246.70000000,1247.10000000,13191.0000,mstock
2026-09-17 12:40:00,1247.10000000,1247.30000000,1246.60000000,1246.90000000,6849.0000,mstock
2026-09-17 12:41:00,1246.90000000,1246.90000000,1246.50000000,1246.80000000,6703.0000,mstock
2026-09-17 12:42:00,1246.70000000,1246.80000000,1246.00000000,1246.20000000,9757.0000,mstock
2026-09-17 12:43:00,1246.40000000,1246.40000000,1246.00000000,1246.20000000,6216.0000,mstock
2026-09-17 12:44:00,1246.20000000,1246.20000000,1245.40000000,1245.70000000,14875.0000,mstock
2026-09-17 12:45:00,1245.70000000,1246.40000000,1245.70000000,1246.20000000,10016.0000,mstock
2026-09-17 12:46:00,1246.00000000,1246.20000000,1245.70000000,1245.80000000,5265.0000,mstock
2026-09-17 12:47:00,1246.00000000,1246.10000000,1245.90000000,1246.00000000,5030.0000,mstock
2026-09-17 12:48:00,1246.10000000,1246.10000000,1245.70000000,1245.70000000,3117.0000,mstock
2026-09-17 12:49:00,1245.70000000,1245.80000000,1245.50000000,1245.50000000,7271.0000,mstock
2026-09-17 12:50:00,1245.50000000,1245.70000000,1245.20000000,1245.40000000,8045.0000,mstock
2026-09-17 12:51:00,1245.50000000,1245.80000000,1245.40000000,1245.50000000,9357.0000,mstock
2026-09-17 12:52:00,1245.50000000,1246.00000000,1245.50000000,1245.70000000,18907.0000,mstock
2026-09-17 12:53:00,1245.70000000,1246.00000000,1245.70000000,1245.90000000,3945.0000,mstock
2026-09-17 12:54:00,1245.70000000,1246.00000000,1245.70000000,1245.80000000,8932.0000,mstock
2026-09-17 12:55:00,1245.80000000,1245.80000000,1245.70000000,1245.80000000,4504.0000,mstock
2026-09-17 12:56:00,1245.80000000,1245.90000000,1245.70000000,1245.80000000,6221.0000,mstock
2026-09-17 12:57:00,1245.80000000,1245.80000000,1245.70000000,1245.70000000,8086.0000,mstock
2026-09-17 12:58:00,1245.70000000,1245.80000000,1245.70000000,1245.70000000,4482.0000,mstock
2026-09-17 12:59:00,1245.80000000,1245.80000000,1245.70000000,1245.80000000,5760.0000,mstock
2026-09-17 13:00:00,1245.70000000,1245.70000000,1245.60000000,1245.60000000,8614.0000,mstock
2026-09-17 13:01:00,1245.60000000,1245.70000000,1245.60000000,1245.60000000,6706.0000,mstock
2026-09-17 13:02:00,1245.70000000,1246.90000000,1245.50000000,1246.90000000,42843.0000,mstock
2026-09-17 13:03:00,1246.90000000,1247.00000000,1246.70000000,1246.80000000,5848.0000,mstock
2026-09-17 13:04:00,1246.80000000,1246.80000000,1245.60000000,1245.60000000,8965.0000,mstock
2026-09-17 13:05:00,1245.80000000,1246.00000000,1245.60000000,1246.00000000,7566.0000,mstock
2026-09-17 13:06:00,1246.00000000,1246.00000000,1245.50000000,1245.60000000,8147.0000,mstock
2026-09-17 13:07:00,1245.60000000,1245.70000000,1245.60000000,1245.60000000,2211.0000,mstock
2026-09-17 13:08:00,1245.70000000,1245.90000000,1245.60000000,1245.80000000,4436.0000,mstock
2026-09-17 13:09:00,1245.80000000,1245.90000000,1245.70000000,1245.80000000,7451.0000,mstock
2026-09-17 13:10:00,1245.80000000,1246.10000000,1245.80000000,1245.80000000,17875.0000,mstock
2026-09-17 13:11:00,1245.80000000,1246.10000000,1245.80000000,1246.00000000,8214.0000,mstock
2026-09-17 13:12:00,1246.10000000,1246.20000000,1246.00000000,1246.10000000,7423.0000,mstock
2026-09-17 13:13:00,1246.10000000,1246.30000000,1245.70000000,1245.90000000,28633.0000,mstock
2026-09-17 13:14:00,1245.90000000,1246.00000000,1245.70000000,1245.70000000,6200.0000,mstock
2026-09-17 13:15:00,1245.90000000,1245.90000000,1245.60000000,1245.70000000,7695.0000,mstock
2026-09-17 13:16:00,1245.70000000,1247.20000000,1245.70000000,1247.00000000,37879.0000,mstock
2026-09-17 13:17:00,1247.10000000,1247.10000000,1246.00000000,1246.20000000,24855.0000,mstock
2026-09-17 13:18:00,1246.20000000,1246.50000000,1246.00000000,1246.50000000,5157.0000,mstock
2026-09-17 13:19:00,1246.50000000,1246.50000000,1245.70000000,1246.00000000,8976.0000,mstock
2026-09-17 13:20:00,1246.00000000,1246.70000000,1245.80000000,1246.10000000,9452.0000,mstock
2026-09-17 13:21:00,1246.10000000,1246.50000000,1246.10000000,1246.30000000,2638.0000,mstock
2026-09-17 13:22:00,1246.20000000,1246.30000000,1245.90000000,1246.00000000,6765.0000,mstock
2026-09-17 13:23:00,1246.00000000,1246.10000000,1246.00000000,1246.00000000,6271.0000,mstock
2026-09-17 13:24:00,1246.10000000,1246.20000000,1245.00000000,1245.20000000,29439.0000,mstock
2026-09-17 13:25:00,1245.10000000,1245.10000000,1243.20000000,1243.50000000,47472.0000,mstock
2026-09-17 13:26:00,1243.60000000,1244.10000000,1243.60000000,1243.60000000,12003.0000,mstock
2026-09-17 13:27:00,1243.70000000,1244.20000000,1242.60000000,1242.70000000,18857.0000,mstock
2026-09-17 13:28:00,1242.70000000,1243.60000000,1242.20000000,1242.60000000,21664.0000,mstock
2026-09-17 13:29:00,1242.60000000,1242.60000000,1242.00000000,1242.50000000,18137.0000,mstock
2026-09-17 13:30:00,1242.60000000,1242.60000000,1241.20000000,1241.80000000,35440.0000,mstock
2026-09-17 13:31:00,1242.10000000,1242.20000000,1241.70000000,1241.80000000,11267.0000,mstock
2026-09-17 13:32:00,1241.80000000,1242.70000000,1241.80000000,1242.40000000,24494.0000,mstock
2026-09-17 13:33:00,1242.50000000,1242.50000000,1241.30000000,1241.60000000,7331.0000,mstock
2026-09-17 13:34:00,1241.60000000,1242.60000000,1241.60000000,1242.10000000,13156.0000,mstock
2026-09-17 13:35:00,1242.00000000,1242.00000000,1240.70000000,1241.10000000,16500.0000,mstock
2026-09-17 13:36:00,1241.20000000,1241.40000000,1240.90000000,1241.30000000,6190.0000,mstock
2026-09-17 13:37:00,1241.10000000,1241.50000000,1241.00000000,1241.40000000,9492.0000,mstock
2026-09-17 13:38:00,1241.40000000,1241.60000000,1241.30000000,1241.50000000,3519.0000,mstock
2026-09-17 13:39:00,1241.50000000,1241.70000000,1240.00000000,1240.20000000,37980.0000,mstock
2026-09-17 13:40:00,1240.50000000,1241.00000000,1240.20000000,1240.50000000,11328.0000,mstock
2026-09-17 13:41:00,1240.50000000,1241.80000000,1240.50000000,1241.70000000,18010.0000,mstock
2026-09-17 13:42:00,1241.70000000,1241.70000000,1240.40000000,1241.00000000,14110.0000,mstock
2026-09-17 13:43:00,1241.10000000,1241.80000000,1240.80000000,1241.50000000,13940.0000,mstock
2026-09-17 13:44:00,1241.60000000,1241.70000000,1241.00000000,1241.10000000,41068.0000,mstock
2026-09-17 13:45:00,1241.10000000,1241.50000000,1241.10000000,1241.40000000,5135.0000,mstock
2026-09-17 13:46:00,1241.50000000,1242.00000000,1241.40000000,1241.90000000,4329.0000,mstock
2026-09-17 13:47:00,1241.90000000,1242.40000000,1241.80000000,1242.00000000,12774.0000,mstock
2026-09-17 13:48:00,1242.30000000,1242.40000000,1241.60000000,1242.00000000,27798.0000,mstock
2026-09-17 13:49:00,1242.10000000,1242.40000000,1242.00000000,1242.00000000,7583.0000,mstock
2026-09-17 13:50:00,1242.10000000,1242.20000000,1242.00000000,1242.10000000,3933.0000,mstock
2026-09-17 13:51:00,1242.20000000,1242.80000000,1242.10000000,1242.20000000,24025.0000,mstock
2026-09-17 13:52:00,1242.20000000,1242.80000000,1242.00000000,1242.20000000,16910.0000,mstock
2026-09-17 13:53:00,1242.20000000,1242.50000000,1242.00000000,1242.10000000,5710.0000,mstock
2026-09-17 13:54:00,1242.10000000,1242.40000000,1241.90000000,1241.90000000,6380.0000,mstock
2026-09-17 13:55:00,1242.10000000,1242.20000000,1241.70000000,1242.00000000,10286.0000,mstock
2026-09-17 13:56:00,1242.10000000,1242.30000000,1241.60000000,1242.00000000,11748.0000,mstock
2026-09-17 13:57:00,1242.20000000,1242.40000000,1241.90000000,1242.20000000,8035.0000,mstock
2026-09-17 13:58:00,1242.10000000,1242.70000000,1242.10000000,1242.30000000,5010.0000,mstock
2026-09-17 13:59:00,1242.40000000,1242.50000000,1242.00000000,1242.10000000,12630.0000,mstock
2026-09-17 14:00:00,1242.20000000,1242.30000000,1241.20000000,1241.30000000,17701.0000,mstock
2026-09-17 14:01:00,1241.30000000,1241.70000000,1241.30000000,1241.50000000,5740.0000,mstock
2026-09-17 14:02:00,1241.60000000,1241.80000000,1241.20000000,1241.20000000,11651.0000,mstock
2026-09-17 14:03:00,1241.30000000,1241.80000000,1241.20000000,1241.50000000,4498.0000,mstock
2026-09-17 14:04:00,1241.60000000,1242.30000000,1241.50000000,1241.70000000,12539.0000,mstock
2026-09-17 14:05:00,1241.80000000,1241.80000000,1241.50000000,1241.60000000,13614.0000,mstock
2026-09-17 14:06:00,1241.70000000,1242.00000000,1241.50000000,1241.50000000,18280.0000,mstock
2026-09-17 14:07:00,1241.60000000,1242.70000000,1241.60000000,1242.70000000,7837.0000,mstock
2026-09-17 14:08:00,1242.70000000,1242.70000000,1241.40000000,1241.70000000,27381.0000,mstock
2026-09-17 14:09:00,1241.70000000,1241.90000000,1241.20000000,1241.60000000,7319.0000,mstock
2026-09-17 14:10:00,1241.60000000,1242.70000000,1241.50000000,1242.10000000,14760.0000,mstock
2026-09-17 14:11:00,1242.30000000,1242.40000000,1242.00000000,1242.20000000,22354.0000,mstock
2026-09-17 14:12:00,1242.30000000,1242.70000000,1242.20000000,1242.70000000,11186.0000,mstock
2026-09-17 14:13:00,1242.90000000,1243.20000000,1242.40000000,1242.80000000,11427.0000,mstock
2026-09-17 14:14:00,1243.10000000,1244.10000000,1243.10000000,1243.70000000,21929.0000,mstock
2026-09-17 14:15:00,1243.70000000,1244.30000000,1243.60000000,1244.00000000,11396.0000,mstock
2026-09-17 14:16:00,1244.20000000,1244.30000000,1243.80000000,1243.90000000,5664.0000,mstock
2026-09-17 14:17:00,1244.00000000,1244.40000000,1243.70000000,1244.10000000,11207.0000,mstock
2026-09-17 14:18:00,1244.10000000,1244.90000000,1244.00000000,1244.80000000,15125.0000,mstock
2026-09-17 14:19:00,1244.80000000,1244.80000000,1244.20000000,1244.20000000,16324.0000,mstock
2026-09-17 14:20:00,1244.30000000,1244.30000000,1244.20000000,1244.20000000,7269.0000,mstock
2026-09-17 14:21:00,1244.20000000,1244.80000000,1244.20000000,1244.70000000,15876.0000,mstock
2026-09-17 14:22:00,1244.90000000,1245.30000000,1244.70000000,1245.30000000,28805.0000,mstock
2026-09-17 14:23:00,1245.30000000,1245.40000000,1245.10000000,1245.10000000,12136.0000,mstock
2026-09-17 14:24:00,1245.20000000,1245.20000000,1244.90000000,1244.90000000,8207.0000,mstock
2026-09-17 14:25:00,1245.00000000,1245.00000000,1244.00000000,1244.00000000,36708.0000,mstock
2026-09-17 14:26:00,1244.00000000,1244.20000000,1243.70000000,1244.10000000,10889.0000,mstock
2026-09-17 14:27:00,1244.10000000,1244.20000000,1244.00000000,1244.10000000,9381.0000,mstock
2026-09-17 14:28:00,1244.10000000,1244.10000000,1243.70000000,1243.70000000,11834.0000,mstock
2026-09-17 14:29:00,1243.70000000,1244.70000000,1243.70000000,1244.60000000,16380.0000,mstock
2026-09-17 14:30:00,1244.50000000,1245.00000000,1244.20000000,1245.00000000,21836.0000,mstock
2026-09-17 14:31:00,1244.90000000,1245.30000000,1244.60000000,1244.80000000,22464.0000,mstock
2026-09-17 14:32:00,1244.90000000,1245.10000000,1244.70000000,1244.90000000,13715.0000,mstock
2026-09-17 14:33:00,1244.90000000,1244.90000000,1244.20000000,1244.20000000,11645.0000,mstock
2026-09-17 14:34:00,1244.40000000,1244.40000000,1244.00000000,1244.20000000,6803.0000,mstock
2026-09-17 14:35:00,1244.20000000,1244.30000000,1244.10000000,1244.10000000,6296.0000,mstock
2026-09-17 14:36:00,1244.20000000,1244.80000000,1244.20000000,1244.20000000,18715.0000,mstock
2026-09-17 14:37:00,1244.20000000,1246.00000000,1244.20000000,1245.40000000,28401.0000,mstock
2026-09-17 14:38:00,1245.50000000,1245.70000000,1244.20000000,1245.00000000,24279.0000,mstock
2026-09-17 14:39:00,1244.90000000,1245.20000000,1244.60000000,1245.00000000,19885.0000,mstock
2026-09-17 14:40:00,1245.00000000,1245.20000000,1244.20000000,1244.40000000,21749.0000,mstock
2026-09-17 14:41:00,1244.50000000,1245.20000000,1244.40000000,1244.50000000,9697.0000,mstock
2026-09-17 14:42:00,1244.50000000,1244.80000000,1244.00000000,1244.00000000,12160.0000,mstock
2026-09-17 14:43:00,1244.10000000,1244.30000000,1244.00000000,1244.00000000,12968.0000,mstock
2026-09-17 14:44:00,1244.00000000,1244.10000000,1243.20000000,1243.40000000,26621.0000,mstock
2026-09-17 14:45:00,1243.80000000,1244.10000000,1243.60000000,1243.90000000,17749.0000,mstock
2026-09-17 14:46:00,1243.80000000,1243.90000000,1243.60000000,1243.70000000,10062.0000,mstock
2026-09-17 14:47:00,1243.90000000,1244.50000000,1243.80000000,1244.20000000,18718.0000,mstock
2026-09-17 14:48:00,1244.30000000,1244.60000000,1244.30000000,1244.40000000,9140.0000,mstock
2026-09-17 14:49:00,1244.40000000,1244.40000000,1244.00000000,1244.00000000,16943.0000,mstock
2026-09-17 14:50:00,1244.10000000,1244.50000000,1244.00000000,1244.40000000,18546.0000,mstock
2026-09-17 14:51:00,1244.40000000,1244.70000000,1244.40000000,1244.60000000,22579.0000,mstock
2026-09-17 14:52:00,1244.70000000,1244.70000000,1244.50000000,1244.50000000,7201.0000,mstock
2026-09-17 14:53:00,1244.50000000,1245.20000000,1244.40000000,1244.90000000,103575.0000,mstock
2026-09-17 14:54:00,1244.90000000,1245.20000000,1244.40000000,1244.70000000,33094.0000,mstock
2026-09-17 14:55:00,1244.60000000,1244.80000000,1244.00000000,1244.30000000,24455.0000,mstock
2026-09-17 14:56:00,1244.60000000,1244.60000000,1244.00000000,1244.20000000,27216.0000,mstock
2026-09-17 14:57:00,1244.20000000,1244.20000000,1243.70000000,1243.80000000,16768.0000,mstock
2026-09-17 14:58:00,1243.50000000,1243.80000000,1243.20000000,1243.20000000,25816.0000,mstock
2026-09-17 14:59:00,1243.40000000,1243.60000000,1242.80000000,1242.80000000,18678.0000,mstock
2026-09-17 15:00:00,1243.20000000,1244.50000000,1243.10000000,1244.20000000,23219.0000,mstock
2026-09-17 15:01:00,1244.50000000,1244.60000000,1244.00000000,1244.00000000,33398.0000,mstock
2026-09-17 15:02:00,1244.00000000,1244.00000000,1243.60000000,1243.80000000,28946.0000,mstock
2026-09-17 15:03:00,1243.80000000,1244.40000000,1242.90000000,1243.10000000,38762.0000,mstock
2026-09-17 15:04:00,1243.40000000,1243.70000000,1243.10000000,1243.30000000,35476.0000,mstock
2026-09-17 15:05:00,1244.00000000,1244.30000000,1243.70000000,1244.10000000,51185.0000,mstock
2026-09-17 15:06:00,1244.10000000,1244.20000000,1244.00000000,1244.00000000,25323.0000,mstock
2026-09-17 15:07:00,1244.10000000,1244.10000000,1243.80000000,1244.00000000,21393.0000,mstock
2026-09-17 15:08:00,1244.00000000,1244.20000000,1244.00000000,1244.10000000,25303.0000,mstock
2026-09-17 15:09:00,1244.10000000,1244.10000000,1243.70000000,1243.70000000,65543.0000,mstock
2026-09-17 15:10:00,1244.00000000,1244.50000000,1244.00000000,1244.20000000,84779.0000,mstock
2026-09-17 15:11:00,1244.40000000,1244.40000000,1244.10000000,1244.30000000,40117.0000,mstock
2026-09-17 15:12:00,1245.40000000,1245.40000000,1244.00000000,1244.80000000,82566.0000,mstock
2026-09-17 15:13:00,1244.60000000,1245.10000000,1243.20000000,1244.70000000,53926.0000,mstock
2026-09-17 15:14:00,1244.80000000,1245.60000000,1244.80000000,1245.00000000,12099.0000,mstock
2026-09-17 15:15:00,1245.50000000,1245.50000000,1245.50000000,1245.50000000,287.0000,mstock
2026-09-17 15:20:00,1245.50000000,1245.50000000,1245.50000000,1245.50000000,0.0000,mstock
2026-09-17 15:21:00,1245.50000000,1245.50000000,1245.50000000,1245.50000000,2855.0000,mstock
2026-09-17 15:22:00,1245.50000000,1245.50000000,1245.50000000,1245.50000000,42005.0000,mstock
2026-09-17 15:23:00,1245.50000000,1245.50000000,1245.50000000,1245.50000000,20258.0000,mstock
2026-09-17 15:24:00,1245.50000000,1245.50000000,1245.50000000,1245.50000000,14570.0000,mstock
2026-09-17 15:25:00,1245.50000000,1245.50000000,1245.50000000,1245.50000000,9192.0000,mstock
2026-09-17 15:26:00,1245.50000000,1245.50000000,1245.50000000,1245.50000000,1519.0000,mstock
2026-09-17 15:27:00,1245.50000000,1245.50000000,1245.50000000,1245.50000000,74795.0000,mstock
2026-09-17 15:28:00,1245.50000000,1245.50000000,1243.90000000,1243.90000000,7256600.0000,mstock
2026-09-18 09:15:00,1245.00000000,1247.10000000,1241.80000000,1246.70000000,99512.0000,mstock
2026-09-18 09:16:00,1246.70000000,1247.30000000,1245.40000000,1247.00000000,25200.0000,mstock
2026-09-18 09:17:00,1246.70000000,1246.90000000,1245.30000000,1245.60000000,88862.0000,mstock
2026-09-18 09:18:00,1245.40000000,1245.50000000,1244.80000000,1245.30000000,52075.0000,mstock
2026-09-18 09:19:00,1245.40000000,1245.50000000,1244.50000000,1245.30000000,14448.0000,mstock
2026-09-18 09:20:00,1245.10000000,1245.40000000,1245.00000000,1245.00000000,15406.0000,mstock
2026-09-18 09:21:00,1245.10000000,1245.20000000,1244.70000000,1245.00000000,14349.0000,mstock
2026-09-18 09:22:00,1245.10000000,1245.30000000,1244.70000000,1244.70000000,10401.0000,mstock
2026-09-18 09:23:00,1244.90000000,1246.00000000,1244.60000000,1246.00000000,15481.0000,mstock
2026-09-18 09:24:00,1246.10000000,1246.80000000,1246.10000000,1246.30000000,8535.0000,mstock
2026-09-18 09:25:00,1246.30000000,1246.40000000,1245.10000000,1245.10000000,29182.0000,mstock
2026-09-18 09:26:00,1245.40000000,1245.40000000,1245.10000000,1245.10000000,12984.0000,mstock
2026-09-18 09:27:00,1244.70000000,1244.70000000,1244.00000000,1244.40000000,27909.0000,mstock
2026-09-18 09:28:00,1244.10000000,1244.70000000,1243.90000000,1243.90000000,13005.0000,mstock
2026-09-18 09:29:00,1244.00000000,1244.00000000,1243.50000000,1243.60000000,21044.0000,mstock
2026-09-18 09:30:00,1243.60000000,1244.20000000,1243.00000000,1243.50000000,27877.0000,mstock
2026-09-18 09:31:00,1243.40000000,1244.20000000,1243.40000000,1244.20000000,9325.0000,mstock
2026-09-18 09:32:00,1243.80000000,1243.80000000,1243.50000000,1243.60000000,20283.0000,mstock
2026-09-18 09:33:00,1243.40000000,1243.90000000,1243.10000000,1243.20000000,11564.0000,mstock
2026-09-18 09:34:00,1243.20000000,1243.30000000,1242.90000000,1242.90000000,18607.0000,mstock
2026-09-18 09:35:00,1242.00000000,1242.10000000,1241.50000000,1242.00000000,27532.0000,mstock
2026-09-18 09:36:00,1242.00000000,1243.10000000,1241.80000000,1243.00000000,18464.0000,mstock
2026-09-18 09:37:00,1242.60000000,1243.00000000,1241.70000000,1242.00000000,29814.0000,mstock
2026-09-18 09:38:00,1242.10000000,1242.50000000,1242.00000000,1242.40000000,12819.0000,mstock
2026-09-18 09:39:00,1242.40000000,1243.90000000,1242.20000000,1243.60000000,16152.0000,mstock
2026-09-18 09:40:00,1243.60000000,1243.70000000,1243.00000000,1243.60000000,12316.0000,mstock
2026-09-18 09:41:00,1243.10000000,1243.30000000,1242.70000000,1242.70000000,13194.0000,mstock
2026-09-18 09:42:00,1242.80000000,1243.50000000,1242.50000000,1243.00000000,9789.0000,mstock
2026-09-18 09:43:00,1243.30000000,1243.30000000,1242.70000000,1242.70000000,9220.0000,mstock
2026-09-18 09:44:00,1242.30000000,1243.00000000,1242.30000000,1243.00000000,9830.0000,mstock
2026-09-18 09:45:00,1243.00000000,1243.00000000,1242.50000000,1242.50000000,6590.0000,mstock
2026-09-18 09:46:00,1242.50000000,1243.10000000,1242.50000000,1243.10000000,8569.0000,mstock
2026-09-18 09:47:00,1242.90000000,1243.10000000,1242.90000000,1243.10000000,2510.0000,mstock
2026-09-18 09:48:00,1243.20000000,1243.80000000,1243.10000000,1243.80000000,8088.0000,mstock
2026-09-18 09:49:00,1243.70000000,1243.70000000,1242.80000000,1243.20000000,13912.0000,mstock
2026-09-18 09:50:00,1242.80000000,1243.20000000,1242.50000000,1242.70000000,10132.0000,mstock
2026-09-18 09:51:00,1242.60000000,1243.10000000,1242.60000000,1243.00000000,6848.0000,mstock
2026-09-18 09:52:00,1242.70000000,1242.90000000,1242.10000000,1242.70000000,12549.0000,mstock
2026-09-18 09:53:00,1242.70000000,1243.00000000,1242.40000000,1242.80000000,9766.0000,mstock
2026-09-18 09:54:00,1242.80000000,1242.80000000,1242.40000000,1242.60000000,5381.0000,mstock
2026-09-18 09:55:00,1242.50000000,1243.00000000,1242.50000000,1242.50000000,13268.0000,mstock
2026-09-18 09:56:00,1242.60000000,1242.90000000,1242.20000000,1242.20000000,11095.0000,mstock
2026-09-18 09:57:00,1242.40000000,1243.00000000,1242.40000000,1242.70000000,7419.0000,mstock
2026-09-18 09:58:00,1242.60000000,1242.90000000,1242.60000000,1242.70000000,8130.0000,mstock
2026-09-18 09:59:00,1242.70000000,1243.30000000,1242.70000000,1243.20000000,16431.0000,mstock
2026-09-18 10:00:00,1243.00000000,1243.30000000,1242.80000000,1243.10000000,7810.0000,mstock
2026-09-18 10:01:00,1243.20000000,1243.70000000,1243.10000000,1243.50000000,12149.0000,mstock
2026-09-18 10:02:00,1243.60000000,1243.60000000,1242.00000000,1242.10000000,28437.0000,mstock
2026-09-18 10:03:00,1242.10000000,1242.60000000,1241.60000000,1241.80000000,25922.0000,mstock
2026-09-18 10:04:00,1241.70000000,1242.20000000,1241.60000000,1242.10000000,7487.0000,mstock
2026-09-18 10:05:00,1242.00000000,1242.40000000,1241.70000000,1241.70000000,9593.0000,mstock
2026-09-18 10:06:00,1241.70000000,1242.00000000,1241.00000000,1241.00000000,33251.0000,mstock
2026-09-18 10:07:00,1241.30000000,1241.90000000,1240.40000000,1240.80000000,34958.0000,mstock
2026-09-18 10:08:00,1240.90000000,1241.50000000,1240.70000000,1240.90000000,13650.0000,mstock
2026-09-18 10:09:00,1240.90000000,1241.10000000,1240.70000000,1240.90000000,9986.0000,mstock
2026-09-18 10:10:00,1240.90000000,1241.00000000,1240.80000000,1241.00000000,7951.0000,mstock
2026-09-18 10:11:00,1240.90000000,1241.40000000,1240.80000000,1241.40000000,19675.0000,mstock
2026-09-18 10:12:00,1241.00000000,1241.60000000,1241.00000000,1241.30000000,12033.0000,mstock
2026-09-18 10:13:00,1241.30000000,1241.50000000,1241.00000000,1241.20000000,7755.0000,mstock
2026-09-18 10:14:00,1241.20000000,1241.20000000,1241.00000000,1241.10000000,6759.0000,mstock
2026-09-18 10:15:00,1241.00000000,1241.50000000,1241.00000000,1241.30000000,14927.0000,mstock
2026-09-18 10:16:00,1241.40000000,1241.60000000,1241.30000000,1241.60000000,7822.0000,mstock
2026-09-18 10:17:00,1241.50000000,1241.70000000,1241.10000000,1241.70000000,27958.0000,mstock
2026-09-18 10:18:00,1241.60000000,1241.90000000,1241.50000000,1241.60000000,6877.0000,mstock
2026-09-18 10:19:00,1241.60000000,1241.60000000,1241.20000000,1241.20000000,6757.0000,mstock
2026-09-18 10:20:00,1241.20000000,1241.50000000,1241.20000000,1241.50000000,5478.0000,mstock
2026-09-18 10:21:00,1242.10000000,1242.10000000,1241.30000000,1241.30000000,14175.0000,mstock
2026-09-18 10:22:00,1241.50000000,1241.60000000,1241.00000000,1241.20000000,4867.0000,mstock
2026-09-18 10:23:00,1241.00000000,1241.00000000,1240.20000000,1240.40000000,27257.0000,mstock
2026-09-18 10:24:00,1240.30000000,1240.60000000,1240.20000000,1240.40000000,15907.0000,mstock
2026-09-18 10:25:00,1240.40000000,1240.40000000,1240.10000000,1240.20000000,23609.0000,mstock
2026-09-18 10:26:00,1240.20000000,1240.40000000,1240.10000000,1240.40000000,9551.0000,mstock
2026-09-18 10:27:00,1240.40000000,1240.50000000,1239.60000000,1240.00000000,63735.0000,mstock
2026-09-18 10:28:00,1240.30000000,1241.20000000,1240.20000000,1241.00000000,19598.0000,mstock
2026-09-18 10:29:00,1240.90000000,1240.90000000,1240.20000000,1240.60000000,8346.0000,mstock
2026-09-18 10:30:00,1240.60000000,1241.00000000,1240.30000000,1240.50000000,10305.0000,mstock
2026-09-18 10:31:00,1240.50000000,1240.90000000,1240.50000000,1240.50000000,10371.0000,mstock
2026-09-18 10:32:00,1240.50000000,1240.50000000,1240.10000000,1240.20000000,7354.0000,mstock
2026-09-18 10:33:00,1240.20000000,1240.60000000,1240.10000000,1240.40000000,10204.0000,mstock
2026-09-18 10:34:00,1240.30000000,1240.50000000,1240.10000000,1240.30000000,12041.0000,mstock
2026-09-18 10:35:00,1240.30000000,1240.40000000,1240.10000000,1240.20000000,6128.0000,mstock
2026-09-18 10:36:00,1240.20000000,1240.30000000,1240.10000000,1240.30000000,5452.0000,mstock
2026-09-18 10:37:00,1240.20000000,1240.30000000,1240.00000000,1240.00000000,12093.0000,mstock
2026-09-18 10:38:00,1240.10000000,1240.20000000,1240.00000000,1240.10000000,6979.0000,mstock
2026-09-18 10:39:00,1240.20000000,1240.20000000,1239.50000000,1239.80000000,13795.0000,mstock
2026-09-18 10:40:00,1239.50000000,1239.70000000,1238.50000000,1238.80000000,39848.0000,mstock
2026-09-18 10:41:00,1238.60000000,1238.90000000,1238.40000000,1238.70000000,20847.0000,mstock
2026-09-18 10:42:00,1238.90000000,1239.20000000,1238.50000000,1238.70000000,20859.0000,mstock
2026-09-18 10:43:00,1238.80000000,1239.90000000,1238.50000000,1239.90000000,23340.0000,mstock
2026-09-18 10:44:00,1239.90000000,1239.90000000,1239.20000000,1239.80000000,8298.0000,mstock
2026-09-18 10:45:00,1239.80000000,1239.90000000,1239.30000000,1239.90000000,22641.0000,mstock
2026-09-18 10:46:00,1239.90000000,1240.50000000,1239.70000000,1240.50000000,8861.0000,mstock
2026-09-18 10:47:00,1240.50000000,1240.50000000,1240.00000000,1240.10000000,10143.0000,mstock
2026-09-18 10:48:00,1240.10000000,1240.50000000,1240.00000000,1240.20000000,7509.0000,mstock
2026-09-18 10:49:00,1240.20000000,1240.30000000,1240.00000000,1240.30000000,9312.0000,mstock
2026-09-18 10:50:00,1240.30000000,1240.30000000,1239.70000000,1240.00000000,20498.0000,mstock
2026-09-18 10:51:00,1240.00000000,1240.60000000,1239.80000000,1240.50000000,22234.0000,mstock
2026-09-18 10:52:00,1240.40000000,1241.00000000,1240.40000000,1240.90000000,16776.0000,mstock
2026-09-18 10:53:00,1240.90000000,1241.00000000,1240.50000000,1240.80000000,11173.0000,mstock
2026-09-18 10:54:00,1240.80000000,1241.00000000,1240.50000000,1240.80000000,7623.0000,mstock
2026-09-18 10:55:00,1240.90000000,1241.00000000,1240.70000000,1240.90000000,8265.0000,mstock
2026-09-18 10:56:00,1240.80000000,1241.20000000,1240.80000000,1241.00000000,14852.0000,mstock
2026-09-18 10:57:00,1241.20000000,1241.40000000,1241.10000000,1241.40000000,9900.0000,mstock
2026-09-18 10:58:00,1241.20000000,1241.40000000,1241.10000000,1241.30000000,7233.0000,mstock
2026-09-18 10:59:00,1241.30000000,1241.40000000,1241.10000000,1241.40000000,8304.0000,mstock
2026-09-18 11:00:00,1241.40000000,1241.60000000,1241.30000000,1241.60000000,13294.0000,mstock
2026-09-18 11:01:00,1241.60000000,1241.70000000,1241.50000000,1241.60000000,20383.0000,mstock
2026-09-18 11:02:00,1241.60000000,1241.90000000,1241.50000000,1241.80000000,19831.0000,mstock
2026-09-18 11:03:00,1241.80000000,1242.00000000,1241.70000000,1242.00000000,10653.0000,mstock
2026-09-18 11:04:00,1242.00000000,1242.00000000,1241.30000000,1241.30000000,16028.0000,mstock
2026-09-18 11:05:00,1241.40000000,1241.40000000,1240.40000000,1241.00000000,19233.0000,mstock
2026-09-18 11:06:00,1241.00000000,1241.30000000,1240.70000000,1241.10000000,44890.0000,mstock
2026-09-18 11:07:00,1241.20000000,1241.70000000,1241.10000000,1241.50000000,9435.0000,mstock
2026-09-18 11:08:00,1241.50000000,1241.60000000,1241.20000000,1241.20000000,9128.0000,mstock
2026-09-18 11:09:00,1241.20000000,1241.90000000,1241.20000000,1241.80000000,12574.0000,mstock
2026-09-18 11:10:00,1241.80000000,1241.80000000,1241.20000000,1241.40000000,7989.0000,mstock
2026-09-18 11:11:00,1241.40000000,1241.90000000,1241.30000000,1241.90000000,8088.0000,mstock
2026-09-18 11:12:00,1241.90000000,1241.90000000,1241.10000000,1241.50000000,8659.0000,mstock
2026-09-18 11:13:00,1241.40000000,1241.60000000,1241.20000000,1241.50000000,4543.0000,mstock
2026-09-18 11:14:00,1241.50000000,1241.60000000,1241.20000000,1241.50000000,5057.0000,mstock
2026-09-18 11:15:00,1241.30000000,1241.50000000,1241.00000000,1241.20000000,8324.0000,mstock
2026-09-18 11:16:00,1241.20000000,1241.30000000,1241.00000000,1241.30000000,5643.0000,mstock
2026-09-18 11:17:00,1241.20000000,1241.20000000,1240.90000000,1241.00000000,9988.0000,mstock
2026-09-18 11:18:00,1241.00000000,1241.20000000,1240.90000000,1241.20000000,13239.0000,mstock
2026-09-18 11:19:00,1241.00000000,1241.30000000,1241.00000000,1241.30000000,16935.0000,mstock
2026-09-18 11:20:00,1241.30000000,1241.50000000,1241.00000000,1241.50000000,18577.0000,mstock
2026-09-18 11:21:00,1241.50000000,1241.50000000,1241.10000000,1241.20000000,7945.0000,mstock
2026-09-18 11:22:00,1241.30000000,1241.80000000,1241.30000000,1241.40000000,12158.0000,mstock
2026-09-18 11:23:00,1241.40000000,1241.60000000,1241.20000000,1241.20000000,19114.0000,mstock
2026-09-18 11:24:00,1241.30000000,1242.10000000,1241.10000000,1242.00000000,51725.0000,mstock
2026-09-18 11:25:00,1242.00000000,1242.10000000,1241.60000000,1241.70000000,31037.0000,mstock
2026-09-18 11:26:00,1241.80000000,1242.10000000,1241.50000000,1241.60000000,8002.0000,mstock
2026-09-18 11:27:00,1241.70000000,1241.70000000,1241.30000000,1241.50000000,6889.0000,mstock
2026-09-18 11:28:00,1241.50000000,1241.50000000,1241.00000000,1241.30000000,7498.0000,mstock
2026-09-18 11:29:00,1241.20000000,1241.40000000,1240.20000000,1240.90000000,22746.0000,mstock
2026-09-18 11:30:00,1240.90000000,1241.70000000,1240.70000000,1241.40000000,15577.0000,mstock
2026-09-18 11:31:00,1241.10000000,1241.40000000,1240.50000000,1240.50000000,8938.0000,mstock
2026-09-18 11:32:00,1240.70000000,1240.70000000,1240.40000000,1240.70000000,5805.0000,mstock
2026-09-18 11:33:00,1240.60000000,1240.90000000,1240.40000000,1240.70000000,13046.0000,mstock
2026-09-18 11:34:00,1240.70000000,1240.90000000,1240.60000000,1240.80000000,8364.0000,mstock
2026-09-18 11:35:00,1240.70000000,1241.20000000,1240.70000000,1241.00000000,15476.0000,mstock
2026-09-18 11:36:00,1241.00000000,1241.10000000,1241.00000000,1241.10000000,6475.0000,mstock
2026-09-18 11:37:00,1241.10000000,1241.60000000,1241.00000000,1241.00000000,13015.0000,mstock
2026-09-18 11:38:00,1241.10000000,1242.00000000,1241.00000000,1241.40000000,90869.0000,mstock
2026-09-18 11:39:00,1241.10000000,1241.30000000,1241.00000000,1241.00000000,7899.0000,mstock
2026-09-18 11:40:00,1241.00000000,1241.20000000,1241.00000000,1241.00000000,9705.0000,mstock
2026-09-18 11:41:00,1241.10000000,1241.30000000,1240.80000000,1241.30000000,6459.0000,mstock
2026-09-18 11:42:00,1241.20000000,1241.30000000,1241.00000000,1241.10000000,3701.0000,mstock
2026-09-18 11:43:00,1241.00000000,1241.10000000,1240.10000000,1240.60000000,128951.0000,mstock
2026-09-18 11:44:00,1240.60000000,1241.00000000,1240.50000000,1241.00000000,3490.0000,mstock
2026-09-18 11:45:00,1240.70000000,1241.20000000,1240.70000000,1241.10000000,8979.0000,mstock
2026-09-18 11:46:00,1241.10000000,1241.50000000,1241.00000000,1241.50000000,17739.0000,mstock
2026-09-18 11:47:00,1241.70000000,1241.80000000,1241.40000000,1241.60000000,17317.0000,mstock
2026-09-18 11:48:00,1241.60000000,1241.70000000,1241.50000000,1241.60000000,7932.0000,mstock
2026-09-18 11:49:00,1241.60000000,1241.60000000,1241.50000000,1241.50000000,5394.0000,mstock
2026-09-18 11:50:00,1241.60000000,1241.60000000,1241.50000000,1241.60000000,6842.0000,mstock
2026-09-18 11:51:00,1241.60000000,1242.50000000,1241.50000000,1242.50000000,40239.0000,mstock
2026-09-18 11:52:00,1242.80000000,1244.40000000,1242.70000000,1244.10000000,101724.0000,mstock
2026-09-18 11:53:00,1243.90000000,1244.60000000,1243.70000000,1244.20000000,23507.0000,mstock
2026-09-18 11:54:00,1244.40000000,1244.50000000,1244.00000000,1244.10000000,10655.0000,mstock
2026-09-18 11:55:00,1244.50000000,1245.30000000,1244.10000000,1245.00000000,41412.0000,mstock
2026-09-18 11:56:00,1245.00000000,1245.00000000,1244.60000000,1244.80000000,11001.0000,mstock
2026-09-18 11:57:00,1244.80000000,1245.00000000,1244.50000000,1244.80000000,16582.0000,mstock
2026-09-18 11:58:00,1245.00000000,1245.40000000,1244.00000000,1245.10000000,99478.0000,mstock
2026-09-18 11:59:00,1245.10000000,1245.10000000,1244.70000000,1245.00000000,13253.0000,mstock
2026-09-18 12:00:00,1244.90000000,1246.40000000,1244.90000000,1246.00000000,19459.0000,mstock
2026-09-18 12:01:00,1246.20000000,1246.20000000,1245.50000000,1245.80000000,16789.0000,mstock
2026-09-18 12:02:00,1246.00000000,1246.00000000,1245.10000000,1245.40000000,16610.0000,mstock
2026-09-18 12:03:00,1245.30000000,1245.50000000,1244.90000000,1245.20000000,9113.0000,mstock
2026-09-18 12:04:00,1244.80000000,1244.90000000,1244.00000000,1244.20000000,11953.0000,mstock
2026-09-18 12:05:00,1244.20000000,1244.20000000,1244.00000000,1244.00000000,12560.0000,mstock
2026-09-18 12:06:00,1244.10000000,1244.30000000,1244.00000000,1244.20000000,6993.0000,mstock
2026-09-18 12:07:00,1244.30000000,1244.30000000,1243.80000000,1244.00000000,7020.0000,mstock
2026-09-18 12:08:00,1244.10000000,1244.10000000,1242.00000000,1242.50000000,28956.0000,mstock
2026-09-18 12:09:00,1243.00000000,1243.20000000,1242.60000000,1243.20000000,9297.0000,mstock
2026-09-18 12:10:00,1243.30000000,1243.80000000,1243.20000000,1243.60000000,6510.0000,mstock
2026-09-18 12:11:00,1243.70000000,1243.70000000,1242.70000000,1243.30000000,31830.0000,mstock
2026-09-18 12:12:00,1243.30000000,1243.50000000,1243.10000000,1243.40000000,11053.0000,mstock
2026-09-18 12:13:00,1243.40000000,1243.50000000,1243.20000000,1243.50000000,10240.0000,mstock
2026-09-18 12:14:00,1243.40000000,1243.40000000,1242.90000000,1243.10000000,16574.0000,mstock
2026-09-18 12:15:00,1242.90000000,1243.70000000,1242.90000000,1243.40000000,53375.0000,mstock
2026-09-18 12:16:00,1243.40000000,1244.00000000,1243.10000000,1243.30000000,33493.0000,mstock
2026-09-18 12:17:00,1243.00000000,1243.20000000,1242.90000000,1242.90000000,11298.0000,mstock
2026-09-18 12:18:00,1243.00000000,1243.00000000,1242.50000000,1242.50000000,8060.0000,mstock
2026-09-18 12:19:00,1242.50000000,1242.60000000,1242.20000000,1242.20000000,9075.0000,mstock
2026-09-18 12:20:00,1242.40000000,1242.40000000,1241.50000000,1241.60000000,29090.0000,mstock
2026-09-18 12:21:00,1241.60000000,1242.20000000,1241.60000000,1242.00000000,10788.0000,mstock
2026-09-18 12:22:00,1242.00000000,1242.70000000,1242.00000000,1242.30000000,6439.0000,mstock
2026-09-18 12:23:00,1242.30000000,1242.60000000,1242.00000000,1242.10000000,7839.0000,mstock
2026-09-18 12:24:00,1242.10000000,1242.30000000,1242.10000000,1242.30000000,7694.0000,mstock
2026-09-18 12:25:00,1242.30000000,1242.30000000,1242.00000000,1242.10000000,15915.0000,mstock
2026-09-18 12:26:00,1242.00000000,1242.80000000,1241.80000000,1242.10000000,67274.0000,mstock
2026-09-18 12:27:00,1242.20000000,1242.20000000,1241.80000000,1241.90000000,6263.0000,mstock
2026-09-18 12:28:00,1241.90000000,1242.00000000,1241.80000000,1241.90000000,11786.0000,mstock
2026-09-18 12:29:00,1242.00000000,1242.00000000,1241.50000000,1241.80000000,7653.0000,mstock
2026-09-18 12:30:00,1241.80000000,1242.30000000,1241.60000000,1242.00000000,57270.0000,mstock
2026-09-18 12:31:00,1241.90000000,1242.00000000,1241.90000000,1242.00000000,9051.0000,mstock
2026-09-18 12:32:00,1241.90000000,1242.10000000,1241.90000000,1242.10000000,9189.0000,mstock
2026-09-18 12:33:00,1242.10000000,1242.50000000,1242.00000000,1242.50000000,19996.0000,mstock
2026-09-18 12:34:00,1242.50000000,1243.00000000,1242.50000000,1243.00000000,21353.0000,mstock
2026-09-18 12:35:00,1243.00000000,1243.80000000,1242.80000000,1243.60000000,33465.0000,mstock
2026-09-18 12:36:00,1243.60000000,1244.00000000,1243.50000000,1243.80000000,8607.0000,mstock
2026-09-18 12:37:00,1243.90000000,1243.90000000,1243.30000000,1243.40000000,20035.0000,mstock
2026-09-18 12:38:00,1243.40000000,1243.50000000,1242.80000000,1243.10000000,15714.0000,mstock
2026-09-18 12:39:00,1243.30000000,1243.60000000,1243.00000000,1243.40000000,13533.0000,mstock
2026-09-18 12:40:00,1243.40000000,1243.50000000,1243.10000000,1243.50000000,6661.0000,mstock
2026-09-18 12:41:00,1243.50000000,1243.60000000,1243.10000000,1243.10000000,15333.0000,mstock
2026-09-18 12:42:00,1243.50000000,1243.50000000,1243.20000000,1243.50000000,7304.0000,mstock
2026-09-18 12:43:00,1243.50000000,1243.50000000,1243.40000000,1243.40000000,8157.0000,mstock
2026-09-18 12:44:00,1243.50000000,1243.50000000,1243.20000000,1243.40000000,6156.0000,mstock
2026-09-18 12:45:00,1243.40000000,1243.40000000,1243.20000000,1243.30000000,6212.0000,mstock
2026-09-18 12:46:00,1243.30000000,1243.50000000,1243.20000000,1243.20000000,6576.0000,mstock
2026-09-18 12:47:00,1243.50000000,1243.60000000,1243.20000000,1243.50000000,12604.0000,mstock
2026-09-18 12:48:00,1243.60000000,1243.70000000,1243.40000000,1243.40000000,14458.0000,mstock
2026-09-18 12:49:00,1243.50000000,1243.70000000,1243.40000000,1243.60000000,14254.0000,mstock
2026-09-18 12:50:00,1243.70000000,1243.80000000,1243.60000000,1243.80000000,4840.0000,mstock
2026-09-18 12:51:00,1243.80000000,1243.80000000,1243.50000000,1243.50000000,11416.0000,mstock
2026-09-18 12:52:00,1243.50000000,1243.70000000,1243.50000000,1243.70000000,7912.0000,mstock
2026-09-18 12:53:00,1243.70000000,1243.70000000,1243.50000000,1243.50000000,5475.0000,mstock
2026-09-18 12:54:00,1243.50000000,1243.70000000,1243.50000000,1243.70000000,4020.0000,mstock
2026-09-18 12:55:00,1243.70000000,1243.70000000,1243.50000000,1243.70000000,5036.0000,mstock
2026-09-18 12:56:00,1243.70000000,1244.00000000,1243.70000000,1243.90000000,28311.0000,mstock
2026-09-18 12:57:00,1243.90000000,1244.60000000,1243.90000000,1244.60000000,36984.0000,mstock
2026-09-18 12:58:00,1244.60000000,1244.60000000,1244.10000000,1244.10000000,10155.0000,mstock
2026-09-18 12:59:00,1244.10000000,1244.30000000,1244.10000000,1244.30000000,7665.0000,mstock
2026-09-18 13:00:00,1244.30000000,1244.30000000,1244.20000000,1244.20000000,7840.0000,mstock
2026-09-18 13:01:00,1244.20000000,1244.30000000,1244.10000000,1244.30000000,18078.0000,mstock
2026-09-18 13:02:00,1244.00000000,1244.30000000,1244.00000000,1244.10000000,5470.0000,mstock
2026-09-18 13:03:00,1244.10000000,1244.10000000,1244.00000000,1244.10000000,7988.0000,mstock
2026-09-18 13:04:00,1244.00000000,1244.30000000,1244.00000000,1244.30000000,12668.0000,mstock
2026-09-18 13:05:00,1244.30000000,1244.30000000,1244.10000000,1244.30000000,6787.0000,mstock
2026-09-18 13:06:00,1244.30000000,1244.30000000,1244.00000000,1244.10000000,10537.0000,mstock
2026-09-18 13:07:00,1244.10000000,1244.10000000,1243.70000000,1243.80000000,11220.0000,mstock
2026-09-18 13:08:00,1244.00000000,1244.90000000,1244.00000000,1244.80000000,28390.0000,mstock
2026-09-18 13:09:00,1244.60000000,1244.80000000,1244.50000000,1244.60000000,31445.0000,mstock
2026-09-18 13:10:00,1244.60000000,1244.60000000,1244.10000000,1244.10000000,14813.0000,mstock
2026-09-18 13:11:00,1244.30000000,1244.30000000,1244.00000000,1244.10000000,7637.0000,mstock
2026-09-18 13:12:00,1244.10000000,1244.20000000,1244.00000000,1244.10000000,9565.0000,mstock
2026-09-18 13:13:00,1244.20000000,1244.20000000,1244.00000000,1244.20000000,5339.0000,mstock
2026-09-18 13:14:00,1244.20000000,1244.30000000,1244.10000000,1244.30000000,4909.0000,mstock
2026-09-18 13:15:00,1244.30000000,1244.40000000,1244.00000000,1244.30000000,10278.0000,mstock
2026-09-18 13:16:00,1244.20000000,1244.30000000,1244.00000000,1244.20000000,8162.0000,mstock
2026-09-18 13:17:00,1244.10000000,1244.70000000,1244.10000000,1244.60000000,26640.0000,mstock
2026-09-18 13:18:00,1244.60000000,1244.70000000,1244.50000000,1244.70000000,8119.0000,mstock
2026-09-18 13:19:00,1244.70000000,1244.70000000,1244.60000000,1244.60000000,8740.0000,mstock
2026-09-18 13:20:00,1244.70000000,1244.70000000,1244.50000000,1244.50000000,7253.0000,mstock
2026-09-18 13:21:00,1244.60000000,1244.60000000,1244.40000000,1244.50000000,9190.0000,mstock
2026-09-18 13:22:00,1244.40000000,1244.50000000,1244.40000000,1244.50000000,8330.0000,mstock
2026-09-18 13:23:00,1244.50000000,1245.00000000,1244.50000000,1245.00000000,51800.0000,mstock
2026-09-18 13:24:00,1245.00000000,1245.00000000,1244.90000000,1245.00000000,9504.0000,mstock
2026-09-18 13:25:00,1244.90000000,1245.00000000,1244.90000000,1244.90000000,16414.0000,mstock
2026-09-18 13:26:00,1245.10000000,1245.30000000,1245.00000000,1245.20000000,15164.0000,mstock
2026-09-18 13:27:00,1245.20000000,1246.00000000,1245.20000000,1246.00000000,41994.0000,mstock
2026-09-18 13:28:00,1245.70000000,1245.90000000,1245.10000000,1245.10000000,26317.0000,mstock
2026-09-18 13:29:00,1245.10000000,1245.30000000,1245.00000000,1245.10000000,8908.0000,mstock
2026-09-18 13:30:00,1245.30000000,1245.40000000,1245.10000000,1245.20000000,7060.0000,mstock
2026-09-18 13:31:00,1245.40000000,1245.40000000,1244.70000000,1245.40000000,40087.0000,mstock
2026-09-18 13:32:00,1245.40000000,1245.50000000,1245.30000000,1245.40000000,6872.0000,mstock
2026-09-18 13:33:00,1245.50000000,1245.50000000,1245.30000000,1245.50000000,7409.0000,mstock
2026-09-18 13:34:00,1245.40000000,1245.60000000,1245.40000000,1245.50000000,12430.0000,mstock
2026-09-18 13:35:00,1245.50000000,1245.60000000,1245.30000000,1245.30000000,22525.0000,mstock
2026-09-18 13:36:00,1244.10000000,1244.70000000,1243.10000000,1243.40000000,46895.0000,mstock
2026-09-18 13:37:00,1243.50000000,1243.90000000,1243.20000000,1243.90000000,17834.0000,mstock
2026-09-18 13:38:00,1243.80000000,1244.10000000,1243.50000000,1243.60000000,17310.0000,mstock
2026-09-18 13:39:00,1243.80000000,1244.00000000,1243.10000000,1243.10000000,15241.0000,mstock
2026-09-18 13:40:00,1243.00000000,1243.20000000,1242.50000000,1242.60000000,18000.0000,mstock
2026-09-18 13:41:00,1242.80000000,1242.90000000,1242.50000000,1242.70000000,20304.0000,mstock
2026-09-18 13:42:00,1242.70000000,1242.90000000,1242.60000000,1242.70000000,9405.0000,mstock
2026-09-18 13:43:00,1242.70000000,1242.90000000,1242.60000000,1242.70000000,12630.0000,mstock
2026-09-18 13:44:00,1242.80000000,1242.80000000,1242.50000000,1242.70000000,21072.0000,mstock
2026-09-18 13:45:00,1242.70000000,1243.00000000,1242.40000000,1242.80000000,22695.0000,mstock
2026-09-18 13:46:00,1242.90000000,1242.90000000,1242.50000000,1242.70000000,13605.0000,mstock
2026-09-18 13:47:00,1242.80000000,1242.80000000,1242.30000000,1242.50000000,29090.0000,mstock
2026-09-18 13:48:00,1242.50000000,1242.60000000,1242.30000000,1242.30000000,15639.0000,mstock
2026-09-18 13:49:00,1242.40000000,1242.50000000,1242.20000000,1242.40000000,18108.0000,mstock
2026-09-18 13:50:00,1242.40000000,1242.60000000,1242.30000000,1242.50000000,16718.0000,mstock
2026-09-18 13:51:00,1242.50000000,1242.70000000,1242.50000000,1242.60000000,11873.0000,mstock
2026-09-18 13:52:00,1242.60000000,1242.80000000,1242.40000000,1242.50000000,28143.0000,mstock
2026-09-18 13:53:00,1242.60000000,1242.60000000,1242.40000000,1242.50000000,15599.0000,mstock
2026-09-18 13:54:00,1242.60000000,1242.60000000,1242.50000000,1242.60000000,12581.0000,mstock
2026-09-18 13:55:00,1242.60000000,1242.70000000,1242.50000000,1242.50000000,14405.0000,mstock
2026-09-18 13:56:00,1242.60000000,1242.70000000,1242.50000000,1242.70000000,13647.0000,mstock
2026-09-18 13:57:00,1242.60000000,1242.80000000,1242.50000000,1242.60000000,14789.0000,mstock
2026-09-18 13:58:00,1242.70000000,1242.80000000,1242.60000000,1242.80000000,18890.0000,mstock
2026-09-18 13:59:00,1242.80000000,1242.90000000,1242.70000000,1242.80000000,12588.0000,mstock
2026-09-18 14:00:00,1242.90000000,1242.90000000,1242.70000000,1242.70000000,15584.0000,mstock
2026-09-18 14:01:00,1242.80000000,1242.80000000,1242.70000000,1242.70000000,11356.0000,mstock
2026-09-18 14:02:00,1242.70000000,1242.80000000,1242.70000000,1242.70000000,14416.0000,mstock
2026-09-18 14:03:00,1242.80000000,1242.80000000,1242.70000000,1242.70000000,12893.0000,mstock
2026-09-18 14:04:00,1242.70000000,1242.80000000,1242.70000000,1242.80000000,27200.0000,mstock
2026-09-18 14:05:00,1242.70000000,1242.90000000,1242.70000000,1242.90000000,36603.0000,mstock
2026-09-18 14:06:00,1242.70000000,1242.90000000,1242.50000000,1242.60000000,44474.0000,mstock
2026-09-18 14:07:00,1242.60000000,1242.80000000,1242.60000000,1242.70000000,22576.0000,mstock
2026-09-18 14:08:00,1242.70000000,1242.90000000,1242.60000000,1242.80000000,31096.0000,mstock
2026-09-18 14:09:00,1242.70000000,1242.90000000,1242.70000000,1242.80000000,19524.0000,mstock
2026-09-18 14:10:00,1242.90000000,1243.10000000,1242.80000000,1243.00000000,42700.0000,mstock
2026-09-18 14:11:00,1243.00000000,1243.10000000,1242.60000000,1242.70000000,33483.0000,mstock
2026-09-18 14:12:00,1242.70000000,1242.80000000,1242.40000000,1242.40000000,19428.0000,mstock
2026-09-18 14:13:00,1242.40000000,1242.60000000,1242.00000000,1242.10000000,28417.0000,mstock
2026-09-18 14:14:00,1242.20000000,1242.30000000,1242.10000000,1242.10000000,18913.0000,mstock
2026-09-18 14:15:00,1242.20000000,1242.30000000,1242.10000000,1242.10000000,20749.0000,mstock
2026-09-18 14:16:00,1242.20000000,1242.70000000,1242.10000000,1242.60000000,24935.0000,mstock
2026-09-18 14:17:00,1242.70000000,1242.70000000,1242.50000000,1242.60000000,16672.0000,mstock
2026-09-18 14:18:00,1242.60000000,1242.60000000,1242.50000000,1242.50000000,24853.0000,mstock
2026-09-18 14:19:00,1242.60000000,1242.70000000,1242.50000000,1242.60000000,19825.0000,mstock
2026-09-18 14:20:00,1242.60000000,1242.70000000,1242.50000000,1242.60000000,32852.0000,mstock
2026-09-18 14:21:00,1242.60000000,1242.90000000,1242.50000000,1242.60000000,38911.0000,mstock
2026-09-18 14:22:00,1242.60000000,1242.80000000,1242.50000000,1242.80000000,21705.0000,mstock
2026-09-18 14:23:00,1242.80000000,1243.00000000,1242.70000000,1243.00000000,29367.0000,mstock
2026-09-18 14:24:00,1243.10000000,1243.10000000,1243.00000000,1243.10000000,21347.0000,mstock
2026-09-18 14:25:00,1243.10000000,1243.60000000,1242.70000000,1243.00000000,56290.0000,mstock
2026-09-18 14:26:00,1243.30000000,1243.40000000,1242.80000000,1243.00000000,25274.0000,mstock
2026-09-18 14:27:00,1243.00000000,1243.10000000,1242.70000000,1242.90000000,26109.0000,mstock
2026-09-18 14:28:00,1243.00000000,1243.50000000,1242.60000000,1243.00000000,22753.0000,mstock
2026-09-18 14:29:00,1243.40000000,1243.70000000,1243.00000000,1243.70000000,27850.0000,mstock
2026-09-18 14:30:00,1243.70000000,1243.80000000,1243.60000000,1243.70000000,35128.0000,mstock
2026-09-18 14:31:00,1243.70000000,1243.70000000,1243.00000000,1243.10000000,37926.0000,mstock
2026-09-18 14:32:00,1243.10000000,1243.80000000,1243.00000000,1243.60000000,69964.0000,mstock
2026-09-18 14:33:00,1243.60000000,1243.60000000,1243.50000000,1243.60000000,32734.0000,mstock
2026-09-18 14:34:00,1243.60000000,1243.90000000,1243.50000000,1243.70000000,26474.0000,mstock
2026-09-18 14:35:00,1243.80000000,1244.00000000,1243.60000000,1243.90000000,25713.0000,mstock
2026-09-18 14:36:00,1243.90000000,1244.00000000,1243.70000000,1243.80000000,22222.0000,mstock
2026-09-18 14:37:00,1243.90000000,1243.90000000,1243.60000000,1243.60000000,21934.0000,mstock
2026-09-18 14:38:00,1243.70000000,1243.70000000,1243.20000000,1243.40000000,27921.0000,mstock
2026-09-18 14:39:00,1243.40000000,1243.40000000,1243.10000000,1243.20000000,19355.0000,mstock
2026-09-18 14:40:00,1243.10000000,1243.20000000,1242.90000000,1242.90000000,28462.0000,mstock
2026-09-18 14:41:00,1243.00000000,1243.70000000,1243.00000000,1243.40000000,34230.0000,mstock
2026-09-18 14:42:00,1243.40000000,1243.50000000,1243.20000000,1243.20000000,22882.0000,mstock
2026-09-18 14:43:00,1243.20000000,1243.20000000,1242.90000000,1243.00000000,31730.0000,mstock
2026-09-18 14:44:00,1243.00000000,1243.00000000,1242.70000000,1242.80000000,28961.0000,mstock
2026-09-18 14:45:00,1242.80000000,1244.40000000,1242.80000000,1244.10000000,49345.0000,mstock
2026-09-18 14:46:00,1244.10000000,1244.90000000,1244.10000000,1244.70000000,20387.0000,mstock
2026-09-18 14:47:00,1244.70000000,1244.70000000,1244.00000000,1244.10000000,40155.0000,mstock
2026-09-18 14:48:00,1244.10000000,1244.10000000,1243.70000000,1244.00000000,20634.0000,mstock
2026-09-18 14:49:00,1244.10000000,1244.50000000,1244.00000000,1244.40000000,26990.0000,mstock
2026-09-18 14:50:00,1244.50000000,1244.50000000,1244.30000000,1244.30000000,25165.0000,mstock
2026-09-18 14:51:00,1244.40000000,1245.00000000,1244.40000000,1244.70000000,27283.0000,mstock
2026-09-18 14:52:00,1244.70000000,1244.90000000,1244.70000000,1244.90000000,22659.0000,mstock
2026-09-18 14:53:00,1244.90000000,1245.60000000,1244.90000000,1245.30000000,78620.0000,mstock
2026-09-18 14:54:00,1245.40000000,1245.40000000,1244.70000000,1244.90000000,35471.0000,mstock
2026-09-18 14:55:00,1244.90000000,1245.20000000,1244.70000000,1244.80000000,26990.0000,mstock
2026-09-18 14:56:00,1244.70000000,1245.00000000,1244.50000000,1245.00000000,47177.0000,mstock
2026-09-18 14:57:00,1244.40000000,1244.60000000,1244.10000000,1244.30000000,46326.0000,mstock
2026-09-18 14:58:00,1244.30000000,1245.40000000,1244.10000000,1245.10000000,43603.0000,mstock
2026-09-18 14:59:00,1245.10000000,1245.10000000,1244.70000000,1245.10000000,29960.0000,mstock
2026-09-18 15:00:00,1244.90000000,1245.20000000,1244.90000000,1245.10000000,38058.0000,mstock
2026-09-18 15:01:00,1244.70000000,1244.90000000,1244.70000000,1244.80000000,40152.0000,mstock
2026-09-18 15:02:00,1244.50000000,1244.60000000,1244.40000000,1244.60000000,41566.0000,mstock
2026-09-18 15:03:00,1244.30000000,1244.50000000,1244.30000000,1244.40000000,52834.0000,mstock
2026-09-18 15:04:00,1244.40000000,1244.60000000,1244.30000000,1244.40000000,58071.0000,mstock
2026-09-18 15:05:00,1244.30000000,1244.40000000,1243.90000000,1244.40000000,71279.0000,mstock
2026-09-18 15:06:00,1244.30000000,1244.90000000,1244.30000000,1244.80000000,61600.0000,mstock
2026-09-18 15:07:00,1244.10000000,1244.80000000,1244.10000000,1244.60000000,84151.0000,mstock
2026-09-18 15:08:00,1244.40000000,1244.70000000,1243.60000000,1244.10000000,76083.0000,mstock
2026-09-18 15:09:00,1244.00000000,1244.50000000,1243.80000000,1244.30000000,56439.0000,mstock
2026-09-18 15:10:00,1244.30000000,1244.30000000,1243.10000000,1243.10000000,98413.0000,mstock
2026-09-18 15:11:00,1243.10000000,1243.10000000,1243.00000000,1243.00000000,46248.0000,mstock
2026-09-18 15:12:00,1243.00000000,1243.00000000,1242.80000000,1242.80000000,77745.0000,mstock
2026-09-18 15:13:00,1242.80000000,1243.90000000,1242.80000000,1243.00000000,84838.0000,mstock
2026-09-18 15:14:00,1243.60000000,1244.00000000,1243.40000000,1243.40000000,24435.0000,mstock
2026-09-18 15:15:00,1243.40000000,1243.40000000,1243.40000000,1243.40000000,1135.0000,mstock
2026-09-18 15:20:00,1243.40000000,1243.40000000,1243.40000000,1243.40000000,0.0000,mstock
2026-09-18 15:21:00,1243.40000000,1243.40000000,1243.40000000,1243.40000000,559179.0000,mstock
2026-09-18 15:22:00,1243.40000000,1243.40000000,1243.40000000,1243.40000000,423765.0000,mstock
2026-09-18 15:23:00,1243.40000000,1243.40000000,1243.40000000,1243.40000000,338475.0000,mstock
2026-09-18 15:24:00,1243.40000000,1243.40000000,1243.40000000,1243.40000000,1464295.0000,mstock
2026-09-18 15:25:00,1243.40000000,1243.40000000,1243.40000000,1243.40000000,246837.0000,mstock
2026-09-18 15:26:00,1243.40000000,1243.40000000,1243.40000000,1243.40000000,936.0000,mstock
2026-09-18 15:27:00,1243.40000000,1243.40000000,1243.40000000,1243.40000000,0.0000,mstock
2026-09-18 15:28:00,1243.40000000,1243.40000000,1226.40000000,1226.40000000,7567067.0000,mstock
2026-09-21 09:15:00,1234.10000000,1238.60000000,1234.10000000,1236.50000000,135770.0000,mstock
2026-09-21 09:16:00,1236.80000000,1243.50000000,1236.80000000,1242.90000000,146501.0000,mstock
2026-09-21 09:17:00,1242.00000000,1243.60000000,1241.50000000,1243.00000000,143009.0000,mstock
2026-09-21 09:18:00,1243.00000000,1243.50000000,1241.90000000,1242.80000000,94127.0000,mstock
2026-09-21 09:19:00,1242.80000000,1244.00000000,1241.10000000,1243.50000000,74852.0000,mstock
2026-09-21 09:20:00,1243.80000000,1244.40000000,1242.50000000,1242.50000000,60686.0000,mstock
2026-09-21 09:21:00,1242.80000000,1242.80000000,1241.00000000,1241.70000000,68770.0000,mstock
2026-09-21 09:22:00,1241.40000000,1241.90000000,1240.60000000,1241.00000000,49234.0000,mstock
2026-09-21 09:23:00,1241.00000000,1241.00000000,1240.10000000,1240.10000000,29556.0000,mstock
2026-09-21 09:24:00,1240.40000000,1240.40000000,1239.10000000,1239.10000000,47703.0000,mstock
2026-09-21 09:25:00,1239.10000000,1240.00000000,1239.10000000,1239.60000000,28828.0000,mstock
2026-09-21 09:26:00,1239.90000000,1240.40000000,1239.40000000,1240.00000000,51439.0000,mstock
2026-09-21 09:27:00,1239.90000000,1242.10000000,1239.80000000,1241.70000000,51407.0000,mstock
2026-09-21 09:28:00,1241.80000000,1242.20000000,1241.30000000,1241.50000000,23713.0000,mstock
2026-09-21 09:29:00,1241.50000000,1242.00000000,1241.10000000,1241.90000000,23540.0000,mstock
2026-09-21 09:30:00,1242.20000000,1242.20000000,1241.70000000,1242.20000000,23438.0000,mstock
2026-09-21 09:31:00,1242.20000000,1243.00000000,1242.20000000,1242.20000000,26512.0000,mstock
2026-09-21 09:32:00,1242.20000000,1242.70000000,1241.80000000,1241.80000000,24834.0000,mstock
2026-09-21 09:33:00,1242.20000000,1242.20000000,1241.70000000,1241.80000000,32857.0000,mstock
2026-09-21 09:34:00,1241.90000000,1241.90000000,1241.40000000,1241.50000000,21729.0000,mstock
2026-09-21 09:35:00,1241.60000000,1241.70000000,1241.40000000,1241.60000000,15351.0000,mstock
2026-09-21 09:36:00,1241.70000000,1241.70000000,1240.60000000,1240.80000000,35398.0000,mstock
2026-09-21 09:37:00,1240.70000000,1240.70000000,1240.00000000,1240.20000000,34364.0000,mstock
2026-09-21 09:38:00,1240.20000000,1240.70000000,1240.20000000,1240.20000000,35941.0000,mstock
2026-09-21 09:39:00,1240.20000000,1241.00000000,1240.10000000,1240.30000000,20811.0000,mstock
2026-09-21 09:40:00,1240.60000000,1240.70000000,1240.10000000,1240.20000000,9872.0000,mstock
2026-09-21 09:41:00,1240.10000000,1240.10000000,1239.30000000,1239.60000000,37428.0000,mstock
2026-09-21 09:42:00,1239.60000000,1239.70000000,1238.60000000,1238.60000000,23731.0000,mstock
2026-09-21 09:43:00,1238.60000000,1238.80000000,1238.20000000,1238.50000000,71239.0000,mstock
2026-09-21 09:44:00,1238.50000000,1238.90000000,1238.30000000,1238.90000000,19236.0000,mstock
2026-09-21 09:45:00,1238.80000000,1239.10000000,1238.80000000,1239.00000000,16514.0000,mstock
2026-09-21 09:46:00,1239.50000000,1239.50000000,1239.20000000,1239.30000000,33003.0000,mstock
2026-09-21 09:47:00,1239.40000000,1239.60000000,1239.20000000,1239.20000000,24523.0000,mstock
2026-09-21 09:48:00,1239.10000000,1239.50000000,1238.90000000,1239.50000000,32231.0000,mstock
2026-09-21 09:49:00,1239.50000000,1239.90000000,1239.50000000,1239.90000000,20688.0000,mstock
2026-09-21 09:50:00,1239.90000000,1239.90000000,1239.80000000,1239.90000000,22141.0000,mstock
2026-09-21 09:51:00,1239.90000000,1239.90000000,1239.80000000,1239.90000000,12745.0000,mstock
2026-09-21 09:52:00,1239.80000000,1239.80000000,1239.30000000,1239.80000000,33747.0000,mstock
2026-09-21 09:53:00,1239.80000000,1239.80000000,1239.40000000,1239.50000000,18420.0000,mstock
2026-09-21 09:54:00,1239.50000000,1239.50000000,1238.60000000,1238.70000000,17302.0000,mstock
2026-09-21 09:55:00,1238.60000000,1238.60000000,1238.20000000,1238.20000000,15970.0000,mstock
2026-09-21 09:56:00,1238.30000000,1238.30000000,1237.30000000,1237.50000000,40389.0000,mstock
2026-09-21 09:57:00,1237.40000000,1238.40000000,1237.30000000,1238.10000000,29559.0000,mstock
2026-09-21 09:58:00,1238.10000000,1238.10000000,1237.20000000,1237.20000000,20672.0000,mstock
2026-09-21 09:59:00,1237.20000000,1237.60000000,1237.20000000,1237.60000000,9694.0000,mstock
2026-09-21 10:00:00,1237.60000000,1237.60000000,1236.70000000,1236.80000000,30066.0000,mstock
2026-09-21 10:01:00,1236.70000000,1236.80000000,1236.30000000,1236.40000000,26551.0000,mstock
2026-09-21 10:02:00,1236.00000000,1236.70000000,1236.00000000,1236.40000000,34718.0000,mstock
2026-09-21 10:03:00,1236.40000000,1236.70000000,1236.20000000,1236.60000000,10447.0000,mstock
2026-09-21 10:04:00,1236.50000000,1237.50000000,1236.10000000,1237.50000000,32083.0000,mstock
2026-09-21 10:05:00,1237.50000000,1238.00000000,1236.90000000,1237.10000000,32040.0000,mstock
2026-09-21 10:06:00,1236.90000000,1237.10000000,1236.60000000,1236.70000000,8787.0000,mstock
2026-09-21 10:07:00,1236.70000000,1237.30000000,1236.50000000,1237.30000000,14661.0000,mstock
2026-09-21 10:08:00,1237.30000000,1237.40000000,1237.20000000,1237.40000000,6413.0000,mstock
2026-09-21 10:09:00,1237.30000000,1237.60000000,1237.20000000,1237.20000000,7382.0000,mstock
2026-09-21 10:10:00,1237.20000000,1237.30000000,1237.00000000,1237.20000000,3247.0000,mstock
2026-09-21 10:11:00,1237.40000000,1237.70000000,1237.40000000,1237.70000000,7817.0000,mstock
2026-09-21 10:12:00,1237.60000000,1237.90000000,1237.60000000,1237.80000000,9915.0000,mstock
2026-09-21 10:13:00,1237.80000000,1237.80000000,1237.50000000,1237.60000000,6406.0000,mstock
2026-09-21 10:14:00,1237.60000000,1237.60000000,1237.00000000,1237.10000000,11716.0000,mstock
2026-09-21 10:15:00,1237.10000000,1237.30000000,1237.00000000,1237.20000000,9055.0000,mstock
2026-09-21 10:16:00,1237.10000000,1237.30000000,1237.00000000,1237.20000000,7215.0000,mstock
2026-09-21 10:17:00,1237.20000000,1237.20000000,1237.00000000,1237.10000000,6693.0000,mstock
2026-09-21 10:18:00,1237.00000000,1237.50000000,1237.00000000,1237.50000000,16453.0000,mstock
2026-09-21 10:19:00,1237.50000000,1237.60000000,1236.60000000,1236.70000000,26323.0000,mstock
2026-09-21 10:20:00,1236.70000000,1236.70000000,1236.50000000,1236.50000000,6071.0000,mstock
2026-09-21 10:21:00,1236.60000000,1236.60000000,1236.50000000,1236.60000000,11929.0000,mstock
2026-09-21 10:22:00,1236.60000000,1236.80000000,1236.50000000,1236.70000000,7481.0000,mstock
2026-09-21 10:23:00,1236.60000000,1236.60000000,1236.00000000,1236.20000000,60500.0000,mstock
2026-09-21 10:24:00,1236.20000000,1236.30000000,1235.80000000,1236.00000000,16231.0000,mstock
2026-09-21 10:25:00,1236.00000000,1236.10000000,1235.90000000,1235.90000000,21157.0000,mstock
2026-09-21 10:26:00,1235.50000000,1236.00000000,1235.50000000,1235.50000000,11325.0000,mstock
2026-09-21 10:27:00,1235.80000000,1235.80000000,1235.30000000,1235.40000000,30793.0000,mstock
2026-09-21 10:28:00,1235.40000000,1235.50000000,1235.00000000,1235.10000000,27134.0000,mstock
2026-09-21 10:29:00,1235.00000000,1235.30000000,1235.00000000,1235.30000000,33911.0000,mstock
2026-09-21 10:30:00,1235.30000000,1235.30000000,1235.00000000,1235.20000000,25227.0000,mstock
2026-09-21 10:31:00,1235.10000000,1235.20000000,1234.50000000,1234.60000000,22240.0000,mstock
2026-09-21 10:32:00,1234.60000000,1235.00000000,1234.10000000,1234.20000000,34645.0000,mstock
2026-09-21 10:33:00,1234.20000000,1234.20000000,1233.10000000,1233.30000000,64841.0000,mstock
2026-09-21 10:34:00,1233.50000000,1233.60000000,1233.20000000,1233.40000000,32604.0000,mstock
2026-09-21 10:35:00,1233.30000000,1233.40000000,1232.50000000,1233.00000000,62464.0000,mstock
2026-09-21 10:36:00,1232.90000000,1233.40000000,1232.80000000,1233.20000000,22998.0000,mstock
2026-09-21 10:37:00,1233.20000000,1233.30000000,1232.60000000,1233.30000000,31599.0000,mstock
2026-09-21 10:38:00,1233.20000000,1233.40000000,1233.10000000,1233.40000000,13719.0000,mstock
2026-09-21 10:39:00,1233.40000000,1233.60000000,1233.30000000,1233.60000000,8950.0000,mstock
2026-09-21 10:40:00,1233.50000000,1233.60000000,1233.40000000,1233.50000000,15665.0000,mstock
2026-09-21 10:41:00,1233.50000000,1233.70000000,1233.40000000,1233.70000000,8701.0000,mstock
2026-09-21 10:42:00,1233.70000000,1233.80000000,1233.20000000,1233.30000000,29763.0000,mstock
2026-09-21 10:43:00,1233.40000000,1233.60000000,1233.20000000,1233.40000000,14396.0000,mstock
2026-09-21 10:44:00,1233.40000000,1233.50000000,1233.20000000,1233.20000000,10647.0000,mstock
2026-09-21 10:45:00,1233.20000000,1233.50000000,1233.20000000,1233.40000000,14626.0000,mstock
2026-09-21 10:46:00,1233.40000000,1233.40000000,1233.20000000,1233.30000000,22106.0000,mstock
2026-09-21 10:47:00,1233.30000000,1233.40000000,1233.30000000,1233.40000000,9120.0000,mstock
2026-09-21 10:48:00,1233.30000000,1233.40000000,1233.00000000,1233.20000000,28305.0000,mstock
2026-09-21 10:49:00,1233.10000000,1233.20000000,1233.10000000,1233.20000000,23736.0000,mstock
2026-09-21 10:50:00,1233.10000000,1233.70000000,1233.10000000,1233.30000000,31168.0000,mstock
2026-09-21 10:51:00,1233.50000000,1233.60000000,1233.40000000,1233.50000000,17050.0000,mstock
2026-09-21 10:52:00,1233.50000000,1233.60000000,1233.40000000,1233.60000000,10835.0000,mstock
2026-09-21 10:53:00,1233.50000000,1233.60000000,1233.40000000,1233.40000000,8569.0000,mstock
2026-09-21 10:54:00,1233.50000000,1233.70000000,1233.50000000,1233.70000000,9423.0000,mstock
2026-09-21 10:55:00,1233.70000000,1233.70000000,1233.30000000,1233.30000000,27030.0000,mstock
2026-09-21 10:56:00,1233.40000000,1233.40000000,1233.20000000,1233.30000000,14265.0000,mstock
2026-09-21 10:57:00,1233.30000000,1233.40000000,1232.60000000,1232.60000000,34676.0000,mstock
2026-09-21 10:58:00,1232.80000000,1232.80000000,1232.60000000,1232.70000000,16450.0000,mstock
2026-09-21 10:59:00,1232.70000000,1233.10000000,1232.70000000,1233.10000000,15307.0000,mstock
2026-09-21 11:00:00,1233.10000000,1233.10000000,1233.00000000,1233.10000000,16911.0000,mstock
2026-09-21 11:01:00,1233.10000000,1233.10000000,1232.70000000,1232.70000000,19899.0000,mstock
2026-09-21 11:02:00,1232.70000000,1232.80000000,1232.50000000,1232.60000000,14471.0000,mstock
2026-09-21 11:03:00,1232.60000000,1232.70000000,1232.50000000,1232.70000000,14457.0000,mstock
2026-09-21 11:04:00,1232.70000000,1232.90000000,1232.70000000,1232.80000000,11614.0000,mstock
2026-09-21 11:05:00,1232.70000000,1232.90000000,1232.70000000,1232.80000000,9866.0000,mstock
2026-09-21 11:06:00,1232.80000000,1234.30000000,1232.70000000,1233.40000000,108024.0000,mstock
2026-09-21 11:07:00,1233.40000000,1234.10000000,1232.90000000,1234.10000000,36145.0000,mstock
2026-09-21 11:08:00,1234.00000000,1234.20000000,1234.00000000,1234.20000000,23371.0000,mstock
2026-09-21 11:09:00,1234.20000000,1234.90000000,1234.10000000,1234.90000000,21266.0000,mstock
2026-09-21 11:10:00,1234.90000000,1234.90000000,1234.30000000,1234.70000000,26692.0000,mstock
2026-09-21 11:11:00,1234.70000000,1234.70000000,1234.40000000,1234.50000000,12036.0000,mstock
2026-09-21 11:12:00,1234.60000000,1234.90000000,1234.50000000,1234.90000000,14437.0000,mstock
2026-09-21 11:13:00,1234.90000000,1235.00000000,1234.80000000,1235.00000000,12186.0000,mstock
2026-09-21 11:14:00,1235.00000000,1235.00000000,1234.90000000,1234.90000000,27783.0000,mstock
2026-09-21 11:15:00,1234.60000000,1235.00000000,1234.10000000,1234.30000000,121984.0000,mstock
2026-09-21 11:16:00,1234.20000000,1234.30000000,1233.70000000,1233.90000000,26464.0000,mstock
2026-09-21 11:17:00,1233.90000000,1234.00000000,1233.70000000,1233.80000000,10564.0000,mstock
2026-09-21 11:18:00,1233.80000000,1233.90000000,1233.60000000,1233.80000000,22594.0000,mstock
2026-09-21 11:19:00,1234.00000000,1235.10000000,1234.00000000,1234.90000000,104585.0000,mstock
2026-09-21 11:20:00,1235.10000000,1235.20000000,1234.10000000,1234.30000000,26703.0000,mstock
2026-09-21 11:21:00,1234.30000000,1234.50000000,1234.20000000,1234.50000000,11995.0000,mstock
2026-09-21 11:22:00,1234.50000000,1235.10000000,1234.40000000,1235.10000000,18049.0000,mstock
2026-09-21 11:23:00,1234.90000000,1235.50000000,1234.80000000,1235.40000000,19508.0000,mstock
2026-09-21 11:24:00,1235.50000000,1235.80000000,1235.30000000,1235.80000000,12950.0000,mstock
2026-09-21 11:25:00,1235.70000000,1235.80000000,1235.40000000,1235.40000000,16262.0000,mstock
2026-09-21 11:26:00,1235.40000000,1235.40000000,1235.00000000,1235.10000000,14664.0000,mstock
2026-09-21 11:27:00,1235.10000000,1235.20000000,1234.60000000,1234.90000000,73665.0000,mstock
2026-09-21 11:28:00,1234.90000000,1234.90000000,1234.40000000,1234.50000000,27106.0000,mstock
2026-09-21 11:29:00,1234.50000000,1235.30000000,1234.40000000,1235.20000000,72343.0000,mstock
2026-09-21 11:30:00,1235.30000000,1235.30000000,1235.00000000,1235.10000000,11852.0000,mstock
2026-09-21 11:31:00,1235.20000000,1235.20000000,1235.10000000,1235.20000000,6934.0000,mstock
2026-09-21 11:32:00,1235.20000000,1235.80000000,1235.10000000,1235.80000000,19821.0000,mstock
2026-09-21 11:33:00,1235.40000000,1235.90000000,1235.40000000,1235.90000000,11767.0000,mstock
2026-09-21 11:34:00,1235.80000000,1235.90000000,1235.50000000,1235.70000000,15519.0000,mstock
2026-09-21 11:35:00,1235.70000000,1235.70000000,1234.80000000,1235.00000000,36375.0000,mstock
2026-09-21 11:36:00,1235.00000000,1235.10000000,1234.50000000,1234.80000000,68210.0000,mstock
2026-09-21 11:37:00,1234.80000000,1234.80000000,1234.50000000,1234.60000000,7386.0000,mstock
2026-09-21 11:38:00,1234.70000000,1235.30000000,1234.50000000,1235.30000000,19180.0000,mstock
2026-09-21 11:39:00,1235.30000000,1235.30000000,1235.20000000,1235.30000000,10742.0000,mstock
2026-09-21 11:40:00,1235.30000000,1235.30000000,1235.00000000,1235.00000000,8305.0000,mstock
2026-09-21 11:41:00,1235.10000000,1235.20000000,1234.90000000,1235.10000000,10130.0000,mstock
2026-09-21 11:42:00,1235.00000000,1235.20000000,1235.00000000,1235.00000000,17185.0000,mstock
2026-09-21 11:43:00,1235.00000000,1235.50000000,1234.90000000,1235.30000000,28934.0000,mstock
2026-09-21 11:44:00,1235.50000000,1235.80000000,1234.90000000,1234.90000000,27494.0000,mstock
2026-09-21 11:45:00,1234.90000000,1235.50000000,1234.70000000,1235.20000000,33121.0000,mstock
2026-09-21 11:46:00,1235.20000000,1235.20000000,1234.80000000,1235.20000000,20912.0000,mstock
2026-09-21 11:47:00,1235.20000000,1235.20000000,1234.80000000,1235.00000000,12452.0000,mstock
2026-09-21 11:48:00,1235.00000000,1235.00000000,1234.60000000,1234.70000000,14012.0000,mstock
2026-09-21 11:49:00,1234.70000000,1234.80000000,1234.50000000,1234.80000000,9349.0000,mstock
2026-09-21 11:50:00,1234.70000000,1235.10000000,1234.50000000,1235.10000000,11618.0000,mstock
2026-09-21 11:51:00,1235.10000000,1236.10000000,1235.10000000,1236.10000000,70741.0000,mstock
2026-09-21 11:52:00,1236.10000000,1237.30000000,1236.00000000,1237.30000000,111563.0000,mstock
2026-09-21 11:53:00,1237.30000000,1237.40000000,1236.90000000,1237.30000000,22395.0000,mstock
2026-09-21 11:54:00,1237.40000000,1238.70000000,1237.40000000,1238.00000000,87152.0000,mstock
2026-09-21 11:55:00,1238.00000000,1238.40000000,1237.10000000,1238.40000000,119721.0000,mstock
2026-09-21 11:56:00,1238.30000000,1239.60000000,1238.30000000,1239.00000000,88524.0000,mstock
2026-09-21 11:57:00,1239.10000000,1239.50000000,1238.50000000,1239.10000000,26361.0000,mstock
2026-09-21 11:58:00,1239.10000000,1241.80000000,1239.10000000,1241.10000000,109695.0000,mstock
2026-09-21 11:59:00,1241.50000000,1242.80000000,1241.10000000,1242.60000000,71478.0000,mstock
2026-09-21 12:00:00,1242.60000000,1246.20000000,1242.50000000,1244.80000000,174114.0000,mstock
2026-09-21 12:01:00,1245.10000000,1245.60000000,1243.70000000,1244.80000000,53088.0000,mstock
2026-09-21 12:02:00,1244.50000000,1244.90000000,1243.30000000,1243.40000000,35855.0000,mstock
2026-09-21 12:03:00,1243.40000000,1243.60000000,1242.60000000,1243.00000000,34930.0000,mstock
2026-09-21 12:04:00,1243.00000000,1243.40000000,1242.80000000,1243.30000000,13883.0000,mstock
2026-09-21 12:05:00,1243.30000000,1243.30000000,1242.50000000,1242.60000000,17247.0000,mstock
2026-09-21 12:06:00,1242.70000000,1242.80000000,1242.10000000,1242.20000000,18222.0000,mstock
2026-09-21 12:07:00,1242.20000000,1242.30000000,1241.80000000,1242.00000000,16897.0000,mstock
2026-09-21 12:08:00,1241.90000000,1242.40000000,1241.50000000,1242.20000000,23320.0000,mstock
2026-09-21 12:09:00,1242.20000000,1242.30000000,1240.80000000,1241.10000000,26825.0000,mstock
2026-09-21 12:10:00,1241.00000000,1241.10000000,1240.70000000,1240.70000000,37460.0000,mstock
2026-09-21 12:11:00,1240.80000000,1241.90000000,1240.80000000,1241.50000000,16879.0000,mstock
2026-09-21 12:12:00,1241.50000000,1241.60000000,1241.10000000,1241.40000000,8398.0000,mstock
2026-09-21 12:13:00,1241.40000000,1242.40000000,1241.40000000,1242.10000000,23100.0000,mstock
2026-09-21 12:14:00,1242.20000000,1242.60000000,1242.20000000,1242.60000000,25234.0000,mstock
2026-09-21 12:15:00,1242.60000000,1242.60000000,1242.40000000,1242.60000000,28964.0000,mstock
2026-09-21 12:16:00,1242.50000000,1242.70000000,1242.20000000,1242.20000000,18027.0000,mstock
2026-09-21 12:17:00,1242.40000000,1242.40000000,1242.00000000,1242.20000000,19969.0000,mstock
2026-09-21 12:18:00,1242.40000000,1243.80000000,1242.30000000,1243.30000000,68941.0000,mstock
2026-09-21 12:19:00,1243.20000000,1243.30000000,1242.30000000,1242.30000000,10038.0000,mstock
2026-09-21 12:20:00,1242.30000000,1242.70000000,1242.30000000,1242.40000000,7363.0000,mstock
2026-09-21 12:21:00,1242.10000000,1242.90000000,1242.00000000,1242.80000000,15425.0000,mstock
2026-09-21 12:22:00,1242.80000000,1243.00000000,1241.70000000,1242.00000000,39848.0000,mstock
2026-09-21 12:23:00,1242.10000000,1242.10000000,1241.80000000,1241.90000000,7582.0000,mstock
2026-09-21 12:24:00,1241.90000000,1242.10000000,1241.70000000,1241.90000000,13187.0000,mstock
2026-09-21 12:25:00,1242.00000000,1242.00000000,1241.70000000,1241.90000000,7464.0000,mstock
2026-09-21 12:26:00,1241.90000000,1241.90000000,1241.50000000,1241.70000000,27581.0000,mstock
2026-09-21 12:27:00,1241.70000000,1241.70000000,1241.50000000,1241.50000000,7986.0000,mstock
2026-09-21 12:28:00,1241.50000000,1241.60000000,1241.30000000,1241.40000000,29015.0000,mstock
2026-09-21 12:29:00,1241.50000000,1241.90000000,1241.40000000,1241.80000000,12639.0000,mstock
2026-09-21 12:30:00,1241.80000000,1241.80000000,1241.70000000,1241.70000000,7022.0000,mstock
2026-09-21 12:31:00,1241.70000000,1241.80000000,1241.60000000,1241.70000000,5230.0000,mstock
2026-09-21 12:32:00,1241.70000000,1241.70000000,1241.00000000,1241.00000000,14731.0000,mstock
2026-09-21 12:33:00,1241.10000000,1241.10000000,1240.60000000,1240.70000000,16561.0000,mstock
2026-09-21 12:34:00,1240.70000000,1241.10000000,1240.50000000,1241.00000000,26878.0000,mstock
2026-09-21 12:35:00,1240.90000000,1241.30000000,1240.70000000,1240.90000000,14851.0000,mstock
2026-09-21 12:36:00,1240.90000000,1241.10000000,1240.80000000,1241.00000000,6328.0000,mstock
2026-09-21 12:37:00,1241.00000000,1241.10000000,1240.90000000,1241.00000000,6483.0000,mstock
2026-09-21 12:38:00,1241.10000000,1241.80000000,1241.00000000,1241.60000000,14077.0000,mstock
2026-09-21 12:39:00,1241.60000000,1241.60000000,1240.70000000,1240.70000000,9204.0000,mstock
2026-09-21 12:40:00,1240.70000000,1241.00000000,1240.50000000,1240.80000000,12940.0000,mstock
2026-09-21 12:41:00,1240.80000000,1240.90000000,1240.60000000,1240.90000000,9951.0000,mstock
2026-09-21 12:42:00,1240.90000000,1240.90000000,1240.80000000,1240.90000000,10818.0000,mstock
2026-09-21 12:43:00,1240.90000000,1240.90000000,1240.40000000,1240.40000000,10616.0000,mstock
2026-09-21 12:44:00,1240.40000000,1240.50000000,1240.30000000,1240.30000000,6125.0000,mstock
2026-09-21 12:45:00,1240.40000000,1240.50000000,1240.30000000,1240.40000000,4011.0000,mstock
2026-09-21 12:46:00,1240.30000000,1240.50000000,1240.20000000,1240.30000000,9619.0000,mstock
2026-09-21 12:47:00,1240.30000000,1240.40000000,1240.30000000,1240.30000000,7984.0000,mstock
2026-09-21 12:48:00,1240.40000000,1240.40000000,1239.60000000,1239.70000000,32516.0000,mstock
2026-09-21 12:49:00,1239.70000000,1240.20000000,1239.60000000,1240.20000000,15262.0000,mstock
2026-09-21 12:50:00,1240.20000000,1241.60000000,1240.00000000,1241.40000000,43948.0000,mstock
2026-09-21 12:51:00,1241.50000000,1241.50000000,1240.80000000,1241.00000000,8264.0000,mstock
2026-09-21 12:52:00,1241.00000000,1241.20000000,1240.80000000,1241.00000000,7135.0000,mstock
2026-09-21 12:53:00,1241.00000000,1241.00000000,1240.80000000,1241.00000000,6198.0000,mstock
2026-09-21 12:54:00,1240.90000000,1241.10000000,1240.70000000,1241.00000000,5364.0000,mstock
2026-09-21 12:55:00,1241.10000000,1241.10000000,1240.80000000,1241.00000000,5485.0000,mstock
2026-09-21 12:56:00,1241.00000000,1241.10000000,1240.90000000,1241.10000000,5720.0000,mstock
2026-09-21 12:57:00,1241.10000000,1241.10000000,1241.00000000,1241.10000000,6911.0000,mstock
2026-09-21 12:58:00,1241.10000000,1241.10000000,1240.90000000,1241.10000000,7204.0000,mstock
2026-09-21 12:59:00,1241.00000000,1241.10000000,1241.00000000,1241.00000000,6273.0000,mstock
2026-09-21 13:00:00,1241.00000000,1241.10000000,1240.50000000,1240.50000000,16579.0000,mstock
2026-09-21 13:01:00,1240.40000000,1240.80000000,1240.20000000,1240.30000000,15512.0000,mstock
2026-09-21 13:02:00,1240.30000000,1240.50000000,1240.20000000,1240.30000000,5093.0000,mstock
2026-09-21 13:03:00,1240.30000000,1240.40000000,1240.00000000,1240.10000000,6072.0000,mstock
2026-09-21 13:04:00,1240.10000000,1240.10000000,1240.00000000,1240.10000000,5621.0000,mstock
2026-09-21 13:05:00,1240.10000000,1241.00000000,1240.00000000,1240.00000000,49156.0000,mstock
2026-09-21 13:06:00,1240.20000000,1240.50000000,1240.10000000,1240.40000000,11563.0000,mstock
2026-09-21 13:07:00,1240.40000000,1240.40000000,1240.20000000,1240.20000000,7177.0000,mstock
2026-09-21 13:08:00,1240.20000000,1240.50000000,1240.20000000,1240.40000000,9518.0000,mstock
2026-09-21 13:09:00,1240.40000000,1240.50000000,1240.40000000,1240.50000000,6973.0000,mstock
2026-09-21 13:10:00,1240.50000000,1240.50000000,1240.10000000,1240.20000000,10951.0000,mstock
2026-09-21 13:11:00,1240.20000000,1240.40000000,1240.10000000,1240.30000000,7045.0000,mstock
2026-09-21 13:12:00,1240.20000000,1240.30000000,1240.00000000,1240.20000000,7682.0000,mstock
2026-09-21 13:13:00,1240.20000000,1240.20000000,1240.10000000,1240.20000000,5430.0000,mstock
2026-09-21 13:14:00,1240.20000000,1240.20000000,1240.10000000,1240.20000000,4914.0000,mstock
2026-09-21 13:15:00,1240.20000000,1240.40000000,1240.10000000,1240.30000000,5563.0000,mstock
2026-09-21 13:16:00,1240.20000000,1240.40000000,1240.20000000,1240.30000000,10506.0000,mstock
2026-09-21 13:17:00,1240.30000000,1240.50000000,1240.20000000,1240.50000000,7839.0000,mstock
2026-09-21 13:18:00,1240.50000000,1240.50000000,1240.40000000,1240.40000000,6570.0000,mstock
2026-09-21 13:19:00,1240.40000000,1241.30000000,1240.30000000,1241.00000000,15152.0000,mstock
2026-09-21 13:20:00,1241.10000000,1241.30000000,1241.00000000,1241.20000000,5920.0000,mstock
2026-09-21 13:21:00,1241.30000000,1241.90000000,1240.90000000,1241.90000000,19085.0000,mstock
2026-09-21 13:22:00,1241.40000000,1241.80000000,1241.40000000,1241.60000000,17212.0000,mstock
2026-09-21 13:23:00,1241.70000000,1241.70000000,1241.60000000,1241.70000000,8375.0000,mstock
2026-09-21 13:24:00,1241.70000000,1241.70000000,1241.30000000,1241.40000000,11346.0000,mstock
2026-09-21 13:25:00,1241.30000000,1241.70000000,1241.30000000,1241.70000000,7068.0000,mstock
2026-09-21 13:26:00,1241.70000000,1241.80000000,1241.60000000,1241.80000000,8596.0000,mstock
2026-09-21 13:27:00,1241.80000000,1241.80000000,1241.60000000,1241.60000000,13417.0000,mstock
2026-09-21 13:28:00,1241.70000000,1241.80000000,1241.60000000,1241.70000000,7473.0000,mstock
2026-09-21 13:29:00,1241.70000000,1241.80000000,1241.70000000,1241.80000000,6768.0000,mstock
2026-09-21 13:30:00,1241.80000000,1241.80000000,1241.60000000,1241.70000000,7991.0000,mstock
2026-09-21 13:31:00,1241.70000000,1241.70000000,1241.60000000,1241.60000000,4357.0000,mstock
2026-09-21 13:32:00,1241.70000000,1241.80000000,1241.60000000,1241.60000000,6840.0000,mstock
2026-09-21 13:33:00,1241.80000000,1241.80000000,1241.60000000,1241.70000000,8195.0000,mstock
2026-09-21 13:34:00,1241.70000000,1242.60000000,1241.70000000,1242.60000000,30899.0000,mstock
2026-09-21 13:35:00,1242.50000000,1242.70000000,1242.50000000,1242.50000000,14043.0000,mstock
2026-09-21 13:36:00,1242.50000000,1243.00000000,1242.50000000,1242.80000000,24614.0000,mstock
2026-09-21 13:37:00,1243.00000000,1243.20000000,1242.70000000,1242.80000000,14983.0000,mstock
2026-09-21 13:38:00,1242.80000000,1242.90000000,1242.70000000,1242.90000000,13705.0000,mstock
2026-09-21 13:39:00,1242.80000000,1243.20000000,1242.80000000,1243.10000000,10163.0000,mstock
2026-09-21 13:40:00,1243.20000000,1243.20000000,1243.10000000,1243.10000000,9677.0000,mstock
2026-09-21 13:41:00,1243.20000000,1243.20000000,1243.00000000,1243.10000000,13300.0000,mstock
2026-09-21 13:42:00,1243.20000000,1243.20000000,1242.90000000,1242.90000000,11830.0000,mstock
2026-09-21 13:43:00,1243.00000000,1243.00000000,1242.20000000,1242.20000000,13863.0000,mstock
2026-09-21 13:44:00,1242.20000000,1242.20000000,1242.10000000,1242.10000000,9240.0000,mstock
2026-09-21 13:45:00,1242.20000000,1245.00000000,1242.10000000,1244.50000000,55877.0000,mstock
2026-09-21 13:46:00,1244.80000000,1245.00000000,1244.30000000,1244.90000000,29598.0000,mstock
2026-09-21 13:47:00,1244.90000000,1244.90000000,1244.40000000,1244.60000000,13720.0000,mstock
2026-09-21 13:48:00,1244.60000000,1244.70000000,1244.50000000,1244.70000000,11269.0000,mstock
2026-09-21 13:49:00,1244.50000000,1244.50000000,1243.00000000,1243.40000000,21981.0000,mstock
2026-09-21 13:50:00,1243.40000000,1243.70000000,1243.30000000,1243.70000000,8131.0000,mstock
2026-09-21 13:51:00,1243.70000000,1243.70000000,1243.50000000,1243.60000000,9673.0000,mstock
2026-09-21 13:52:00,1243.50000000,1243.60000000,1243.30000000,1243.40000000,8536.0000,mstock
2026-09-21 13:53:00,1243.40000000,1243.50000000,1243.30000000,1243.40000000,6607.0000,mstock
2026-09-21 13:54:00,1243.40000000,1243.80000000,1243.20000000,1243.30000000,13584.0000,mstock
2026-09-21 13:55:00,1243.30000000,1243.40000000,1243.10000000,1243.30000000,7947.0000,mstock
2026-09-21 13:56:00,1243.30000000,1244.00000000,1243.10000000,1243.50000000,29468.0000,mstock
2026-09-21 13:57:00,1243.50000000,1244.20000000,1243.50000000,1244.20000000,16543.0000,mstock
2026-09-21 13:58:00,1244.20000000,1244.40000000,1244.10000000,1244.30000000,10131.0000,mstock
2026-09-21 13:59:00,1244.30000000,1244.30000000,1243.90000000,1244.10000000,12399.0000,mstock
2026-09-21 14:00:00,1244.10000000,1244.40000000,1244.10000000,1244.30000000,12433.0000,mstock
2026-09-21 14:01:00,1244.20000000,1244.30000000,1244.00000000,1244.20000000,9955.0000,mstock
2026-09-21 14:02:00,1244.20000000,1244.20000000,1243.90000000,1244.20000000,11421.0000,mstock
2026-09-21 14:03:00,1244.20000000,1244.20000000,1244.10000000,1244.20000000,12566.0000,mstock
2026-09-21 14:04:00,1244.20000000,1244.70000000,1244.20000000,1244.40000000,24351.0000,mstock
2026-09-21 14:05:00,1244.40000000,1244.60000000,1244.10000000,1244.30000000,18706.0000,mstock
2026-09-21 14:06:00,1244.30000000,1244.40000000,1244.10000000,1244.30000000,5914.0000,mstock
2026-09-21 14:07:00,1244.30000000,1244.30000000,1244.10000000,1244.30000000,10032.0000,mstock
2026-09-21 14:08:00,1244.20000000,1244.40000000,1244.10000000,1244.40000000,15730.0000,mstock
2026-09-21 14:09:00,1244.30000000,1244.40000000,1244.30000000,1244.30000000,12292.0000,mstock
2026-09-21 14:10:00,1244.30000000,1244.50000000,1244.30000000,1244.50000000,11642.0000,mstock
2026-09-21 14:11:00,1244.60000000,1244.60000000,1244.40000000,1244.50000000,10371.0000,mstock
2026-09-21 14:12:00,1244.40000000,1244.50000000,1244.30000000,1244.50000000,9413.0000,mstock
2026-09-21 14:13:00,1244.50000000,1244.50000000,1244.30000000,1244.40000000,7125.0000,mstock
2026-09-21 14:14:00,1244.40000000,1244.40000000,1244.10000000,1244.30000000,24418.0000,mstock
2026-09-21 14:15:00,1244.30000000,1244.40000000,1243.70000000,1243.80000000,23544.0000,mstock
2026-09-21 14:16:00,1243.80000000,1243.80000000,1243.50000000,1243.70000000,12230.0000,mstock
2026-09-21 14:17:00,1243.70000000,1243.90000000,1243.60000000,1243.80000000,8365.0000,mstock
2026-09-21 14:18:00,1243.90000000,1244.00000000,1243.80000000,1244.00000000,16466.0000,mstock
2026-09-21 14:19:00,1244.00000000,1244.30000000,1244.00000000,1244.10000000,27021.0000,mstock
2026-09-21 14:20:00,1244.20000000,1244.40000000,1244.10000000,1244.20000000,10230.0000,mstock
2026-09-21 14:21:00,1244.20000000,1244.30000000,1243.60000000,1243.70000000,18053.0000,mstock
2026-09-21 14:22:00,1243.70000000,1243.70000000,1242.50000000,1242.60000000,36741.0000,mstock
2026-09-21 14:23:00,1242.60000000,1242.70000000,1242.20000000,1242.20000000,12972.0000,mstock
2026-09-21 14:24:00,1242.20000000,1243.50000000,1242.20000000,1243.50000000,20747.0000,mstock
2026-09-21 14:25:00,1243.50000000,1244.30000000,1243.50000000,1244.10000000,31076.0000,mstock
2026-09-21 14:26:00,1244.10000000,1244.30000000,1244.00000000,1244.30000000,12814.0000,mstock
2026-09-21 14:27:00,1245.70000000,1246.20000000,1244.80000000,1246.10000000,101156.0000,mstock
2026-09-21 14:28:00,1246.10000000,1247.90000000,1246.00000000,1246.90000000,66465.0000,mstock
2026-09-21 14:29:00,1247.00000000,1247.50000000,1245.60000000,1246.90000000,41411.0000,mstock
2026-09-21 14:30:00,1246.90000000,1246.90000000,1246.20000000,1246.50000000,20859.0000,mstock
2026-09-21 14:31:00,1246.30000000,1246.80000000,1246.00000000,1246.00000000,18642.0000,mstock
2026-09-21 14:32:00,1246.10000000,1246.10000000,1245.90000000,1246.00000000,34028.0000,mstock
2026-09-21 14:33:00,1246.10000000,1246.10000000,1246.00000000,1246.10000000,20490.0000,mstock
2026-09-21 14:34:00,1246.00000000,1246.20000000,1246.00000000,1246.20000000,11881.0000,mstock
2026-09-21 14:35:00,1246.10000000,1246.10000000,1245.00000000,1245.00000000,80357.0000,mstock
2026-09-21 14:36:00,1245.10000000,1245.20000000,1245.00000000,1245.20000000,15422.0000,mstock
2026-09-21 14:37:00,1245.20000000,1245.50000000,1245.10000000,1245.40000000,9385.0000,mstock
2026-09-21 14:38:00,1245.40000000,1245.70000000,1245.40000000,1245.60000000,8724.0000,mstock
2026-09-21 14:39:00,1245.60000000,1245.60000000,1244.90000000,1245.00000000,19709.0000,mstock
2026-09-21 14:40:00,1244.90000000,1245.20000000,1244.90000000,1245.10000000,11711.0000,mstock
2026-09-21 14:41:00,1245.10000000,1245.10000000,1244.90000000,1245.00000000,13124.0000,mstock
2026-09-21 14:42:00,1245.00000000,1246.20000000,1244.90000000,1246.10000000,34684.0000,mstock
2026-09-21 14:43:00,1246.40000000,1246.70000000,1246.10000000,1246.30000000,19636.0000,mstock
2026-09-21 14:44:00,1246.30000000,1246.70000000,1246.00000000,1246.60000000,25501.0000,mstock
2026-09-21 14:45:00,1246.60000000,1246.60000000,1246.10000000,1246.10000000,22896.0000,mstock
2026-09-21 14:46:00,1246.20000000,1246.40000000,1246.10000000,1246.10000000,19436.0000,mstock
2026-09-21 14:47:00,1246.10000000,1246.40000000,1246.00000000,1246.10000000,21036.0000,mstock
2026-09-21 14:48:00,1246.20000000,1246.90000000,1246.10000000,1246.90000000,39941.0000,mstock
2026-09-21 14:49:00,1246.80000000,1247.30000000,1246.70000000,1247.20000000,44234.0000,mstock
2026-09-21 14:50:00,1247.20000000,1247.40000000,1247.00000000,1247.10000000,33002.0000,mstock
2026-09-21 14:51:00,1247.10000000,1247.20000000,1247.00000000,1247.00000000,21150.0000,mstock
2026-09-21 14:52:00,1247.10000000,1247.10000000,1246.90000000,1247.00000000,59443.0000,mstock
2026-09-21 14:53:00,1247.00000000,1247.20000000,1246.90000000,1247.20000000,64336.0000,mstock
2026-09-21 14:54:00,1247.10000000,1247.80000000,1247.10000000,1247.70000000,53056.0000,mstock
2026-09-21 14:55:00,1247.70000000,1248.30000000,1247.50000000,1247.70000000,74580.0000,mstock
2026-09-21 14:56:00,1247.60000000,1247.60000000,1247.00000000,1247.20000000,19623.0000,mstock
2026-09-21 14:57:00,1247.20000000,1248.20000000,1247.10000000,1248.10000000,54001.0000,mstock
2026-09-21 14:58:00,1248.10000000,1248.10000000,1248.00000000,1248.00000000,54737.0000,mstock
2026-09-21 14:59:00,1248.10000000,1248.40000000,1247.40000000,1248.30000000,145483.0000,mstock
2026-09-21 15:00:00,1248.30000000,1248.90000000,1248.20000000,1248.50000000,67835.0000,mstock
2026-09-21 15:01:00,1248.50000000,1248.90000000,1248.30000000,1248.40000000,37497.0000,mstock
2026-09-21 15:02:00,1248.40000000,1248.40000000,1247.60000000,1248.00000000,59109.0000,mstock
2026-09-21 15:03:00,1247.90000000,1248.10000000,1247.80000000,1248.00000000,35622.0000,mstock
2026-09-21 15:04:00,1248.10000000,1248.10000000,1247.90000000,1247.90000000,23282.0000,mstock
2026-09-21 15:05:00,1247.90000000,1247.90000000,1247.50000000,1247.50000000,35431.0000,mstock
2026-09-21 15:06:00,1247.40000000,1247.50000000,1247.00000000,1247.00000000,48999.0000,mstock
2026-09-21 15:07:00,1247.20000000,1247.20000000,1246.90000000,1246.90000000,47002.0000,mstock
2026-09-21 15:08:00,1246.90000000,1247.00000000,1246.90000000,1247.00000000,31155.0000,mstock
2026-09-21 15:09:00,1247.00000000,1247.00000000,1246.50000000,1247.00000000,43825.0000,mstock
2026-09-21 15:10:00,1246.90000000,1246.90000000,1246.80000000,1246.90000000,37560.0000,mstock
2026-09-21 15:11:00,1247.00000000,1247.00000000,1246.80000000,1246.80000000,39651.0000,mstock
2026-09-21 15:12:00,1246.80000000,1247.00000000,1246.10000000,1246.20000000,55287.0000,mstock
2026-09-21 15:13:00,1246.60000000,1246.80000000,1246.40000000,1246.80000000,23759.0000,mstock
2026-09-21 15:14:00,1246.60000000,1246.90000000,1246.40000000,1246.40000000,26069.0000,mstock
2026-09-21 15:15:00,1246.40000000,1246.40000000,1246.40000000,1246.40000000,458.0000,mstock
2026-09-21 15:20:00,1246.40000000,1246.40000000,1246.40000000,1246.40000000,0.0000,mstock
2026-09-21 15:21:00,1246.40000000,1246.40000000,1246.40000000,1246.40000000,8720.0000,mstock
2026-09-21 15:22:00,1246.40000000,1246.40000000,1246.40000000,1246.40000000,30389.0000,mstock
2026-09-21 15:23:00,1246.40000000,1246.40000000,1246.40000000,1246.40000000,13500.0000,mstock
2026-09-21 15:24:00,1246.40000000,1246.40000000,1246.40000000,1246.40000000,0.0000,mstock
2026-09-21 15:25:00,1246.40000000,1246.40000000,1246.40000000,1246.40000000,15016.0000,mstock
2026-09-21 15:26:00,1246.40000000,1246.40000000,1246.40000000,1246.40000000,14393.0000,mstock
2026-09-21 15:27:00,1246.40000000,1246.40000000,1246.40000000,1246.40000000,8361.0000,mstock
2026-09-21 15:28:00,1246.40000000,1247.40000000,1246.40000000,1247.40000000,9471627.0000,mstock
2026-09-23 09:15:00,1242.00000000,1245.60000000,1241.40000000,1241.40000000,128743.0000,mstock
2026-09-23 09:16:00,1241.40000000,1242.80000000,1241.10000000,1242.50000000,45448.0000,mstock
2026-09-23 09:17:00,1242.50000000,1243.40000000,1242.50000000,1243.40000000,32788.0000,mstock
2026-09-23 09:18:00,1243.50000000,1244.50000000,1243.50000000,1244.10000000,36547.0000,mstock
2026-09-23 09:19:00,1244.20000000,1244.70000000,1243.80000000,1244.70000000,23486.0000,mstock
2026-09-23 09:20:00,1244.50000000,1246.00000000,1244.50000000,1245.80000000,34690.0000,mstock
2026-09-23 09:21:00,1245.80000000,1246.00000000,1244.00000000,1244.00000000,50192.0000,mstock
2026-09-23 09:22:00,1243.90000000,1244.10000000,1243.80000000,1244.00000000,37179.0000,mstock
2026-09-23 09:23:00,1243.90000000,1244.00000000,1243.60000000,1243.70000000,21658.0000,mstock
2026-09-23 09:24:00,1243.90000000,1245.10000000,1243.90000000,1244.90000000,27661.0000,mstock
2026-09-23 09:25:00,1244.80000000,1244.80000000,1243.80000000,1243.80000000,5726.0000,mstock
2026-09-23 09:26:00,1243.90000000,1244.00000000,1242.40000000,1242.70000000,25286.0000,mstock
2026-09-23 09:27:00,1242.80000000,1244.00000000,1242.80000000,1243.80000000,17049.0000,mstock
2026-09-23 09:28:00,1243.80000000,1244.10000000,1242.60000000,1242.70000000,13342.0000,mstock
2026-09-23 09:29:00,1243.50000000,1243.70000000,1243.50000000,1243.50000000,6662.0000,mstock
2026-09-23 09:30:00,1242.60000000,1243.60000000,1242.60000000,1243.60000000,30417.0000,mstock
2026-09-23 09:31:00,1243.50000000,1243.50000000,1243.20000000,1243.20000000,11473.0000,mstock
2026-09-23 09:32:00,1243.40000000,1243.80000000,1243.30000000,1243.60000000,19481.0000,mstock
2026-09-23 09:33:00,1243.60000000,1243.60000000,1243.00000000,1243.00000000,15637.0000,mstock
2026-09-23 09:34:00,1243.10000000,1243.20000000,1243.00000000,1243.20000000,10060.0000,mstock
2026-09-23 09:35:00,1243.20000000,1243.80000000,1243.20000000,1243.70000000,18347.0000,mstock
2026-09-23 09:36:00,1243.60000000,1243.80000000,1243.20000000,1243.30000000,13855.0000,mstock
2026-09-23 09:37:00,1243.30000000,1244.00000000,1243.20000000,1244.00000000,17286.0000,mstock
2026-09-23 09:38:00,1244.10000000,1244.20000000,1243.60000000,1243.70000000,16352.0000,mstock
2026-09-23 09:39:00,1243.70000000,1243.80000000,1243.60000000,1243.80000000,8823.0000,mstock
2026-09-23 09:40:00,1243.80000000,1244.40000000,1243.80000000,1244.30000000,14054.0000,mstock
2026-09-23 09:41:00,1244.10000000,1244.10000000,1243.40000000,1243.80000000,10668.0000,mstock
2026-09-23 09:42:00,1243.80000000,1244.20000000,1243.80000000,1244.20000000,6591.0000,mstock
2026-09-23 09:43:00,1244.20000000,1244.40000000,1244.00000000,1244.10000000,6090.0000,mstock
2026-09-23 09:44:00,1243.70000000,1243.90000000,1243.50000000,1243.50000000,11983.0000,mstock
2026-09-23 09:45:00,1243.60000000,1243.80000000,1243.60000000,1243.80000000,7389.0000,mstock
2026-09-23 09:46:00,1243.80000000,1243.80000000,1243.70000000,1243.70000000,6558.0000,mstock
2026-09-23 09:47:00,1243.70000000,1244.20000000,1243.60000000,1244.20000000,18358.0000,mstock
2026-09-23 09:48:00,1244.40000000,1244.50000000,1243.50000000,1243.60000000,16214.0000,mstock
2026-09-23 09:49:00,1243.60000000,1243.80000000,1242.60000000,1242.80000000,21845.0000,mstock
2026-09-23 09:50:00,1242.80000000,1243.10000000,1242.80000000,1243.00000000,13369.0000,mstock
2026-09-23 09:51:00,1242.90000000,1242.90000000,1242.60000000,1242.60000000,17112.0000,mstock
2026-09-23 09:52:00,1242.60000000,1242.70000000,1242.10000000,1242.10000000,18112.0000,mstock
2026-09-23 09:53:00,1242.10000000,1242.60000000,1242.10000000,1242.50000000,25867.0000,mstock
2026-09-23 09:54:00,1242.40000000,1242.50000000,1241.70000000,1241.70000000,31327.0000,mstock
2026-09-23 09:55:00,1241.60000000,1242.00000000,1241.60000000,1242.00000000,17060.0000,mstock
2026-09-23 09:56:00,1242.00000000,1243.10000000,1242.00000000,1243.10000000,16686.0000,mstock
2026-09-23 09:57:00,1243.80000000,1243.80000000,1243.30000000,1243.30000000,17537.0000,mstock
2026-09-23 09:58:00,1243.20000000,1243.20000000,1243.10000000,1243.20000000,10831.0000,mstock
2026-09-23 09:59:00,1243.40000000,1243.50000000,1243.30000000,1243.50000000,23379.0000,mstock
2026-09-23 10:00:00,1243.60000000,1243.80000000,1243.50000000,1243.80000000,18043.0000,mstock
2026-09-23 10:01:00,1243.70000000,1243.80000000,1243.60000000,1243.60000000,4792.0000,mstock
2026-09-23 10:02:00,1243.80000000,1243.80000000,1243.10000000,1243.20000000,10452.0000,mstock
2026-09-23 10:03:00,1243.20000000,1243.20000000,1242.70000000,1242.90000000,6597.0000,mstock
2026-09-23 10:04:00,1242.90000000,1242.90000000,1242.70000000,1242.70000000,8638.0000,mstock
2026-09-23 10:05:00,1242.70000000,1242.80000000,1242.60000000,1242.80000000,10181.0000,mstock
2026-09-23 10:06:00,1242.80000000,1242.80000000,1242.70000000,1242.80000000,4217.0000,mstock
2026-09-23 10:07:00,1242.40000000,1242.40000000,1242.10000000,1242.10000000,18392.0000,mstock
2026-09-23 10:08:00,1242.20000000,1242.20000000,1241.90000000,1241.90000000,11466.0000,mstock
2026-09-23 10:09:00,1241.90000000,1241.90000000,1241.20000000,1241.40000000,24979.0000,mstock
2026-09-23 10:10:00,1241.40000000,1241.40000000,1241.10000000,1241.20000000,17092.0000,mstock
2026-09-23 10:11:00,1241.20000000,1241.30000000,1240.20000000,1240.20000000,24118.0000,mstock
2026-09-23 10:12:00,1240.20000000,1240.40000000,1239.20000000,1240.00000000,86332.0000,mstock
2026-09-23 10:13:00,1240.10000000,1240.90000000,1240.00000000,1240.60000000,14643.0000,mstock
2026-09-23 10:14:00,1240.70000000,1240.70000000,1240.20000000,1240.50000000,21470.0000,mstock
2026-09-23 10:15:00,1240.70000000,1241.40000000,1240.70000000,1241.40000000,18517.0000,mstock
2026-09-23 10:16:00,1241.90000000,1243.30000000,1241.80000000,1243.30000000,21887.0000,mstock
2026-09-23 10:17:00,1243.20000000,1243.50000000,1243.10000000,1243.30000000,16144.0000,mstock
2026-09-23 10:18:00,1243.30000000,1245.00000000,1243.30000000,1245.00000000,46951.0000,mstock
2026-09-23 10:19:00,1244.60000000,1244.60000000,1243.90000000,1244.30000000,15923.0000,mstock
2026-09-23 10:20:00,1244.40000000,1244.50000000,1243.40000000,1243.50000000,14495.0000,mstock
2026-09-23 10:21:00,1243.70000000,1243.80000000,1243.60000000,1243.70000000,8516.0000,mstock
2026-09-23 10:22:00,1243.70000000,1243.80000000,1243.50000000,1243.50000000,5862.0000,mstock
2026-09-23 10:23:00,1243.40000000,1243.40000000,1243.10000000,1243.10000000,7131.0000,mstock
2026-09-23 10:24:00,1243.40000000,1243.40000000,1243.10000000,1243.40000000,5500.0000,mstock
2026-09-23 10:25:00,1243.10000000,1243.20000000,1242.40000000,1242.70000000,8448.0000,mstock
2026-09-23 10:26:00,1242.80000000,1243.20000000,1242.80000000,1243.00000000,15250.0000,mstock
2026-09-23 10:27:00,1243.00000000,1243.10000000,1242.70000000,1243.10000000,8456.0000,mstock
2026-09-23 10:28:00,1243.10000000,1243.20000000,1243.00000000,1243.10000000,9408.0000,mstock
2026-09-23 10:29:00,1243.10000000,1243.10000000,1242.80000000,1242.90000000,17710.0000,mstock
2026-09-23 10:30:00,1243.00000000,1243.10000000,1243.00000000,1243.00000000,5645.0000,mstock
2026-09-23 10:31:00,1243.10000000,1243.10000000,1242.80000000,1242.90000000,5432.0000,mstock
2026-09-23 10:32:00,1243.00000000,1243.20000000,1242.90000000,1243.10000000,15614.0000,mstock
2026-09-23 10:33:00,1243.10000000,1244.20000000,1243.00000000,1243.70000000,41039.0000,mstock
2026-09-23 10:34:00,1243.60000000,1243.70000000,1243.60000000,1243.70000000,8235.0000,mstock
2026-09-23 10:35:00,1243.60000000,1244.50000000,1243.60000000,1243.90000000,24404.0000,mstock
2026-09-23 10:36:00,1244.00000000,1244.00000000,1243.90000000,1244.00000000,5234.0000,mstock
2026-09-23 10:37:00,1244.00000000,1244.30000000,1243.90000000,1244.20000000,14154.0000,mstock
2026-09-23 10:38:00,1244.40000000,1244.50000000,1244.30000000,1244.40000000,13179.0000,mstock
2026-09-23 10:39:00,1244.40000000,1244.50000000,1244.30000000,1244.30000000,11782.0000,mstock
2026-09-23 10:40:00,1244.40000000,1244.60000000,1244.20000000,1244.60000000,19318.0000,mstock
2026-09-23 10:41:00,1244.60000000,1244.60000000,1244.00000000,1244.10000000,21363.0000,mstock
2026-09-23 10:42:00,1244.10000000,1244.10000000,1243.90000000,1244.00000000,7902.0000,mstock
2026-09-23 10:43:00,1243.90000000,1244.10000000,1243.90000000,1244.10000000,24379.0000,mstock
2026-09-23 10:44:00,1244.10000000,1244.20000000,1244.00000000,1244.20000000,8777.0000,mstock
2026-09-23 10:45:00,1244.20000000,1244.20000000,1244.10000000,1244.20000000,7006.0000,mstock
2026-09-23 10:46:00,1244.20000000,1244.20000000,1244.10000000,1244.10000000,5606.0000,mstock
2026-09-23 10:47:00,1244.20000000,1244.20000000,1243.90000000,1243.90000000,6012.0000,mstock
2026-09-23 10:48:00,1244.10000000,1244.20000000,1244.00000000,1244.10000000,14603.0000,mstock
2026-09-23 10:49:00,1244.10000000,1244.20000000,1244.10000000,1244.20000000,6562.0000,mstock
2026-09-23 10:50:00,1244.20000000,1244.20000000,1244.10000000,1244.20000000,17502.0000,mstock
2026-09-23 10:51:00,1244.20000000,1244.50000000,1244.10000000,1244.40000000,37312.0000,mstock
2026-09-23 10:52:00,1244.40000000,1244.40000000,1244.10000000,1244.40000000,15521.0000,mstock
2026-09-23 10:53:00,1244.40000000,1244.70000000,1244.10000000,1244.60000000,45571.0000,mstock
2026-09-23 10:54:00,1244.70000000,1245.00000000,1244.60000000,1244.90000000,15500.0000,mstock
2026-09-23 10:55:00,1244.90000000,1245.00000000,1244.80000000,1244.90000000,9006.0000,mstock
2026-09-23 10:56:00,1245.00000000,1245.20000000,1244.90000000,1245.20000000,19597.0000,mstock
2026-09-23 10:57:00,1245.20000000,1245.30000000,1244.70000000,1244.70000000,32323.0000,mstock
2026-09-23 10:58:00,1244.70000000,1244.70000000,1244.60000000,1244.60000000,8943.0000,mstock
2026-09-23 10:59:00,1244.70000000,1244.70000000,1244.60000000,1244.70000000,6791.0000,mstock
2026-09-23 11:00:00,1244.60000000,1244.80000000,1244.60000000,1244.70000000,13185.0000,mstock
2026-09-23 11:01:00,1244.80000000,1244.80000000,1244.60000000,1244.60000000,12889.0000,mstock
2026-09-23 11:02:00,1244.60000000,1244.60000000,1244.30000000,1244.30000000,5561.0000,mstock
2026-09-23 11:03:00,1244.20000000,1245.30000000,1244.10000000,1245.30000000,40089.0000,mstock
2026-09-23 11:04:00,1245.20000000,1246.80000000,1245.10000000,1246.30000000,84059.0000,mstock
2026-09-23 11:05:00,1247.10000000,1247.10000000,1246.30000000,1246.50000000,80003.0000,mstock
2026-09-23 11:06:00,1246.50000000,1246.80000000,1246.40000000,1246.70000000,29771.0000,mstock
2026-09-23 11:07:00,1246.80000000,1247.00000000,1246.70000000,1246.90000000,20954.0000,mstock
2026-09-23 11:08:00,1246.80000000,1246.90000000,1245.80000000,1245.80000000,47582.0000,mstock
2026-09-23 11:09:00,1245.90000000,1245.90000000,1245.60000000,1245.80000000,13166.0000,mstock
2026-09-23 11:10:00,1245.80000000,1245.80000000,1245.70000000,1245.80000000,11319.0000,mstock
2026-09-23 11:11:00,1246.20000000,1246.20000000,1246.00000000,1246.20000000,27919.0000,mstock
2026-09-23 11:12:00,1246.10000000,1246.10000000,1245.80000000,1246.00000000,17052.0000,mstock
2026-09-23 11:13:00,1246.00000000,1246.20000000,1246.00000000,1246.20000000,14583.0000,mstock
2026-09-23 11:14:00,1246.20000000,1246.50000000,1246.10000000,1246.50000000,13808.0000,mstock
2026-09-23 11:15:00,1246.50000000,1246.50000000,1246.30000000,1246.30000000,8706.0000,mstock
2026-09-23 11:16:00,1246.30000000,1246.40000000,1246.30000000,1246.40000000,4424.0000,mstock
2026-09-23 11:17:00,1246.40000000,1246.40000000,1246.10000000,1246.10000000,7566.0000,mstock
2026-09-23 11:18:00,1246.10000000,1246.20000000,1245.50000000,1245.70000000,12411.0000,mstock
2026-09-23 11:19:00,1245.70000000,1246.90000000,1245.70000000,1246.90000000,40304.0000,mstock
2026-09-23 11:20:00,1246.90000000,1248.00000000,1246.90000000,1247.90000000,37706.0000,mstock
2026-09-23 11:21:00,1247.90000000,1247.90000000,1246.80000000,1246.80000000,31950.0000,mstock
2026-09-23 11:22:00,1247.00000000,1247.80000000,1246.80000000,1247.30000000,28492.0000,mstock
2026-09-23 11:23:00,1247.30000000,1247.60000000,1246.80000000,1247.30000000,33817.0000,mstock
2026-09-23 11:24:00,1247.40000000,1247.40000000,1247.20000000,1247.40000000,8545.0000,mstock
2026-09-23 11:25:00,1247.40000000,1247.50000000,1247.30000000,1247.50000000,12374.0000,mstock
2026-09-23 11:26:00,1247.50000000,1248.80000000,1247.50000000,1248.60000000,44979.0000,mstock
2026-09-23 11:27:00,1248.80000000,1248.80000000,1248.00000000,1248.50000000,36859.0000,mstock
2026-09-23 11:28:00,1248.50000000,1248.50000000,1247.70000000,1248.30000000,42316.0000,mstock
2026-09-23 11:29:00,1248.00000000,1248.10000000,1247.90000000,1248.00000000,14145.0000,mstock
2026-09-23 11:30:00,1248.00000000,1250.50000000,1247.90000000,1250.30000000,90411.0000,mstock
2026-09-23 11:31:00,1250.00000000,1251.00000000,1249.60000000,1250.70000000,55924.0000,mstock
2026-09-23 11:32:00,1250.80000000,1250.90000000,1250.00000000,1250.10000000,16471.0000,mstock
2026-09-23 11:33:00,1250.20000000,1250.20000000,1249.30000000,1249.90000000,34828.0000,mstock
2026-09-23 11:34:00,1249.90000000,1250.60000000,1249.80000000,1250.60000000,53359.0000,mstock
2026-09-23 11:35:00,1250.60000000,1250.80000000,1249.70000000,1249.80000000,27583.0000,mstock
2026-09-23 11:36:00,1249.80000000,1249.80000000,1249.20000000,1249.20000000,9738.0000,mstock
2026-09-23 11:37:00,1249.20000000,1249.40000000,1249.00000000,1249.00000000,20685.0000,mstock
2026-09-23 11:38:00,1249.00000000,1249.10000000,1248.40000000,1248.60000000,14231.0000,mstock
2026-09-23 11:39:00,1248.60000000,1248.60000000,1248.30000000,1248.60000000,25720.0000,mstock
2026-09-23 11:40:00,1248.50000000,1248.80000000,1248.50000000,1248.70000000,25349.0000,mstock
2026-09-23 11:41:00,1248.70000000,1248.70000000,1248.60000000,1248.70000000,13706.0000,mstock
2026-09-23 11:42:00,1248.70000000,1248.70000000,1248.50000000,1248.50000000,10676.0000,mstock
2026-09-23 11:43:00,1248.40000000,1248.50000000,1248.30000000,1248.40000000,11041.0000,mstock
2026-09-23 11:44:00,1248.30000000,1248.30000000,1248.00000000,1248.20000000,19306.0000,mstock
2026-09-23 11:45:00,1248.40000000,1249.30000000,1248.40000000,1249.30000000,36675.0000,mstock
2026-09-23 11:46:00,1249.30000000,1250.20000000,1249.20000000,1250.20000000,39996.0000,mstock
2026-09-23 11:47:00,1250.20000000,1250.80000000,1250.10000000,1250.30000000,31323.0000,mstock
2026-09-23 11:48:00,1250.30000000,1250.40000000,1249.20000000,1249.90000000,36046.0000,mstock
2026-09-23 11:49:00,1249.90000000,1249.90000000,1249.40000000,1249.70000000,17991.0000,mstock
2026-09-23 11:50:00,1249.50000000,1249.70000000,1249.00000000,1249.00000000,41395.0000,mstock
2026-09-23 11:51:00,1249.10000000,1249.60000000,1249.00000000,1249.00000000,37938.0000,mstock
2026-09-23 11:52:00,1249.00000000,1249.60000000,1249.00000000,1249.60000000,9187.0000,mstock
2026-09-23 11:53:00,1249.60000000,1249.60000000,1249.40000000,1249.40000000,11701.0000,mstock
2026-09-23 11:54:00,1249.10000000,1249.30000000,1249.10000000,1249.30000000,10864.0000,mstock
2026-09-23 11:55:00,1249.20000000,1249.30000000,1248.40000000,1248.40000000,19842.0000,mstock
2026-09-23 11:56:00,1248.40000000,1249.10000000,1248.40000000,1249.10000000,24164.0000,mstock
2026-09-23 11:57:00,1249.00000000,1249.20000000,1248.20000000,1249.00000000,38649.0000,mstock
2026-09-23 11:58:00,1249.10000000,1249.10000000,1249.00000000,1249.00000000,6596.0000,mstock
2026-09-23 11:59:00,1249.00000000,1249.10000000,1249.00000000,1249.00000000,7511.0000,mstock
2026-09-23 12:00:00,1249.10000000,1249.20000000,1249.00000000,1249.20000000,9227.0000,mstock
2026-09-23 12:01:00,1249.30000000,1249.50000000,1249.30000000,1249.50000000,17000.0000,mstock
2026-09-23 12:02:00,1249.50000000,1249.70000000,1249.50000000,1249.70000000,10246.0000,mstock
2026-09-23 12:03:00,1249.70000000,1249.70000000,1249.60000000,1249.60000000,9853.0000,mstock
2026-09-23 12:04:00,1249.70000000,1249.80000000,1249.60000000,1249.80000000,9018.0000,mstock
2026-09-23 12:05:00,1249.90000000,1250.30000000,1249.90000000,1250.00000000,43640.0000,mstock
2026-09-23 12:06:00,1249.90000000,1250.20000000,1249.90000000,1250.20000000,11206.0000,mstock
2026-09-23 12:07:00,1250.20000000,1250.20000000,1250.00000000,1250.10000000,18976.0000,mstock
2026-09-23 12:08:00,1250.10000000,1250.10000000,1250.00000000,1250.10000000,17068.0000,mstock
2026-09-23 12:09:00,1250.10000000,1250.30000000,1250.00000000,1250.20000000,31107.0000,mstock
2026-09-23 12:10:00,1250.30000000,1250.30000000,1250.10000000,1250.20000000,11701.0000,mstock
2026-09-23 12:11:00,1250.30000000,1250.70000000,1250.20000000,1250.70000000,25284.0000,mstock
2026-09-23 12:12:00,1250.70000000,1250.80000000,1250.60000000,1250.70000000,10966.0000,mstock
2026-09-23 12:13:00,1250.60000000,1251.40000000,1249.60000000,1249.80000000,95373.0000,mstock
2026-09-23 12:14:00,1249.80000000,1250.10000000,1249.70000000,1250.10000000,20243.0000,mstock
2026-09-23 12:15:00,1250.00000000,1250.10000000,1250.00000000,1250.10000000,14275.0000,mstock
2026-09-23 12:16:00,1250.00000000,1250.20000000,1250.00000000,1250.10000000,6373.0000,mstock
2026-09-23 12:17:00,1250.10000000,1250.40000000,1250.10000000,1250.10000000,11817.0000,mstock
2026-09-23 12:18:00,1250.10000000,1250.40000000,1250.00000000,1250.40000000,28857.0000,mstock
2026-09-23 12:19:00,1250.40000000,1250.50000000,1250.30000000,1250.50000000,9888.0000,mstock
2026-09-23 12:20:00,1250.50000000,1250.50000000,1250.40000000,1250.50000000,9877.0000,mstock
2026-09-23 12:21:00,1250.50000000,1250.70000000,1250.40000000,1250.70000000,18106.0000,mstock
2026-09-23 12:22:00,1250.70000000,1251.20000000,1250.60000000,1251.10000000,35054.0000,mstock
2026-09-23 12:23:00,1251.00000000,1251.10000000,1250.90000000,1251.10000000,24626.0000,mstock
2026-09-23 12:24:00,1250.80000000,1250.80000000,1250.00000000,1250.00000000,77330.0000,mstock
2026-09-23 12:25:00,1250.10000000,1250.10000000,1249.80000000,1249.80000000,10435.0000,mstock
2026-09-23 12:26:00,1249.90000000,1250.40000000,1249.70000000,1250.30000000,30689.0000,mstock
2026-09-23 12:27:00,1250.10000000,1251.40000000,1250.00000000,1251.30000000,43877.0000,mstock
2026-09-23 12:28:00,1251.30000000,1251.50000000,1251.30000000,1251.50000000,9027.0000,mstock
2026-09-23 12:29:00,1251.50000000,1251.50000000,1251.20000000,1251.30000000,32585.0000,mstock
2026-09-23 12:30:00,1251.60000000,1252.40000000,1251.30000000,1251.40000000,72776.0000,mstock
2026-09-23 12:31:00,1251.20000000,1251.20000000,1250.70000000,1250.90000000,11852.0000,mstock
2026-09-23 12:32:00,1250.90000000,1250.90000000,1250.70000000,1250.70000000,6505.0000,mstock
2026-09-23 12:33:00,1250.80000000,1250.80000000,1250.70000000,1250.70000000,7469.0000,mstock
2026-09-23 12:34:00,1250.80000000,1250.80000000,1250.70000000,1250.70000000,12517.0000,mstock
2026-09-23 12:35:00,1251.00000000,1251.70000000,1250.70000000,1250.80000000,54852.0000,mstock
2026-09-23 12:36:00,1250.80000000,1251.20000000,1250.70000000,1251.20000000,13272.0000,mstock
2026-09-23 12:37:00,1251.20000000,1251.40000000,1251.10000000,1251.10000000,12476.0000,mstock
2026-09-23 12:38:00,1251.10000000,1251.20000000,1251.00000000,1251.10000000,20997.0000,mstock
2026-09-23 12:39:00,1251.00000000,1251.20000000,1249.70000000,1250.80000000,132040.0000,mstock
2026-09-23 12:40:00,1250.80000000,1251.20000000,1250.60000000,1251.20000000,42242.0000,mstock
2026-09-23 12:41:00,1251.20000000,1251.40000000,1251.10000000,1251.30000000,11150.0000,mstock
2026-09-23 12:42:00,1251.30000000,1251.40000000,1251.30000000,1251.40000000,8665.0000,mstock
2026-09-23 12:43:00,1251.40000000,1251.40000000,1251.30000000,1251.40000000,11251.0000,mstock
2026-09-23 12:44:00,1251.30000000,1251.50000000,1251.30000000,1251.50000000,9062.0000,mstock
2026-09-23 12:45:00,1251.40000000,1251.50000000,1251.40000000,1251.50000000,6909.0000,mstock
2026-09-23 12:46:00,1251.40000000,1251.50000000,1251.10000000,1251.20000000,40400.0000,mstock
2026-09-23 12:47:00,1251.20000000,1251.20000000,1250.70000000,1250.80000000,99019.0000,mstock
2026-09-23 12:48:00,1250.80000000,1251.00000000,1250.80000000,1250.90000000,18616.0000,mstock
2026-09-23 12:49:00,1250.90000000,1251.20000000,1250.80000000,1251.20000000,32077.0000,mstock
2026-09-23 12:50:00,1251.20000000,1251.20000000,1251.00000000,1251.10000000,6151.0000,mstock
2026-09-23 12:51:00,1251.10000000,1251.10000000,1251.00000000,1251.10000000,11019.0000,mstock
2026-09-23 12:52:00,1251.10000000,1251.20000000,1251.00000000,1251.20000000,15556.0000,mstock
2026-09-23 12:53:00,1251.20000000,1251.30000000,1251.10000000,1251.10000000,10401.0000,mstock
2026-09-23 12:54:00,1251.10000000,1251.20000000,1251.00000000,1251.10000000,14316.0000,mstock
2026-09-23 12:55:00,1251.00000000,1251.50000000,1251.00000000,1251.50000000,29542.0000,mstock
2026-09-23 12:56:00,1251.40000000,1251.90000000,1251.40000000,1251.90000000,16483.0000,mstock
2026-09-23 12:57:00,1251.80000000,1252.00000000,1251.70000000,1251.70000000,44197.0000,mstock
2026-09-23 12:58:00,1251.90000000,1252.00000000,1251.70000000,1251.90000000,16853.0000,mstock
2026-09-23 12:59:00,1252.00000000,1252.30000000,1251.90000000,1252.20000000,19178.0000,mstock
2026-09-23 13:00:00,1252.30000000,1252.30000000,1251.80000000,1251.90000000,31571.0000,mstock
2026-09-23 13:01:00,1251.90000000,1251.90000000,1251.80000000,1251.90000000,5817.0000,mstock
2026-09-23 13:02:00,1251.90000000,1251.90000000,1251.80000000,1251.80000000,9418.0000,mstock
2026-09-23 13:03:00,1251.90000000,1252.50000000,1251.80000000,1252.30000000,23212.0000,mstock
2026-09-23 13:04:00,1252.30000000,1252.80000000,1252.30000000,1252.40000000,12210.0000,mstock
2026-09-23 13:05:00,1252.40000000,1252.40000000,1251.80000000,1251.80000000,23792.0000,mstock
2026-09-23 13:06:00,1251.90000000,1251.90000000,1251.60000000,1251.70000000,35239.0000,mstock
2026-09-23 13:07:00,1251.70000000,1251.90000000,1251.50000000,1251.80000000,43070.0000,mstock
2026-09-23 13:08:00,1251.90000000,1252.20000000,1251.80000000,1252.10000000,11007.0000,mstock
2026-09-23 13:09:00,1252.00000000,1252.10000000,1251.80000000,1251.90000000,6205.0000,mstock
2026-09-23 13:10:00,1251.80000000,1251.90000000,1251.70000000,1251.80000000,11139.0000,mstock
2026-09-23 13:11:00,1251.80000000,1251.80000000,1251.30000000,1251.40000000,10335.0000,mstock
2026-09-23 13:12:00,1251.50000000,1251.50000000,1251.30000000,1251.40000000,6963.0000,mstock
2026-09-23 13:13:00,1251.30000000,1251.40000000,1251.10000000,1251.10000000,10871.0000,mstock
2026-09-23 13:14:00,1251.20000000,1251.40000000,1251.10000000,1251.30000000,15055.0000,mstock
2026-09-23 13:15:00,1251.30000000,1251.30000000,1251.10000000,1251.10000000,10386.0000,mstock
2026-09-23 13:16:00,1251.20000000,1251.20000000,1251.00000000,1251.00000000,39401.0000,mstock
2026-09-23 13:17:00,1251.00000000,1251.10000000,1251.00000000,1251.10000000,28972.0000,mstock
2026-09-23 13:18:00,1251.10000000,1251.10000000,1251.00000000,1251.10000000,10091.0000,mstock
2026-09-23 13:19:00,1251.00000000,1251.10000000,1251.00000000,1251.00000000,9658.0000,mstock
2026-09-23 13:20:00,1251.00000000,1251.20000000,1251.00000000,1251.10000000,13126.0000,mstock
2026-09-23 13:21:00,1251.10000000,1251.10000000,1251.00000000,1251.00000000,12924.0000,mstock
2026-09-23 13:22:00,1251.00000000,1251.10000000,1250.00000000,1250.00000000,62276.0000,mstock
2026-09-23 13:23:00,1250.10000000,1251.10000000,1250.00000000,1251.10000000,44653.0000,mstock
2026-09-23 13:24:00,1251.10000000,1251.10000000,1250.80000000,1251.00000000,9115.0000,mstock
2026-09-23 13:25:00,1250.90000000,1251.00000000,1250.90000000,1251.00000000,6326.0000,mstock
2026-09-23 13:26:00,1250.90000000,1251.00000000,1250.50000000,1250.50000000,13220.0000,mstock
2026-09-23 13:27:00,1250.50000000,1250.70000000,1250.50000000,1250.60000000,13676.0000,mstock
2026-09-23 13:28:00,1250.60000000,1250.70000000,1250.60000000,1250.70000000,10003.0000,mstock
2026-09-23 13:29:00,1250.70000000,1250.70000000,1250.00000000,1250.10000000,77670.0000,mstock
2026-09-23 13:30:00,1250.00000000,1250.00000000,1249.20000000,1249.60000000,40638.0000,mstock
2026-09-23 13:31:00,1249.60000000,1250.00000000,1249.50000000,1249.90000000,13077.0000,mstock
2026-09-23 13:32:00,1249.90000000,1249.90000000,1249.20000000,1249.40000000,52509.0000,mstock
2026-09-23 13:33:00,1249.10000000,1249.30000000,1249.00000000,1249.10000000,18070.0000,mstock
2026-09-23 13:34:00,1249.00000000,1249.30000000,1248.50000000,1248.90000000,37062.0000,mstock
2026-09-23 13:35:00,1248.80000000,1248.90000000,1248.30000000,1248.50000000,22532.0000,mstock
2026-09-23 13:36:00,1248.60000000,1248.80000000,1248.50000000,1248.80000000,12206.0000,mstock
2026-09-23 13:37:00,1248.60000000,1248.90000000,1248.60000000,1248.90000000,9275.0000,mstock
2026-09-23 13:38:00,1248.50000000,1248.50000000,1247.30000000,1247.80000000,62981.0000,mstock
2026-09-23 13:39:00,1247.80000000,1247.90000000,1247.70000000,1247.80000000,6111.0000,mstock
2026-09-23 13:40:00,1247.80000000,1247.80000000,1247.60000000,1247.70000000,6913.0000,mstock
2026-09-23 13:41:00,1247.70000000,1247.70000000,1247.60000000,1247.60000000,6198.0000,mstock
2026-09-23 13:42:00,1247.60000000,1247.70000000,1247.60000000,1247.60000000,5542.0000,mstock
2026-09-23 13:43:00,1247.70000000,1247.80000000,1247.60000000,1247.70000000,8024.0000,mstock
2026-09-23 13:44:00,1247.70000000,1247.80000000,1247.30000000,1247.60000000,18829.0000,mstock
2026-09-23 13:45:00,1247.50000000,1247.90000000,1247.50000000,1247.80000000,7226.0000,mstock
2026-09-23 13:46:00,1247.80000000,1247.80000000,1247.60000000,1247.60000000,7657.0000,mstock
2026-09-23 13:47:00,1247.70000000,1247.80000000,1247.60000000,1247.60000000,7320.0000,mstock
2026-09-23 13:48:00,1247.60000000,1247.80000000,1247.60000000,1247.70000000,5278.0000,mstock
2026-09-23 13:49:00,1247.80000000,1247.80000000,1247.40000000,1247.50000000,12076.0000,mstock
2026-09-23 13:50:00,1247.50000000,1247.60000000,1247.40000000,1247.60000000,4830.0000,mstock
2026-09-23 13:51:00,1247.60000000,1247.80000000,1247.30000000,1247.40000000,15022.0000,mstock
2026-09-23 13:52:00,1247.30000000,1247.30000000,1247.10000000,1247.10000000,11523.0000,mstock
2026-09-23 13:53:00,1247.20000000,1247.40000000,1247.00000000,1247.00000000,13029.0000,mstock
2026-09-23 13:54:00,1247.00000000,1247.40000000,1247.00000000,1247.40000000,6541.0000,mstock
2026-09-23 13:55:00,1247.40000000,1247.50000000,1247.30000000,1247.50000000,6013.0000,mstock
2026-09-23 13:56:00,1247.40000000,1247.60000000,1247.40000000,1247.60000000,8364.0000,mstock
2026-09-23 13:57:00,1247.60000000,1247.80000000,1247.50000000,1247.50000000,13764.0000,mstock
2026-09-23 13:58:00,1247.60000000,1247.60000000,1246.70000000,1247.00000000,26910.0000,mstock
2026-09-23 13:59:00,1247.00000000,1247.00000000,1246.70000000,1246.80000000,9341.0000,mstock
2026-09-23 14:00:00,1246.70000000,1247.50000000,1246.70000000,1247.30000000,31161.0000,mstock
2026-09-23 14:01:00,1247.30000000,1247.30000000,1247.00000000,1247.10000000,7381.0000,mstock
2026-09-23 14:02:00,1247.10000000,1247.40000000,1246.40000000,1247.20000000,54714.0000,mstock
2026-09-23 14:03:00,1247.10000000,1247.80000000,1247.10000000,1247.70000000,8966.0000,mstock
2026-09-23 14:04:00,1247.70000000,1247.90000000,1247.50000000,1247.80000000,11300.0000,mstock
2026-09-23 14:05:00,1247.90000000,1248.00000000,1246.90000000,1247.00000000,11772.0000,mstock
2026-09-23 14:06:00,1246.80000000,1247.30000000,1246.80000000,1247.20000000,8544.0000,mstock
2026-09-23 14:07:00,1247.20000000,1248.30000000,1247.10000000,1248.00000000,14030.0000,mstock
2026-09-23 14:08:00,1248.20000000,1248.30000000,1248.00000000,1248.20000000,6961.0000,mstock
2026-09-23 14:09:00,1248.20000000,1248.20000000,1247.70000000,1247.80000000,9704.0000,mstock
2026-09-23 14:10:00,1247.70000000,1248.10000000,1247.70000000,1248.10000000,8862.0000,mstock
2026-09-23 14:11:00,1248.20000000,1248.60000000,1248.20000000,1248.50000000,14823.0000,mstock
2026-09-23 14:12:00,1248.50000000,1248.80000000,1248.20000000,1248.40000000,21115.0000,mstock
2026-09-23 14:13:00,1248.40000000,1248.60000000,1248.10000000,1248.30000000,5850.0000,mstock
2026-09-23 14:14:00,1248.40000000,1248.50000000,1248.10000000,1248.20000000,32220.0000,mstock
2026-09-23 14:15:00,1248.20000000,1248.20000000,1247.70000000,1247.70000000,16182.0000,mstock
2026-09-23 14:16:00,1247.80000000,1247.90000000,1246.90000000,1247.10000000,14744.0000,mstock
2026-09-23 14:17:00,1247.10000000,1247.20000000,1247.00000000,1247.10000000,11621.0000,mstock
2026-09-23 14:18:00,1247.20000000,1247.20000000,1247.00000000,1247.10000000,8803.0000,mstock
2026-09-23 14:19:00,1247.00000000,1247.30000000,1246.80000000,1246.90000000,12022.0000,mstock
2026-09-23 14:20:00,1246.90000000,1246.90000000,1246.00000000,1246.00000000,18941.0000,mstock
2026-09-23 14:21:00,1246.10000000,1246.10000000,1245.90000000,1246.00000000,10186.0000,mstock
2026-09-23 14:22:00,1246.00000000,1246.10000000,1245.80000000,1246.00000000,36782.0000,mstock
2026-09-23 14:23:00,1246.00000000,1246.60000000,1245.90000000,1246.40000000,18433.0000,mstock
2026-09-23 14:24:00,1246.60000000,1246.60000000,1246.30000000,1246.60000000,9503.0000,mstock
2026-09-23 14:25:00,1246.50000000,1246.70000000,1246.50000000,1246.50000000,7698.0000,mstock
2026-09-23 14:26:00,1246.60000000,1246.70000000,1246.50000000,1246.60000000,5841.0000,mstock
2026-09-23 14:27:00,1246.50000000,1246.90000000,1246.50000000,1246.80000000,8254.0000,mstock
2026-09-23 14:28:00,1246.80000000,1248.30000000,1246.70000000,1248.00000000,18746.0000,mstock
2026-09-23 14:29:00,1248.10000000,1248.10000000,1247.40000000,1247.90000000,14011.0000,mstock
2026-09-23 14:30:00,1247.80000000,1248.00000000,1247.80000000,1248.00000000,6742.0000,mstock
2026-09-23 14:31:00,1248.00000000,1248.00000000,1247.00000000,1247.10000000,29299.0000,mstock
2026-09-23 14:32:00,1247.10000000,1247.20000000,1247.00000000,1247.20000000,10109.0000,mstock
2026-09-23 14:33:00,1247.20000000,1247.40000000,1247.20000000,1247.40000000,6391.0000,mstock
2026-09-23 14:34:00,1247.30000000,1247.40000000,1246.40000000,1246.80000000,50155.0000,mstock
2026-09-23 14:35:00,1246.80000000,1246.80000000,1246.40000000,1246.50000000,17946.0000,mstock
2026-09-23 14:36:00,1246.50000000,1246.50000000,1246.40000000,1246.50000000,6400.0000,mstock
2026-09-23 14:37:00,1246.50000000,1246.60000000,1246.40000000,1246.60000000,10178.0000,mstock
2026-09-23 14:38:00,1246.80000000,1246.90000000,1246.50000000,1246.60000000,25057.0000,mstock
2026-09-23 14:39:00,1246.60000000,1246.60000000,1246.50000000,1246.60000000,6052.0000,mstock
2026-09-23 14:40:00,1246.60000000,1246.60000000,1246.50000000,1246.60000000,14526.0000,mstock
2026-09-23 14:41:00,1246.60000000,1246.60000000,1246.40000000,1246.50000000,11112.0000,mstock
2026-09-23 14:42:00,1246.50000000,1246.60000000,1246.40000000,1246.40000000,18168.0000,mstock
2026-09-23 14:43:00,1246.60000000,1246.70000000,1245.90000000,1246.00000000,19351.0000,mstock
2026-09-23 14:44:00,1246.00000000,1246.00000000,1245.20000000,1245.30000000,26107.0000,mstock
2026-09-23 14:45:00,1245.30000000,1246.40000000,1245.20000000,1246.10000000,61834.0000,mstock
2026-09-23 14:46:00,1246.20000000,1246.40000000,1245.90000000,1246.30000000,17066.0000,mstock
2026-09-23 14:47:00,1246.30000000,1246.30000000,1245.60000000,1245.60000000,43311.0000,mstock
2026-09-23 14:48:00,1245.70000000,1245.70000000,1245.60000000,1245.70000000,20771.0000,mstock
2026-09-23 14:49:00,1245.70000000,1245.80000000,1245.70000000,1245.70000000,11092.0000,mstock
2026-09-23 14:50:00,1245.70000000,1245.70000000,1245.50000000,1245.50000000,35217.0000,mstock
2026-09-23 14:51:00,1245.60000000,1245.90000000,1245.50000000,1245.80000000,26452.0000,mstock
2026-09-23 14:52:00,1245.90000000,1246.10000000,1245.50000000,1245.70000000,29663.0000,mstock
2026-09-23 14:53:00,1245.50000000,1246.20000000,1245.50000000,1246.00000000,45211.0000,mstock
2026-09-23 14:54:00,1245.90000000,1246.20000000,1245.90000000,1246.20000000,14623.0000,mstock
2026-09-23 14:55:00,1246.20000000,1246.50000000,1246.20000000,1246.30000000,17787.0000,mstock
2026-09-23 14:56:00,1246.40000000,1246.40000000,1246.10000000,1246.20000000,16814.0000,mstock
2026-09-23 14:57:00,1246.20000000,1246.30000000,1246.10000000,1246.30000000,11911.0000,mstock
2026-09-23 14:58:00,1246.20000000,1246.40000000,1246.20000000,1246.40000000,19333.0000,mstock
2026-09-23 14:59:00,1246.40000000,1246.40000000,1245.30000000,1245.50000000,51234.0000,mstock
2026-09-23 15:00:00,1245.40000000,1245.60000000,1245.40000000,1245.60000000,14260.0000,mstock
2026-09-23 15:01:00,1245.60000000,1245.70000000,1245.50000000,1245.70000000,24963.0000,mstock
2026-09-23 15:02:00,1245.60000000,1245.60000000,1245.00000000,1245.00000000,44600.0000,mstock
2026-09-23 15:03:00,1245.10000000,1245.10000000,1244.60000000,1244.60000000,25748.0000,mstock
2026-09-23 15:04:00,1244.70000000,1244.80000000,1244.40000000,1244.70000000,31291.0000,mstock
2026-09-23 15:05:00,1244.90000000,1245.90000000,1244.90000000,1245.80000000,33287.0000,mstock
2026-09-23 15:06:00,1245.70000000,1245.70000000,1245.60000000,1245.70000000,14153.0000,mstock
2026-09-23 15:07:00,1245.70000000,1245.70000000,1245.20000000,1245.30000000,28237.0000,mstock
2026-09-23 15:08:00,1245.20000000,1245.90000000,1245.20000000,1245.90000000,15771.0000,mstock
2026-09-23 15:09:00,1246.00000000,1246.00000000,1245.80000000,1245.80000000,33582.0000,mstock
2026-09-23 15:10:00,1245.60000000,1245.60000000,1244.90000000,1244.90000000,66003.0000,mstock
2026-09-23 15:11:00,1245.00000000,1245.20000000,1244.90000000,1245.10000000,17146.0000,mstock
2026-09-23 15:12:00,1245.20000000,1245.80000000,1245.20000000,1245.50000000,41905.0000,mstock
2026-09-23 15:13:00,1245.50000000,1245.60000000,1245.20000000,1245.30000000,44192.0000,mstock
2026-09-23 15:14:00,1245.40000000,1246.40000000,1245.00000000,1246.00000000,22237.0000,mstock
2026-09-23 15:15:00,1246.10000000,1246.10000000,1246.10000000,1246.10000000,1221.0000,mstock
2026-09-23 15:20:00,1246.10000000,1246.10000000,1246.10000000,1246.10000000,0.0000,mstock
2026-09-23 15:21:00,1246.10000000,1246.10000000,1246.10000000,1246.10000000,832.0000,mstock
2026-09-23 15:22:00,1246.10000000,1246.10000000,1246.10000000,1246.10000000,280.0000,mstock
2026-09-23 15:23:00,1246.10000000,1246.10000000,1246.10000000,1246.10000000,861.0000,mstock
2026-09-23 15:24:00,1246.10000000,1246.10000000,1246.10000000,1246.10000000,6109.0000,mstock
2026-09-23 15:25:00,1246.10000000,1246.10000000,1246.10000000,1246.10000000,0.0000,mstock
2026-09-23 15:26:00,1246.10000000,1246.10000000,1246.10000000,1246.10000000,85.0000,mstock
2026-09-23 15:27:00,1246.10000000,1246.10000000,1246.10000000,1246.10000000,0.0000,mstock
2026-09-23 15:28:00,1246.10000000,1246.10000000,1246.10000000,1246.10000000,901.0000,mstock
2026-09-23 15:29:00,1246.10000000,1248.00000000,1246.10000000,1248.00000000,7813144.0000,mstock
2026-09-24 09:15:00,1236.60000000,1241.60000000,1235.50000000,1240.80000000,213687.0000,mstock
2026-09-24 09:16:00,1240.60000000,1240.60000000,1239.10000000,1239.90000000,74240.0000,mstock
2026-09-24 09:17:00,1239.70000000,1241.20000000,1239.70000000,1241.00000000,31996.0000,mstock
2026-09-24 09:18:00,1240.90000000,1240.90000000,1240.20000000,1240.20000000,50200.0000,mstock
2026-09-24 09:19:00,1240.00000000,1240.10000000,1238.20000000,1239.20000000,66070.0000,mstock
2026-09-24 09:20:00,1239.20000000,1239.40000000,1238.40000000,1238.50000000,36699.0000,mstock
2026-09-24 09:21:00,1238.50000000,1238.60000000,1238.20000000,1238.40000000,21650.0000,mstock
2026-09-24 09:22:00,1239.00000000,1239.90000000,1239.00000000,1239.90000000,32153.0000,mstock
2026-09-24 09:23:00,1239.80000000,1240.50000000,1239.70000000,1240.40000000,41545.0000,mstock
2026-09-24 09:24:00,1240.20000000,1240.20000000,1239.90000000,1239.90000000,21696.0000,mstock
2026-09-24 09:25:00,1239.80000000,1239.80000000,1238.00000000,1238.30000000,65341.0000,mstock
2026-09-24 09:26:00,1238.50000000,1239.60000000,1238.30000000,1239.60000000,21567.0000,mstock
2026-09-24 09:27:00,1239.40000000,1239.60000000,1238.90000000,1239.60000000,77919.0000,mstock
2026-09-24 09:28:00,1239.50000000,1240.40000000,1239.50000000,1240.40000000,39162.0000,mstock
2026-09-24 09:29:00,1240.50000000,1240.60000000,1239.00000000,1239.00000000,43190.0000,mstock
2026-09-24 09:30:00,1238.70000000,1240.00000000,1238.70000000,1239.90000000,247164.0000,mstock
2026-09-24 09:31:00,1239.90000000,1240.00000000,1239.60000000,1239.90000000,14606.0000,mstock
2026-09-24 09:32:00,1240.20000000,1240.60000000,1240.10000000,1240.20000000,23332.0000,mstock
2026-09-24 09:33:00,1240.30000000,1240.70000000,1240.20000000,1240.50000000,44772.0000,mstock
2026-09-24 09:34:00,1240.60000000,1240.70000000,1239.80000000,1239.90000000,21597.0000,mstock
2026-09-24 09:35:00,1239.90000000,1240.20000000,1239.80000000,1240.00000000,15179.0000,mstock
2026-09-24 09:36:00,1240.00000000,1240.60000000,1240.00000000,1240.60000000,13516.0000,mstock
2026-09-24 09:37:00,1240.60000000,1240.60000000,1239.50000000,1239.60000000,27868.0000,mstock
2026-09-24 09:38:00,1239.80000000,1239.80000000,1239.50000000,1239.50000000,15006.0000,mstock
2026-09-24 09:39:00,1239.60000000,1239.60000000,1239.30000000,1239.50000000,14240.0000,mstock
2026-09-24 09:40:00,1239.10000000,1239.40000000,1238.90000000,1239.40000000,34248.0000,mstock
2026-09-24 09:41:00,1239.40000000,1239.40000000,1238.60000000,1238.70000000,14214.0000,mstock
2026-09-24 09:42:00,1238.70000000,1238.90000000,1238.30000000,1238.70000000,21168.0000,mstock
2026-09-24 09:43:00,1238.80000000,1239.00000000,1238.70000000,1238.80000000,17461.0000,mstock
2026-09-24 09:44:00,1238.90000000,1238.90000000,1238.60000000,1238.70000000,11863.0000,mstock
2026-09-24 09:45:00,1238.70000000,1238.80000000,1238.10000000,1238.20000000,23240.0000,mstock
2026-09-24 09:46:00,1238.20000000,1238.20000000,1237.80000000,1237.80000000,33058.0000,mstock
2026-09-24 09:47:00,1237.80000000,1237.80000000,1237.10000000,1237.20000000,16920.0000,mstock
2026-09-24 09:48:00,1237.20000000,1237.90000000,1237.10000000,1237.90000000,65283.0000,mstock
2026-09-24 09:49:00,1238.00000000,1238.80000000,1238.00000000,1238.80000000,24992.0000,mstock
2026-09-24 09:50:00,1238.80000000,1239.80000000,1238.80000000,1239.80000000,21015.0000,mstock
2026-09-24 09:51:00,1239.60000000,1239.80000000,1239.00000000,1239.20000000,19631.0000,mstock
2026-09-24 09:52:00,1239.30000000,1239.90000000,1239.10000000,1239.20000000,191125.0000,mstock
2026-09-24 09:53:00,1239.20000000,1239.30000000,1238.00000000,1238.00000000,17783.0000,mstock
2026-09-24 09:54:00,1238.20000000,1238.20000000,1238.00000000,1238.00000000,12099.0000,mstock
2026-09-24 09:55:00,1237.90000000,1237.90000000,1237.10000000,1237.30000000,18213.0000,mstock
2026-09-24 09:56:00,1237.70000000,1238.50000000,1237.50000000,1238.50000000,28457.0000,mstock
2026-09-24 09:57:00,1238.20000000,1238.30000000,1237.90000000,1238.10000000,23010.0000,mstock
2026-09-24 09:58:00,1238.00000000,1238.30000000,1237.90000000,1237.90000000,17374.0000,mstock
2026-09-24 09:59:00,1237.70000000,1238.20000000,1237.60000000,1238.20000000,15656.0000,mstock
2026-09-24 10:00:00,1238.20000000,1238.20000000,1237.90000000,1237.90000000,10929.0000,mstock
2026-09-24 10:01:00,1237.80000000,1238.10000000,1237.80000000,1238.10000000,14175.0000,mstock
2026-09-24 10:02:00,1238.10000000,1238.70000000,1238.00000000,1238.50000000,151935.0000,mstock
2026-09-24 10:03:00,1238.40000000,1238.50000000,1238.30000000,1238.30000000,12839.0000,mstock
2026-09-24 10:04:00,1238.40000000,1238.40000000,1238.20000000,1238.20000000,9622.0000,mstock
2026-09-24 10:05:00,1238.20000000,1238.20000000,1237.70000000,1237.90000000,20484.0000,mstock
2026-09-24 10:06:00,1238.10000000,1238.30000000,1238.00000000,1238.10000000,18860.0000,mstock
2026-09-24 10:07:00,1238.30000000,1238.30000000,1237.50000000,1237.80000000,14711.0000,mstock
2026-09-24 10:08:00,1238.00000000,1238.20000000,1237.80000000,1238.00000000,12663.0000,mstock
2026-09-24 10:09:00,1238.00000000,1238.00000000,1237.90000000,1238.00000000,8198.0000,mstock
2026-09-24 10:10:00,1238.00000000,1238.10000000,1237.50000000,1237.80000000,19646.0000,mstock
2026-09-24 10:11:00,1237.50000000,1238.20000000,1237.50000000,1238.20000000,18587.0000,mstock
2026-09-24 10:12:00,1238.20000000,1238.30000000,1237.70000000,1237.90000000,10881.0000,mstock
2026-09-24 10:13:00,1237.80000000,1237.80000000,1237.60000000,1237.80000000,10423.0000,mstock
2026-09-24 10:14:00,1237.70000000,1237.80000000,1237.60000000,1237.70000000,8367.0000,mstock
2026-09-24 10:15:00,1237.80000000,1237.80000000,1237.70000000,1237.80000000,8541.0000,mstock
2026-09-24 10:16:00,1237.80000000,1238.00000000,1237.80000000,1237.80000000,12801.0000,mstock
2026-09-24 10:17:00,1237.70000000,1237.70000000,1236.60000000,1236.60000000,44497.0000,mstock
2026-09-24 10:18:00,1236.90000000,1236.90000000,1236.00000000,1236.30000000,73190.0000,mstock
2026-09-24 10:19:00,1236.30000000,1237.40000000,1236.30000000,1237.30000000,20379.0000,mstock
2026-09-24 10:20:00,1237.00000000,1237.40000000,1236.70000000,1236.70000000,18272.0000,mstock
2026-09-24 10:21:00,1236.60000000,1237.00000000,1236.30000000,1237.00000000,19506.0000,mstock
2026-09-24 10:22:00,1236.90000000,1237.00000000,1236.50000000,1236.60000000,17736.0000,mstock
2026-09-24 10:23:00,1236.60000000,1237.00000000,1236.60000000,1237.00000000,8435.0000,mstock
2026-09-24 10:24:00,1237.00000000,1237.90000000,1237.00000000,1237.70000000,22553.0000,mstock
2026-09-24 10:25:00,1237.30000000,1237.30000000,1236.80000000,1236.90000000,9992.0000,mstock
2026-09-24 10:26:00,1236.90000000,1237.20000000,1236.60000000,1237.20000000,19980.0000,mstock
2026-09-24 10:27:00,1237.10000000,1237.40000000,1236.40000000,1236.50000000,18732.0000,mstock
2026-09-24 10:28:00,1236.50000000,1236.60000000,1236.30000000,1236.30000000,14448.0000,mstock
2026-09-24 10:29:00,1236.50000000,1236.80000000,1236.50000000,1236.80000000,7195.0000,mstock
2026-09-24 10:30:00,1236.80000000,1237.00000000,1236.80000000,1236.90000000,13496.0000,mstock
2026-09-24 10:31:00,1236.90000000,1237.10000000,1236.70000000,1237.10000000,20718.0000,mstock
2026-09-24 10:32:00,1237.10000000,1237.10000000,1236.70000000,1236.90000000,20064.0000,mstock
2026-09-24 10:33:00,1236.80000000,1236.90000000,1236.70000000,1236.90000000,6522.0000,mstock
2026-09-24 10:34:00,1236.90000000,1237.00000000,1236.80000000,1236.90000000,12019.0000,mstock
2026-09-24 10:35:00,1236.80000000,1236.90000000,1236.30000000,1236.40000000,27383.0000,mstock
2026-09-24 10:36:00,1236.40000000,1236.90000000,1236.40000000,1236.90000000,11381.0000,mstock
2026-09-24 10:37:00,1236.90000000,1237.00000000,1236.60000000,1237.00000000,9445.0000,mstock
2026-09-24 10:38:00,1237.00000000,1237.10000000,1236.60000000,1236.60000000,328395.0000,mstock
2026-09-24 10:39:00,1236.70000000,1236.90000000,1236.60000000,1236.80000000,5471.0000,mstock
2026-09-24 10:40:00,1236.90000000,1236.90000000,1236.60000000,1236.60000000,10316.0000,mstock
2026-09-24 10:41:00,1236.40000000,1236.40000000,1236.20000000,1236.20000000,10265.0000,mstock
2026-09-24 10:42:00,1236.30000000,1236.30000000,1236.00000000,1236.30000000,18807.0000,mstock
2026-09-24 10:43:00,1236.30000000,1236.30000000,1235.80000000,1235.80000000,50851.0000,mstock
2026-09-24 10:44:00,1235.80000000,1236.40000000,1235.80000000,1236.30000000,47892.0000,mstock
2026-09-24 10:45:00,1236.60000000,1236.60000000,1236.40000000,1236.40000000,18895.0000,mstock
2026-09-24 10:46:00,1236.50000000,1236.80000000,1236.40000000,1236.80000000,7896.0000,mstock
2026-09-24 10:47:00,1236.70000000,1237.20000000,1236.70000000,1237.00000000,14781.0000,mstock
2026-09-24 10:48:00,1237.20000000,1237.20000000,1237.00000000,1237.00000000,10462.0000,mstock
2026-09-24 10:49:00,1237.00000000,1237.10000000,1236.90000000,1237.10000000,4644.0000,mstock
2026-09-24 10:50:00,1237.10000000,1237.20000000,1236.60000000,1236.90000000,12531.0000,mstock
2026-09-24 10:51:00,1236.90000000,1236.90000000,1236.60000000,1236.70000000,9885.0000,mstock
2026-09-24 10:52:00,1236.70000000,1236.80000000,1236.50000000,1236.80000000,8933.0000,mstock
2026-09-24 10:53:00,1236.80000000,1236.80000000,1236.60000000,1236.80000000,5964.0000,mstock
2026-09-24 10:54:00,1236.90000000,1237.10000000,1236.90000000,1237.00000000,19344.0000,mstock
2026-09-24 10:55:00,1237.10000000,1237.20000000,1236.70000000,1236.90000000,12959.0000,mstock
2026-09-24 10:56:00,1236.90000000,1236.90000000,1236.30000000,1236.40000000,13090.0000,mstock
2026-09-24 10:57:00,1236.30000000,1237.00000000,1236.20000000,1237.00000000,48425.0000,mstock
2026-09-24 10:58:00,1237.00000000,1237.10000000,1236.60000000,1236.70000000,11097.0000,mstock
2026-09-24 10:59:00,1236.70000000,1236.90000000,1236.60000000,1236.80000000,6440.0000,mstock
2026-09-24 11:00:00,1236.70000000,1236.70000000,1236.30000000,1236.30000000,17547.0000,mstock
2026-09-24 11:01:00,1236.40000000,1236.60000000,1236.30000000,1236.50000000,18370.0000,mstock
2026-09-24 11:02:00,1236.60000000,1236.70000000,1236.50000000,1236.50000000,13179.0000,mstock
2026-09-24 11:03:00,1236.50000000,1236.50000000,1235.50000000,1235.60000000,57966.0000,mstock
2026-09-24 11:04:00,1235.60000000,1235.60000000,1235.00000000,1235.00000000,53919.0000,mstock
2026-09-24 11:05:00,1235.10000000,1235.10000000,1235.00000000,1235.00000000,111480.0000,mstock
2026-09-24 11:06:00,1235.00000000,1235.10000000,1234.40000000,1234.90000000,53578.0000,mstock
2026-09-24 11:07:00,1235.00000000,1235.30000000,1234.90000000,1235.30000000,133433.0000,mstock
2026-09-24 11:08:00,1235.30000000,1235.30000000,1235.00000000,1235.10000000,29146.0000,mstock
2026-09-24 11:09:00,1235.10000000,1235.10000000,1233.10000000,1233.10000000,67963.0000,mstock
2026-09-24 11:10:00,1233.00000000,1233.60000000,1233.00000000,1233.60000000,47481.0000,mstock
2026-09-24 11:11:00,1233.60000000,1234.30000000,1233.50000000,1234.10000000,20384.0000,mstock
2026-09-24 11:12:00,1234.20000000,1234.40000000,1234.10000000,1234.20000000,12215.0000,mstock
2026-09-24 11:13:00,1234.10000000,1234.20000000,1233.50000000,1233.60000000,23438.0000,mstock
2026-09-24 11:14:00,1233.60000000,1233.90000000,1233.10000000,1233.20000000,22968.0000,mstock
2026-09-24 11:15:00,1233.10000000,1233.90000000,1233.00000000,1233.80000000,26675.0000,mstock
2026-09-24 11:16:00,1233.80000000,1234.20000000,1233.80000000,1234.20000000,8419.0000,mstock
2026-09-24 11:17:00,1234.20000000,1234.30000000,1234.10000000,1234.20000000,9602.0000,mstock
2026-09-24 11:18:00,1234.20000000,1234.20000000,1234.00000000,1234.10000000,7846.0000,mstock
2026-09-24 11:19:00,1234.10000000,1234.70000000,1234.00000000,1234.70000000,26179.0000,mstock
2026-09-24 11:20:00,1234.60000000,1234.70000000,1233.50000000,1233.60000000,30084.0000,mstock
2026-09-24 11:21:00,1233.50000000,1233.50000000,1233.20000000,1233.40000000,20507.0000,mstock
2026-09-24 11:22:00,1233.50000000,1233.70000000,1233.40000000,1233.40000000,34766.0000,mstock
2026-09-24 11:23:00,1233.40000000,1233.60000000,1233.40000000,1233.40000000,9976.0000,mstock
2026-09-24 11:24:00,1233.30000000,1234.10000000,1233.10000000,1233.70000000,102505.0000,mstock
2026-09-24 11:25:00,1233.60000000,1233.60000000,1233.10000000,1233.20000000,9276.0000,mstock
2026-09-24 11:26:00,1233.20000000,1233.30000000,1233.10000000,1233.30000000,7966.0000,mstock
2026-09-24 11:27:00,1233.30000000,1233.70000000,1233.30000000,1233.70000000,20009.0000,mstock
2026-09-24 11:28:00,1233.70000000,1233.70000000,1233.30000000,1233.40000000,12728.0000,mstock
2026-09-24 11:29:00,1233.30000000,1233.80000000,1233.20000000,1233.80000000,41270.0000,mstock
2026-09-24 11:30:00,1233.70000000,1234.10000000,1233.70000000,1234.10000000,39055.0000,mstock
2026-09-24 11:31:00,1234.10000000,1234.10000000,1233.50000000,1233.50000000,22921.0000,mstock
2026-09-24 11:32:00,1233.50000000,1233.60000000,1233.20000000,1233.30000000,70708.0000,mstock
2026-09-24 11:33:00,1233.30000000,1233.50000000,1233.20000000,1233.40000000,43924.0000,mstock
2026-09-24 11:34:00,1233.40000000,1233.40000000,1233.10000000,1233.10000000,15643.0000,mstock
2026-09-24 11:35:00,1233.20000000,1233.30000000,1233.00000000,1233.10000000,20974.0000,mstock
2026-09-24 11:36:00,1233.10000000,1233.30000000,1233.00000000,1233.20000000,20612.0000,mstock
2026-09-24 11:37:00,1233.20000000,1233.20000000,1232.30000000,1232.30000000,71550.0000,mstock
2026-09-24 11:38:00,1232.40000000,1232.60000000,1232.40000000,1232.50000000,40970.0000,mstock
2026-09-24 11:39:00,1232.60000000,1232.80000000,1232.50000000,1232.80000000,12340.0000,mstock
2026-09-24 11:40:00,1232.90000000,1232.90000000,1232.60000000,1232.70000000,27784.0000,mstock
2026-09-24 11:41:00,1232.70000000,1233.30000000,1232.70000000,1233.30000000,13960.0000,mstock
2026-09-24 11:42:00,1233.30000000,1233.30000000,1232.70000000,1232.90000000,36911.0000,mstock
2026-09-24 11:43:00,1232.90000000,1233.20000000,1232.90000000,1233.20000000,24623.0000,mstock
2026-09-24 11:44:00,1233.20000000,1233.30000000,1233.10000000,1233.20000000,16296.0000,mstock
2026-09-24 11:45:00,1233.20000000,1233.20000000,1233.10000000,1233.10000000,5295.0000,mstock
2026-09-24 11:46:00,1233.20000000,1233.30000000,1233.10000000,1233.20000000,10000.0000,mstock
2026-09-24 11:47:00,1233.00000000,1233.00000000,1232.20000000,1232.30000000,79395.0000,mstock
2026-09-24 11:48:00,1232.30000000,1233.10000000,1232.20000000,1232.60000000,105140.0000,mstock
2026-09-24 11:49:00,1232.60000000,1232.60000000,1232.40000000,1232.60000000,17506.0000,mstock
2026-09-24 11:50:00,1232.70000000,1232.90000000,1232.60000000,1232.70000000,11881.0000,mstock
2026-09-24 11:51:00,1232.70000000,1232.70000000,1231.70000000,1231.70000000,36940.0000,mstock
2026-09-24 11:52:00,1231.70000000,1231.90000000,1231.70000000,1231.90000000,17614.0000,mstock
2026-09-24 11:53:00,1231.90000000,1231.90000000,1231.70000000,1231.90000000,12789.0000,mstock
2026-09-24 11:54:00,1231.70000000,1232.40000000,1231.70000000,1232.40000000,24259.0000,mstock
2026-09-24 11:55:00,1232.30000000,1232.40000000,1232.10000000,1232.10000000,8998.0000,mstock
2026-09-24 11:56:00,1232.10000000,1232.40000000,1232.00000000,1232.30000000,14814.0000,mstock
2026-09-24 11:57:00,1232.30000000,1232.30000000,1231.90000000,1232.10000000,18305.0000,mstock
2026-09-24 11:58:00,1232.10000000,1232.20000000,1232.00000000,1232.10000000,21105.0000,mstock
2026-09-24 11:59:00,1232.10000000,1232.20000000,1232.00000000,1232.10000000,27762.0000,mstock
2026-09-24 12:00:00,1232.00000000,1232.00000000,1231.70000000,1231.80000000,25461.0000,mstock
2026-09-24 12:01:00,1231.80000000,1231.90000000,1231.60000000,1231.90000000,18970.0000,mstock
2026-09-24 12:02:00,1231.90000000,1232.20000000,1231.90000000,1232.20000000,13877.0000,mstock
2026-09-24 12:03:00,1232.20000000,1232.50000000,1231.90000000,1231.90000000,40621.0000,mstock
2026-09-24 12:04:00,1231.80000000,1232.50000000,1231.70000000,1232.10000000,73295.0000,mstock
2026-09-24 12:05:00,1232.10000000,1232.30000000,1231.90000000,1232.30000000,23779.0000,mstock
2026-09-24 12:06:00,1232.30000000,1232.60000000,1232.10000000,1232.10000000,41887.0000,mstock
2026-09-24 12:07:00,1232.40000000,1232.40000000,1232.10000000,1232.30000000,5844.0000,mstock
2026-09-24 12:08:00,1232.30000000,1232.30000000,1232.10000000,1232.20000000,7090.0000,mstock
2026-09-24 12:09:00,1232.20000000,1232.20000000,1232.10000000,1232.20000000,9340.0000,mstock
2026-09-24 12:10:00,1232.20000000,1232.20000000,1232.00000000,1232.00000000,9345.0000,mstock
2026-09-24 12:11:00,1232.10000000,1232.60000000,1232.10000000,1232.60000000,26182.0000,mstock
2026-09-24 12:12:00,1232.60000000,1232.60000000,1232.40000000,1232.50000000,22014.0000,mstock
2026-09-24 12:13:00,1232.50000000,1232.50000000,1232.10000000,1232.10000000,8212.0000,mstock
2026-09-24 12:14:00,1232.10000000,1232.10000000,1231.70000000,1231.70000000,38045.0000,mstock
2026-09-24 12:15:00,1231.70000000,1231.70000000,1231.60000000,1231.70000000,11883.0000,mstock
2026-09-24 12:16:00,1231.60000000,1231.80000000,1231.60000000,1231.80000000,12160.0000,mstock
2026-09-24 12:17:00,1231.80000000,1231.80000000,1231.70000000,1231.80000000,6578.0000,mstock
2026-09-24 12:18:00,1231.70000000,1231.90000000,1231.70000000,1231.90000000,5915.0000,mstock
2026-09-24 12:19:00,1231.90000000,1231.90000000,1231.80000000,1231.90000000,8654.0000,mstock
2026-09-24 12:20:00,1231.90000000,1232.10000000,1231.60000000,1231.80000000,29683.0000,mstock
2026-09-24 12:21:00,1231.60000000,1231.80000000,1231.50000000,1231.60000000,14474.0000,mstock
2026-09-24 12:22:00,1231.60000000,1231.60000000,1231.30000000,1231.40000000,15664.0000,mstock
2026-09-24 12:23:00,1231.40000000,1231.40000000,1231.00000000,1231.40000000,22820.0000,mstock
2026-09-24 12:24:00,1231.30000000,1231.40000000,1231.20000000,1231.40000000,5076.0000,mstock
2026-09-24 12:25:00,1231.40000000,1231.40000000,1230.30000000,1230.30000000,48891.0000,mstock
2026-09-24 12:26:00,1230.20000000,1230.30000000,1230.00000000,1230.10000000,73212.0000,mstock
2026-09-24 12:27:00,1230.10000000,1230.10000000,1230.00000000,1230.10000000,41120.0000,mstock
2026-09-24 12:28:00,1230.10000000,1230.50000000,1229.60000000,1230.10000000,169218.0000,mstock
2026-09-24 12:29:00,1230.00000000,1230.10000000,1228.80000000,1229.00000000,159381.0000,mstock
2026-09-24 12:30:00,1229.00000000,1229.40000000,1228.80000000,1229.10000000,35951.0000,mstock
2026-09-24 12:31:00,1229.00000000,1229.30000000,1228.20000000,1228.30000000,43414.0000,mstock
2026-09-24 12:32:00,1228.30000000,1228.30000000,1227.20000000,1227.30000000,53971.0000,mstock
2026-09-24 12:33:00,1227.30000000,1227.70000000,1226.70000000,1226.90000000,65229.0000,mstock
2026-09-24 12:34:00,1226.90000000,1227.00000000,1226.80000000,1227.00000000,30763.0000,mstock
2026-09-24 12:35:00,1227.00000000,1227.30000000,1226.70000000,1227.30000000,36616.0000,mstock
2026-09-24 12:36:00,1227.30000000,1227.50000000,1227.20000000,1227.50000000,67631.0000,mstock
2026-09-24 12:37:00,1227.50000000,1227.80000000,1227.40000000,1227.80000000,27756.0000,mstock
2026-09-24 12:38:00,1227.80000000,1228.00000000,1227.70000000,1228.00000000,23353.0000,mstock
2026-09-24 12:39:00,1228.00000000,1228.00000000,1227.00000000,1227.40000000,121882.0000,mstock
2026-09-24 12:40:00,1227.50000000,1227.50000000,1227.10000000,1227.50000000,60524.0000,mstock
2026-09-24 12:41:00,1227.50000000,1227.50000000,1227.30000000,1227.50000000,47281.0000,mstock
2026-09-24 12:42:00,1227.40000000,1227.60000000,1227.40000000,1227.50000000,18180.0000,mstock
2026-09-24 12:43:00,1227.50000000,1227.50000000,1227.30000000,1227.30000000,17797.0000,mstock
2026-09-24 12:44:00,1227.30000000,1227.30000000,1227.00000000,1227.20000000,26639.0000,mstock
2026-09-24 12:45:00,1227.20000000,1227.80000000,1227.10000000,1227.80000000,21890.0000,mstock
2026-09-24 12:46:00,1227.80000000,1228.70000000,1227.70000000,1228.50000000,16177.0000,mstock
2026-09-24 12:47:00,1228.50000000,1229.00000000,1228.00000000,1228.10000000,51553.0000,mstock
2026-09-24 12:48:00,1228.10000000,1228.10000000,1227.90000000,1228.00000000,14716.0000,mstock
2026-09-24 12:49:00,1228.00000000,1228.30000000,1227.90000000,1228.20000000,7186.0000,mstock
2026-09-24 12:50:00,1228.20000000,1229.20000000,1228.20000000,1229.20000000,15569.0000,mstock
2026-09-24 12:51:00,1229.30000000,1229.40000000,1229.00000000,1229.10000000,14722.0000,mstock
2026-09-24 12:52:00,1229.10000000,1229.20000000,1228.50000000,1228.80000000,20300.0000,mstock
2026-09-24 12:53:00,1228.60000000,1228.80000000,1228.50000000,1228.60000000,8751.0000,mstock
2026-09-24 12:54:00,1228.60000000,1228.60000000,1228.40000000,1228.60000000,11081.0000,mstock
2026-09-24 12:55:00,1228.60000000,1228.60000000,1228.50000000,1228.50000000,7109.0000,mstock
2026-09-24 12:56:00,1228.50000000,1228.60000000,1228.50000000,1228.60000000,9269.0000,mstock
2026-09-24 12:57:00,1228.60000000,1228.60000000,1228.50000000,1228.60000000,8121.0000,mstock
2026-09-24 12:58:00,1228.60000000,1228.70000000,1228.60000000,1228.70000000,7167.0000,mstock
2026-09-24 12:59:00,1228.70000000,1228.70000000,1228.60000000,1228.70000000,5023.0000,mstock
2026-09-24 13:00:00,1228.70000000,1228.70000000,1228.60000000,1228.70000000,6123.0000,mstock
2026-09-24 13:01:00,1228.60000000,1229.00000000,1228.60000000,1229.00000000,25099.0000,mstock
2026-09-24 13:02:00,1229.00000000,1229.30000000,1229.00000000,1229.10000000,52294.0000,mstock
2026-09-24 13:03:00,1229.00000000,1229.20000000,1228.80000000,1229.10000000,44941.0000,mstock
2026-09-24 13:04:00,1229.10000000,1229.90000000,1229.10000000,1229.60000000,38330.0000,mstock
2026-09-24 13:05:00,1229.60000000,1229.90000000,1229.50000000,1229.90000000,11391.0000,mstock
2026-09-24 13:06:00,1229.90000000,1230.10000000,1229.80000000,1230.10000000,8893.0000,mstock
2026-09-24 13:07:00,1230.10000000,1230.40000000,1230.00000000,1230.30000000,14926.0000,mstock
2026-09-24 13:08:00,1230.30000000,1230.80000000,1230.10000000,1230.20000000,28864.0000,mstock
2026-09-24 13:09:00,1230.20000000,1230.20000000,1229.40000000,1229.50000000,14386.0000,mstock
2026-09-24 13:10:00,1229.70000000,1229.70000000,1229.20000000,1229.30000000,10419.0000,mstock
2026-09-24 13:11:00,1229.40000000,1229.60000000,1229.30000000,1229.50000000,14965.0000,mstock
2026-09-24 13:12:00,1229.50000000,1229.50000000,1229.20000000,1229.30000000,7927.0000,mstock
2026-09-24 13:13:00,1229.30000000,1229.30000000,1229.10000000,1229.30000000,13157.0000,mstock
2026-09-24 13:14:00,1229.30000000,1229.70000000,1229.30000000,1229.40000000,11322.0000,mstock
2026-09-24 13:15:00,1229.40000000,1229.40000000,1229.10000000,1229.30000000,10909.0000,mstock
2026-09-24 13:16:00,1229.30000000,1229.60000000,1229.30000000,1229.50000000,7532.0000,mstock
2026-09-24 13:17:00,1229.50000000,1229.50000000,1229.40000000,1229.50000000,6549.0000,mstock
2026-09-24 13:18:00,1229.50000000,1229.50000000,1229.00000000,1229.00000000,13356.0000,mstock
2026-09-24 13:19:00,1229.00000000,1229.20000000,1229.00000000,1229.10000000,7826.0000,mstock
2026-09-24 13:20:00,1229.10000000,1229.10000000,1229.00000000,1229.10000000,8250.0000,mstock
2026-09-24 13:21:00,1229.10000000,1229.20000000,1229.10000000,1229.20000000,8071.0000,mstock
2026-09-24 13:22:00,1229.20000000,1229.20000000,1229.10000000,1229.20000000,3424.0000,mstock
2026-09-24 13:23:00,1229.20000000,1229.30000000,1229.10000000,1229.20000000,7525.0000,mstock
2026-09-24 13:24:00,1229.20000000,1229.30000000,1228.80000000,1228.80000000,13991.0000,mstock
2026-09-24 13:25:00,1228.80000000,1228.80000000,1228.00000000,1228.00000000,16957.0000,mstock
2026-09-24 13:26:00,1228.10000000,1228.10000000,1227.00000000,1227.00000000,49274.0000,mstock
2026-09-24 13:27:00,1227.00000000,1228.10000000,1226.80000000,1227.20000000,80255.0000,mstock
2026-09-24 13:28:00,1227.20000000,1227.20000000,1226.80000000,1227.10000000,19550.0000,mstock
2026-09-24 13:29:00,1227.10000000,1227.70000000,1227.00000000,1227.60000000,17198.0000,mstock
2026-09-24 13:30:00,1227.60000000,1227.90000000,1227.50000000,1227.90000000,12653.0000,mstock
2026-09-24 13:31:00,1227.90000000,1228.20000000,1227.80000000,1228.20000000,36132.0000,mstock
2026-09-24 13:32:00,1228.20000000,1228.20000000,1227.80000000,1227.90000000,5247.0000,mstock
2026-09-24 13:33:00,1227.90000000,1227.90000000,1227.80000000,1227.90000000,7368.0000,mstock
2026-09-24 13:34:00,1227.90000000,1227.90000000,1227.50000000,1227.60000000,14354.0000,mstock
2026-09-24 13:35:00,1227.60000000,1227.70000000,1227.50000000,1227.60000000,10407.0000,mstock
2026-09-24 13:36:00,1227.40000000,1227.60000000,1227.30000000,1227.60000000,11925.0000,mstock
2026-09-24 13:37:00,1227.60000000,1228.10000000,1227.50000000,1228.00000000,58149.0000,mstock
2026-09-24 13:38:00,1228.10000000,1228.80000000,1227.60000000,1227.80000000,71376.0000,mstock
2026-09-24 13:39:00,1227.80000000,1228.70000000,1227.00000000,1227.20000000,62065.0000,mstock
2026-09-24 13:40:00,1227.20000000,1227.60000000,1226.80000000,1227.40000000,36412.0000,mstock
2026-09-24 13:41:00,1227.30000000,1227.90000000,1227.30000000,1227.30000000,38474.0000,mstock
2026-09-24 13:42:00,1227.40000000,1227.40000000,1226.90000000,1227.30000000,39729.0000,mstock
2026-09-24 13:43:00,1227.30000000,1227.40000000,1226.30000000,1226.30000000,71807.0000,mstock
2026-09-24 13:44:00,1226.20000000,1226.40000000,1225.10000000,1225.20000000,98692.0000,mstock
2026-09-24 13:45:00,1225.20000000,1225.90000000,1225.10000000,1225.20000000,83455.0000,mstock
2026-09-24 13:46:00,1225.40000000,1225.40000000,1223.60000000,1224.00000000,215662.0000,mstock
2026-09-24 13:47:00,1224.00000000,1224.90000000,1224.00000000,1224.40000000,51583.0000,mstock
2026-09-24 13:48:00,1224.30000000,1224.70000000,1223.50000000,1223.60000000,84786.0000,mstock
2026-09-24 13:49:00,1223.60000000,1225.30000000,1223.50000000,1224.20000000,109281.0000,mstock
2026-09-24 13:50:00,1224.20000000,1225.10000000,1224.20000000,1224.70000000,43249.0000,mstock
2026-09-24 13:51:00,1224.70000000,1224.80000000,1224.00000000,1224.10000000,18050.0000,mstock
2026-09-24 13:52:00,1224.20000000,1224.20000000,1223.50000000,1223.50000000,25853.0000,mstock
2026-09-24 13:53:00,1223.50000000,1223.70000000,1223.20000000,1223.20000000,29900.0000,mstock
2026-09-24 13:54:00,1223.50000000,1223.50000000,1222.40000000,1223.00000000,67218.0000,mstock
2026-09-24 13:55:00,1223.00000000,1223.80000000,1222.80000000,1223.60000000,23877.0000,mstock
2026-09-24 13:56:00,1223.50000000,1223.70000000,1222.90000000,1223.20000000,28085.0000,mstock
2026-09-24 13:57:00,1223.20000000,1223.40000000,1222.20000000,1222.30000000,35059.0000,mstock
2026-09-24 13:58:00,1222.20000000,1222.80000000,1222.10000000,1222.40000000,37108.0000,mstock
2026-09-24 13:59:00,1222.40000000,1223.20000000,1222.30000000,1222.60000000,19880.0000,mstock
2026-09-24 14:00:00,1222.50000000,1223.80000000,1222.50000000,1223.40000000,28425.0000,mstock
2026-09-24 14:01:00,1223.50000000,1224.10000000,1223.50000000,1224.00000000,22230.0000,mstock
2026-09-24 14:02:00,1224.00000000,1224.90000000,1224.00000000,1224.50000000,13245.0000,mstock
2026-09-24 14:03:00,1224.50000000,1224.90000000,1224.30000000,1224.70000000,17339.0000,mstock
2026-09-24 14:04:00,1224.70000000,1224.80000000,1222.80000000,1223.30000000,39103.0000,mstock
2026-09-24 14:05:00,1223.20000000,1224.00000000,1223.20000000,1223.70000000,21568.0000,mstock
2026-09-24 14:06:00,1223.70000000,1224.00000000,1223.60000000,1223.90000000,9795.0000,mstock
2026-09-24 14:07:00,1223.90000000,1224.00000000,1223.60000000,1223.70000000,24342.0000,mstock
2026-09-24 14:08:00,1223.70000000,1224.20000000,1223.60000000,1224.20000000,18477.0000,mstock
2026-09-24 14:09:00,1224.20000000,1224.70000000,1224.00000000,1224.20000000,60952.0000,mstock
2026-09-24 14:10:00,1224.20000000,1224.50000000,1224.20000000,1224.50000000,23736.0000,mstock
2026-09-24 14:11:00,1224.40000000,1224.70000000,1224.00000000,1224.00000000,52784.0000,mstock
2026-09-24 14:12:00,1224.00000000,1224.50000000,1223.80000000,1224.30000000,21930.0000,mstock
2026-09-24 14:13:00,1224.30000000,1224.60000000,1223.80000000,1224.00000000,33755.0000,mstock
2026-09-24 14:14:00,1224.00000000,1224.00000000,1223.20000000,1223.40000000,57998.0000,mstock
2026-09-24 14:15:00,1223.60000000,1224.40000000,1223.60000000,1223.90000000,67983.0000,mstock
2026-09-24 14:16:00,1223.90000000,1224.20000000,1223.80000000,1224.10000000,21109.0000,mstock
2026-09-24 14:17:00,1224.10000000,1224.30000000,1223.90000000,1224.20000000,20367.0000,mstock
2026-09-24 14:18:00,1224.20000000,1224.30000000,1223.40000000,1223.40000000,24501.0000,mstock
2026-09-24 14:19:00,1223.50000000,1223.50000000,1222.30000000,1222.40000000,51143.0000,mstock
2026-09-24 14:20:00,1222.30000000,1223.50000000,1222.30000000,1223.30000000,58195.0000,mstock
2026-09-24 14:21:00,1223.30000000,1223.30000000,1222.50000000,1223.20000000,73099.0000,mstock
2026-09-24 14:22:00,1223.30000000,1223.50000000,1222.80000000,1223.00000000,49041.0000,mstock
2026-09-24 14:23:00,1223.00000000,1223.10000000,1222.50000000,1222.60000000,37485.0000,mstock
2026-09-24 14:24:00,1222.60000000,1223.00000000,1222.30000000,1222.90000000,43047.0000,mstock
2026-09-24 14:25:00,1223.00000000,1223.50000000,1222.90000000,1223.30000000,74157.0000,mstock
2026-09-24 14:26:00,1223.50000000,1223.60000000,1221.00000000,1222.20000000,137872.0000,mstock
2026-09-24 14:27:00,1222.20000000,1222.50000000,1222.00000000,1222.30000000,17946.0000,mstock
2026-09-24 14:28:00,1222.30000000,1223.00000000,1222.20000000,1222.70000000,15928.0000,mstock
2026-09-24 14:29:00,1222.60000000,1223.60000000,1222.40000000,1222.70000000,37318.0000,mstock
2026-09-24 14:30:00,1222.70000000,1223.00000000,1222.60000000,1222.80000000,26159.0000,mstock
2026-09-24 14:31:00,1222.80000000,1223.00000000,1222.50000000,1222.80000000,22364.0000,mstock
2026-09-24 14:32:00,1222.80000000,1223.30000000,1222.70000000,1223.00000000,21207.0000,mstock
2026-09-24 14:33:00,1223.00000000,1223.10000000,1222.80000000,1223.00000000,36876.0000,mstock
2026-09-24 14:34:00,1223.00000000,1223.10000000,1222.80000000,1223.00000000,31660.0000,mstock
2026-09-24 14:35:00,1223.00000000,1223.30000000,1222.80000000,1223.10000000,44625.0000,mstock
2026-09-24 14:36:00,1223.00000000,1223.80000000,1222.80000000,1223.80000000,25956.0000,mstock
2026-09-24 14:37:00,1223.50000000,1224.30000000,1223.40000000,1223.50000000,73390.0000,mstock
2026-09-24 14:38:00,1223.50000000,1224.00000000,1223.00000000,1223.50000000,105419.0000,mstock
2026-09-24 14:39:00,1223.50000000,1223.50000000,1222.70000000,1223.20000000,40629.0000,mstock
2026-09-24 14:40:00,1223.20000000,1224.00000000,1222.40000000,1222.90000000,84160.0000,mstock
2026-09-24 14:41:00,1222.90000000,1223.40000000,1222.80000000,1223.10000000,18066.0000,mstock
2026-09-24 14:42:00,1223.10000000,1223.10000000,1222.30000000,1223.00000000,37144.0000,mstock
2026-09-24 14:43:00,1223.00000000,1223.30000000,1222.60000000,1223.10000000,51459.0000,mstock
2026-09-24 14:44:00,1223.10000000,1223.10000000,1222.50000000,1222.90000000,18808.0000,mstock
2026-09-24 14:45:00,1223.00000000,1223.00000000,1222.50000000,1223.00000000,23697.0000,mstock
2026-09-24 14:46:00,1223.00000000,1223.30000000,1222.80000000,1223.00000000,32354.0000,mstock
2026-09-24 14:47:00,1223.20000000,1223.40000000,1223.00000000,1223.20000000,29626.0000,mstock
2026-09-24 14:48:00,1223.20000000,1223.30000000,1222.90000000,1223.20000000,29560.0000,mstock
2026-09-24 14:49:00,1223.00000000,1223.10000000,1222.60000000,1222.60000000,14395.0000,mstock
2026-09-24 14:50:00,1222.70000000,1222.80000000,1222.60000000,1222.70000000,70204.0000,mstock
2026-09-24 14:51:00,1222.70000000,1223.20000000,1222.60000000,1223.10000000,37645.0000,mstock
2026-09-24 14:52:00,1223.10000000,1223.50000000,1222.80000000,1223.00000000,47548.0000,mstock
2026-09-24 14:53:00,1223.00000000,1223.50000000,1222.70000000,1223.30000000,101573.0000,mstock
2026-09-24 14:54:00,1223.30000000,1223.30000000,1222.80000000,1222.80000000,77653.0000,mstock
2026-09-24 14:55:00,1222.80000000,1223.30000000,1222.70000000,1223.10000000,33385.0000,mstock
2026-09-24 14:56:00,1223.10000000,1223.10000000,1222.70000000,1222.80000000,31598.0000,mstock
2026-09-24 14:57:00,1222.80000000,1222.90000000,1222.70000000,1222.90000000,53531.0000,mstock
2026-09-24 14:58:00,1222.90000000,1222.90000000,1221.30000000,1221.90000000,118495.0000,mstock
2026-09-24 14:59:00,1221.80000000,1222.20000000,1221.20000000,1221.20000000,76760.0000,mstock
2026-09-24 15:00:00,1221.40000000,1222.00000000,1221.20000000,1222.00000000,59419.0000,mstock
2026-09-24 15:01:00,1221.90000000,1221.90000000,1221.50000000,1221.90000000,75948.0000,mstock
2026-09-24 15:02:00,1221.90000000,1222.40000000,1221.50000000,1221.90000000,60109.0000,mstock
2026-09-24 15:03:00,1221.90000000,1221.90000000,1221.10000000,1221.20000000,41766.0000,mstock
2026-09-24 15:04:00,1221.10000000,1221.80000000,1221.10000000,1221.70000000,45321.0000,mstock
2026-09-24 15:05:00,1221.80000000,1221.90000000,1221.00000000,1221.80000000,97107.0000,mstock
2026-09-24 15:06:00,1222.00000000,1222.00000000,1221.70000000,1221.80000000,56762.0000,mstock
2026-09-24 15:07:00,1221.90000000,1221.90000000,1221.50000000,1221.60000000,49412.0000,mstock
2026-09-24 15:08:00,1221.60000000,1221.60000000,1220.60000000,1220.60000000,125105.0000,mstock
2026-09-24 15:09:00,1220.80000000,1221.30000000,1220.00000000,1221.30000000,307597.0000,mstock
2026-09-24 15:10:00,1221.20000000,1222.00000000,1219.60000000,1220.70000000,265846.0000,mstock
2026-09-24 15:11:00,1220.80000000,1221.40000000,1220.40000000,1221.10000000,56791.0000,mstock
2026-09-24 15:12:00,1221.20000000,1222.00000000,1220.00000000,1222.00000000,155868.0000,mstock
2026-09-24 15:13:00,1222.00000000,1222.10000000,1220.40000000,1221.00000000,98475.0000,mstock
2026-09-24 15:14:00,1221.00000000,1221.00000000,1220.70000000,1220.90000000,70880.0000,mstock
2026-09-24 15:15:00,1220.90000000,1220.90000000,1220.90000000,1220.90000000,65.0000,mstock
2026-09-24 15:20:00,1220.90000000,1220.90000000,1220.90000000,1220.90000000,0.0000,mstock
2026-09-24 15:21:00,1220.90000000,1220.90000000,1220.90000000,1220.90000000,9106.0000,mstock
2026-09-24 15:22:00,1220.90000000,1220.90000000,1220.90000000,1220.90000000,812.0000,mstock
2026-09-24 15:23:00,1220.90000000,1220.90000000,1220.90000000,1220.90000000,5492.0000,mstock
2026-09-24 15:24:00,1220.90000000,1220.90000000,1220.90000000,1220.90000000,77093.0000,mstock
2026-09-24 15:25:00,1220.90000000,1220.90000000,1220.90000000,1220.90000000,0.0000,mstock
2026-09-24 15:26:00,1220.90000000,1220.90000000,1220.90000000,1220.90000000,940.0000,mstock
2026-09-24 15:27:00,1220.90000000,1220.90000000,1220.90000000,1220.90000000,0.0000,mstock
2026-09-24 15:28:00,1220.90000000,1220.90000000,1219.20000000,1219.20000000,13553498.0000,mstock
2026-09-29 09:15:00,1193.80000000,1196.10000000,1192.40000000,1195.70000000,198955.0000,mstock
2026-09-29 09:16:00,1195.10000000,1195.50000000,1194.30000000,1195.50000000,126250.0000,mstock
2026-09-29 09:17:00,1195.50000000,1197.60000000,1195.00000000,1197.30000000,90576.0000,mstock
2026-09-29 09:18:00,1197.60000000,1198.30000000,1195.80000000,1195.90000000,80625.0000,mstock
2026-09-29 09:19:00,1196.00000000,1196.10000000,1194.30000000,1194.50000000,60186.0000,mstock
2026-09-29 09:20:00,1195.00000000,1195.90000000,1194.90000000,1195.50000000,51619.0000,mstock
2026-09-29 09:21:00,1195.20000000,1195.60000000,1194.80000000,1195.00000000,39691.0000,mstock
2026-09-29 09:22:00,1195.00000000,1195.40000000,1194.80000000,1194.90000000,45344.0000,mstock
2026-09-29 09:23:00,1195.00000000,1195.40000000,1193.60000000,1193.60000000,65661.0000,mstock
2026-09-29 09:24:00,1194.40000000,1194.40000000,1194.00000000,1194.20000000,44090.0000,mstock
2026-09-29 09:25:00,1194.20000000,1194.30000000,1193.40000000,1193.70000000,22759.0000,mstock
2026-09-29 09:26:00,1193.80000000,1193.80000000,1192.80000000,1192.80000000,36948.0000,mstock
2026-09-29 09:27:00,1192.80000000,1192.80000000,1191.30000000,1191.70000000,92950.0000,mstock
2026-09-29 09:28:00,1191.50000000,1191.90000000,1191.40000000,1191.50000000,44847.0000,mstock
2026-09-29 09:29:00,1191.70000000,1191.70000000,1190.10000000,1190.10000000,82001.0000,mstock
2026-09-29 09:30:00,1190.00000000,1190.80000000,1189.50000000,1189.50000000,103911.0000,mstock
2026-09-29 09:31:00,1190.00000000,1190.00000000,1189.00000000,1189.40000000,113513.0000,mstock
2026-09-29 09:32:00,1189.70000000,1189.80000000,1187.90000000,1188.00000000,89417.0000,mstock
2026-09-29 09:33:00,1188.10000000,1188.80000000,1187.60000000,1188.30000000,61891.0000,mstock
2026-09-29 09:34:00,1188.30000000,1188.50000000,1187.40000000,1187.70000000,60663.0000,mstock
2026-09-29 09:35:00,1187.80000000,1187.80000000,1185.60000000,1185.60000000,69067.0000,mstock
2026-09-29 09:36:00,1185.80000000,1185.80000000,1183.50000000,1183.60000000,113281.0000,mstock
2026-09-29 09:37:00,1183.50000000,1184.50000000,1182.00000000,1182.30000000,261415.0000,mstock
2026-09-29 09:38:00,1182.80000000,1185.40000000,1182.50000000,1184.90000000,182731.0000,mstock
2026-09-29 09:39:00,1184.80000000,1184.80000000,1183.40000000,1183.40000000,105657.0000,mstock
2026-09-29 09:40:00,1184.00000000,1184.40000000,1183.40000000,1184.20000000,57147.0000,mstock
2026-09-29 09:41:00,1184.50000000,1186.20000000,1184.20000000,1186.20000000,149125.0000,mstock
2026-09-29 09:42:00,1186.20000000,1187.50000000,1185.70000000,1187.10000000,158773.0000,mstock
2026-09-29 09:43:00,1187.10000000,1187.10000000,1185.70000000,1186.10000000,120387.0000,mstock
2026-09-29 09:44:00,1186.30000000,1187.00000000,1186.10000000,1186.70000000,62546.0000,mstock
2026-09-29 09:45:00,1186.70000000,1187.80000000,1186.50000000,1187.70000000,59796.0000,mstock
2026-09-29 09:46:00,1187.50000000,1187.80000000,1187.40000000,1187.40000000,83700.0000,mstock
2026-09-29 09:47:00,1187.60000000,1187.80000000,1187.10000000,1187.40000000,89726.0000,mstock
2026-09-29 09:48:00,1187.50000000,1187.70000000,1186.10000000,1186.40000000,60938.0000,mstock
2026-09-29 09:49:00,1186.40000000,1186.50000000,1185.50000000,1185.50000000,31561.0000,mstock
2026-09-29 09:50:00,1186.10000000,1186.30000000,1185.50000000,1185.90000000,40015.0000,mstock
2026-09-29 09:51:00,1185.60000000,1186.50000000,1185.10000000,1186.50000000,84939.0000,mstock
2026-09-29 09:52:00,1185.80000000,1186.60000000,1185.60000000,1186.40000000,70717.0000,mstock
2026-09-29 09:53:00,1186.00000000,1186.60000000,1185.70000000,1185.90000000,44824.0000,mstock
2026-09-29 09:54:00,1186.00000000,1187.20000000,1185.60000000,1187.20000000,58347.0000,mstock
2026-09-29 09:55:00,1187.10000000,1187.40000000,1186.40000000,1187.10000000,61855.0000,mstock
2026-09-29 09:56:00,1187.10000000,1187.20000000,1186.40000000,1186.80000000,54294.0000,mstock
2026-09-29 09:57:00,1186.90000000,1187.00000000,1186.00000000,1186.60000000,26722.0000,mstock
2026-09-29 09:58:00,1186.60000000,1186.80000000,1185.60000000,1185.60000000,18130.0000,mstock
2026-09-29 09:59:00,1186.00000000,1186.60000000,1185.70000000,1186.10000000,31891.0000,mstock
2026-09-29 10:00:00,1186.20000000,1186.50000000,1185.90000000,1186.50000000,30275.0000,mstock
2026-09-29 10:01:00,1186.50000000,1186.50000000,1184.00000000,1184.30000000,43595.0000,mstock
2026-09-29 10:02:00,1184.00000000,1184.30000000,1183.50000000,1184.00000000,39653.0000,mstock
2026-09-29 10:03:00,1184.10000000,1185.70000000,1184.10000000,1185.00000000,32436.0000,mstock
2026-09-29 10:04:00,1184.80000000,1185.00000000,1184.00000000,1184.70000000,32051.0000,mstock
2026-09-29 10:05:00,1184.70000000,1185.20000000,1184.50000000,1185.10000000,35502.0000,mstock
2026-09-29 10:06:00,1185.00000000,1185.90000000,1184.80000000,1185.40000000,89112.0000,mstock
2026-09-29 10:07:00,1185.10000000,1186.00000000,1184.70000000,1185.70000000,41674.0000,mstock
2026-09-29 10:08:00,1186.00000000,1186.10000000,1185.30000000,1185.50000000,26631.0000,mstock
2026-09-29 10:09:00,1185.90000000,1186.00000000,1185.50000000,1185.80000000,22563.0000,mstock
2026-09-29 10:10:00,1185.80000000,1185.80000000,1185.20000000,1185.60000000,37464.0000,mstock
2026-09-29 10:11:00,1185.60000000,1185.60000000,1184.00000000,1184.50000000,43051.0000,mstock
2026-09-29 10:12:00,1184.50000000,1185.20000000,1184.40000000,1185.10000000,24289.0000,mstock
2026-09-29 10:13:00,1184.90000000,1185.20000000,1184.50000000,1184.70000000,24312.0000,mstock
2026-09-29 10:14:00,1184.70000000,1185.20000000,1184.40000000,1185.20000000,13219.0000,mstock
2026-09-29 10:15:00,1185.30000000,1185.90000000,1185.10000000,1185.80000000,126205.0000,mstock
2026-09-29 10:16:00,1185.70000000,1185.90000000,1185.30000000,1185.90000000,40612.0000,mstock
2026-09-29 10:17:00,1185.90000000,1186.40000000,1185.60000000,1186.10000000,95505.0000,mstock
2026-09-29 10:18:00,1186.30000000,1187.00000000,1186.10000000,1186.90000000,28687.0000,mstock
2026-09-29 10:19:00,1186.80000000,1186.90000000,1186.40000000,1186.80000000,34404.0000,mstock
2026-09-29 10:20:00,1186.80000000,1187.00000000,1186.50000000,1186.70000000,32973.0000,mstock
2026-09-29 10:21:00,1186.70000000,1186.70000000,1185.30000000,1185.90000000,33551.0000,mstock
2026-09-29 10:22:00,1185.90000000,1186.30000000,1185.80000000,1186.10000000,65699.0000,mstock
2026-09-29 10:23:00,1186.20000000,1186.50000000,1185.90000000,1186.40000000,25045.0000,mstock
2026-09-29 10:24:00,1186.40000000,1186.50000000,1186.20000000,1186.30000000,10194.0000,mstock
2026-09-29 10:25:00,1186.20000000,1187.50000000,1186.20000000,1187.50000000,71046.0000,mstock
2026-09-29 10:26:00,1187.50000000,1187.70000000,1187.10000000,1187.40000000,52707.0000,mstock
2026-09-29 10:27:00,1187.40000000,1187.80000000,1187.30000000,1187.40000000,82888.0000,mstock
2026-09-29 10:28:00,1187.40000000,1187.50000000,1186.90000000,1187.10000000,24698.0000,mstock
2026-09-29 10:29:00,1187.20000000,1187.60000000,1187.00000000,1187.40000000,22992.0000,mstock
2026-09-29 10:30:00,1187.30000000,1187.50000000,1187.10000000,1187.20000000,25056.0000,mstock
2026-09-29 10:31:00,1187.40000000,1187.50000000,1187.00000000,1187.00000000,21414.0000,mstock
2026-09-29 10:32:00,1187.10000000,1187.30000000,1186.30000000,1186.50000000,28888.0000,mstock
2026-09-29 10:33:00,1186.40000000,1186.50000000,1185.80000000,1186.00000000,27624.0000,mstock
2026-09-29 10:34:00,1185.60000000,1186.80000000,1185.60000000,1186.80000000,27012.0000,mstock
2026-09-29 10:35:00,1186.80000000,1187.00000000,1185.80000000,1186.30000000,44552.0000,mstock
2026-09-29 10:36:00,1186.30000000,1186.30000000,1186.00000000,1186.20000000,12806.0000,mstock
2026-09-29 10:37:00,1186.30000000,1186.30000000,1186.00000000,1186.00000000,15869.0000,mstock
2026-09-29 10:38:00,1186.10000000,1186.30000000,1185.60000000,1186.30000000,16670.0000,mstock
2026-09-29 10:39:00,1186.30000000,1186.80000000,1186.10000000,1186.70000000,26136.0000,mstock
2026-09-29 10:40:00,1186.70000000,1186.90000000,1186.50000000,1186.90000000,27118.0000,mstock
2026-09-29 10:41:00,1186.90000000,1186.90000000,1186.50000000,1186.80000000,22000.0000,mstock
2026-09-29 10:42:00,1186.90000000,1188.00000000,1186.60000000,1187.40000000,62986.0000,mstock
2026-09-29 10:43:00,1187.80000000,1189.50000000,1187.80000000,1188.60000000,46812.0000,mstock
2026-09-29 10:44:00,1188.50000000,1189.10000000,1188.20000000,1189.00000000,43976.0000,mstock
2026-09-29 10:45:00,1189.00000000,1189.00000000,1188.60000000,1188.80000000,24330.0000,mstock
2026-09-29 10:46:00,1188.80000000,1189.00000000,1188.70000000,1188.70000000,17222.0000,mstock
2026-09-29 10:47:00,1188.70000000,1188.80000000,1188.50000000,1188.80000000,20049.0000,mstock
2026-09-29 10:48:00,1188.80000000,1188.90000000,1188.50000000,1188.70000000,16199.0000,mstock
2026-09-29 10:49:00,1188.60000000,1189.00000000,1188.60000000,1188.70000000,19534.0000,mstock
2026-09-29 10:50:00,1188.60000000,1189.00000000,1188.60000000,1189.00000000,19309.0000,mstock
2026-09-29 10:51:00,1189.00000000,1189.50000000,1188.60000000,1189.00000000,26753.0000,mstock
2026-09-29 10:52:00,1189.00000000,1190.30000000,1189.00000000,1189.70000000,41996.0000,mstock
2026-09-29 10:53:00,1189.90000000,1189.90000000,1189.30000000,1189.70000000,29940.0000,mstock
2026-09-29 10:54:00,1189.60000000,1189.90000000,1189.50000000,1189.90000000,18813.0000,mstock
2026-09-29 10:55:00,1189.90000000,1191.50000000,1189.70000000,1191.20000000,39332.0000,mstock
2026-09-29 10:56:00,1191.20000000,1191.70000000,1190.00000000,1191.40000000,59641.0000,mstock
2026-09-29 10:57:00,1191.00000000,1191.60000000,1190.20000000,1191.00000000,34503.0000,mstock
2026-09-29 10:58:00,1191.00000000,1191.50000000,1190.90000000,1191.40000000,19013.0000,mstock
2026-09-29 10:59:00,1191.20000000,1191.40000000,1190.10000000,1190.10000000,26378.0000,mstock
2026-09-29 11:00:00,1190.80000000,1190.80000000,1189.20000000,1189.70000000,45492.0000,mstock
2026-09-29 11:01:00,1189.70000000,1189.80000000,1188.30000000,1188.60000000,34343.0000,mstock
2026-09-29 11:02:00,1188.60000000,1188.70000000,1187.70000000,1187.80000000,34529.0000,mstock
2026-09-29 11:03:00,1187.80000000,1189.00000000,1187.60000000,1189.00000000,51061.0000,mstock
2026-09-29 11:04:00,1189.00000000,1189.00000000,1187.60000000,1188.00000000,63529.0000,mstock
2026-09-29 11:05:00,1188.00000000,1188.20000000,1187.30000000,1187.80000000,41358.0000,mstock
2026-09-29 11:06:00,1187.80000000,1187.80000000,1187.20000000,1187.60000000,23824.0000,mstock
2026-09-29 11:07:00,1187.60000000,1188.30000000,1187.40000000,1188.20000000,62596.0000,mstock
2026-09-29 11:08:00,1188.20000000,1188.80000000,1188.00000000,1188.70000000,25650.0000,mstock
2026-09-29 11:09:00,1188.40000000,1189.30000000,1188.30000000,1189.00000000,30124.0000,mstock
2026-09-29 11:10:00,1189.00000000,1191.80000000,1188.50000000,1191.30000000,76949.0000,mstock
2026-09-29 11:11:00,1191.10000000,1191.80000000,1189.70000000,1189.70000000,37973.0000,mstock
2026-09-29 11:12:00,1189.70000000,1191.30000000,1189.50000000,1191.00000000,47473.0000,mstock
2026-09-29 11:13:00,1190.90000000,1191.80000000,1190.50000000,1191.70000000,68855.0000,mstock
2026-09-29 11:14:00,1191.80000000,1192.80000000,1191.40000000,1191.90000000,121036.0000,mstock
2026-09-29 11:15:00,1191.70000000,1192.20000000,1191.10000000,1191.50000000,50333.0000,mstock
2026-09-29 11:16:00,1191.50000000,1191.80000000,1190.30000000,1191.00000000,48903.0000,mstock
2026-09-29 11:17:00,1191.10000000,1191.60000000,1190.80000000,1190.90000000,32396.0000,mstock
2026-09-29 11:18:00,1191.00000000,1191.00000000,1190.10000000,1190.80000000,51868.0000,mstock
2026-09-29 11:19:00,1191.30000000,1191.40000000,1190.80000000,1191.30000000,24759.0000,mstock
2026-09-29 11:20:00,1191.30000000,1192.30000000,1191.20000000,1191.90000000,34815.0000,mstock
2026-09-29 11:21:00,1192.00000000,1192.20000000,1191.40000000,1191.50000000,71493.0000,mstock
2026-09-29 11:22:00,1191.50000000,1192.50000000,1191.40000000,1191.80000000,37889.0000,mstock
2026-09-29 11:23:00,1191.40000000,1192.10000000,1191.40000000,1192.10000000,26260.0000,mstock
2026-09-29 11:24:00,1192.00000000,1192.30000000,1191.10000000,1191.50000000,45318.0000,mstock
2026-09-29 11:25:00,1191.50000000,1192.20000000,1191.30000000,1191.30000000,38974.0000,mstock
2026-09-29 11:26:00,1191.50000000,1192.40000000,1191.30000000,1192.40000000,30461.0000,mstock
2026-09-29 11:27:00,1192.00000000,1192.90000000,1191.60000000,1192.50000000,34700.0000,mstock
2026-09-29 11:28:00,1192.50000000,1193.30000000,1192.30000000,1192.80000000,34478.0000,mstock
2026-09-29 11:29:00,1192.90000000,1194.00000000,1192.40000000,1194.00000000,75158.0000,mstock
2026-09-29 11:30:00,1194.10000000,1195.40000000,1193.50000000,1195.40000000,84750.0000,mstock
2026-09-29 11:31:00,1195.50000000,1195.80000000,1195.20000000,1195.80000000,37683.0000,mstock
2026-09-29 11:32:00,1195.80000000,1195.80000000,1194.70000000,1194.70000000,47731.0000,mstock
2026-09-29 11:33:00,1194.70000000,1195.20000000,1194.20000000,1195.00000000,103061.0000,mstock
2026-09-29 11:34:00,1195.00000000,1195.50000000,1194.70000000,1195.20000000,30628.0000,mstock
2026-09-29 11:35:00,1195.10000000,1195.10000000,1193.80000000,1194.00000000,39991.0000,mstock
2026-09-29 11:36:00,1194.10000000,1194.30000000,1193.80000000,1194.00000000,24367.0000,mstock
2026-09-29 11:37:00,1193.90000000,1194.10000000,1193.50000000,1194.10000000,41189.0000,mstock
2026-09-29 11:38:00,1194.00000000,1194.10000000,1193.10000000,1193.50000000,36525.0000,mstock
2026-09-29 11:39:00,1193.50000000,1194.00000000,1193.10000000,1193.80000000,44653.0000,mstock
2026-09-29 11:40:00,1193.90000000,1195.50000000,1193.90000000,1195.30000000,34572.0000,mstock
2026-09-29 11:41:00,1195.10000000,1195.90000000,1195.10000000,1195.90000000,29792.0000,mstock
2026-09-29 11:42:00,1195.90000000,1195.90000000,1195.40000000,1195.60000000,39561.0000,mstock
2026-09-29 11:43:00,1195.60000000,1195.60000000,1194.20000000,1194.60000000,33373.0000,mstock
2026-09-29 11:44:00,1194.60000000,1194.70000000,1193.10000000,1193.30000000,42238.0000,mstock
2026-09-29 11:45:00,1193.00000000,1193.90000000,1192.90000000,1193.70000000,25858.0000,mstock
2026-09-29 11:46:00,1193.70000000,1193.90000000,1193.20000000,1193.30000000,23043.0000,mstock
2026-09-29 11:47:00,1193.10000000,1193.40000000,1193.00000000,1193.10000000,27132.0000,mstock
2026-09-29 11:48:00,1193.40000000,1194.00000000,1193.10000000,1194.00000000,26519.0000,mstock
2026-09-29 11:49:00,1194.00000000,1194.80000000,1193.70000000,1194.50000000,44054.0000,mstock
2026-09-29 11:50:00,1194.50000000,1194.70000000,1193.90000000,1193.90000000,20529.0000,mstock
2026-09-29 11:51:00,1193.90000000,1194.30000000,1193.90000000,1194.20000000,17914.0000,mstock
2026-09-29 11:52:00,1194.20000000,1194.40000000,1194.00000000,1194.20000000,18512.0000,mstock
2026-09-29 11:53:00,1194.20000000,1194.40000000,1193.10000000,1193.30000000,24481.0000,mstock
2026-09-29 11:54:00,1193.40000000,1194.20000000,1193.20000000,1193.70000000,36847.0000,mstock
2026-09-29 11:55:00,1193.90000000,1194.00000000,1193.40000000,1193.40000000,62950.0000,mstock
2026-09-29 11:56:00,1193.50000000,1194.20000000,1193.40000000,1194.20000000,33570.0000,mstock
2026-09-29 11:57:00,1194.10000000,1194.30000000,1193.90000000,1194.00000000,15305.0000,mstock
2026-09-29 11:58:00,1194.00000000,1194.50000000,1194.00000000,1194.20000000,19485.0000,mstock
2026-09-29 11:59:00,1194.30000000,1195.00000000,1194.20000000,1194.50000000,51788.0000,mstock
2026-09-29 12:00:00,1194.70000000,1195.00000000,1194.10000000,1194.80000000,20930.0000,mstock
2026-09-29 12:01:00,1194.80000000,1195.80000000,1194.80000000,1194.90000000,25573.0000,mstock
2026-09-29 12:02:00,1195.00000000,1195.00000000,1194.00000000,1194.00000000,27551.0000,mstock
2026-09-29 12:03:00,1194.10000000,1195.70000000,1194.00000000,1195.10000000,53346.0000,mstock
2026-09-29 12:04:00,1195.10000000,1195.60000000,1195.00000000,1195.30000000,36636.0000,mstock
2026-09-29 12:05:00,1195.30000000,1195.70000000,1195.20000000,1195.70000000,22873.0000,mstock
2026-09-29 12:06:00,1195.70000000,1196.00000000,1195.60000000,1196.00000000,23051.0000,mstock
2026-09-29 12:07:00,1195.80000000,1196.20000000,1195.30000000,1195.70000000,155573.0000,mstock
2026-09-29 12:08:00,1195.70000000,1195.70000000,1195.40000000,1195.70000000,16381.0000,mstock
2026-09-29 12:09:00,1195.50000000,1196.10000000,1195.00000000,1195.60000000,65342.0000,mstock
2026-09-29 12:10:00,1196.00000000,1196.10000000,1195.70000000,1196.00000000,54661.0000,mstock
2026-09-29 12:11:00,1196.10000000,1196.40000000,1196.00000000,1196.10000000,35898.0000,mstock
2026-09-29 12:12:00,1196.10000000,1196.10000000,1195.70000000,1195.70000000,34734.0000,mstock
2026-09-29 12:13:00,1195.80000000,1195.80000000,1195.70000000,1195.70000000,6522.0000,mstock
2026-09-29 12:14:00,1195.80000000,1196.10000000,1195.70000000,1196.00000000,24483.0000,mstock
2026-09-29 12:15:00,1196.00000000,1196.10000000,1196.00000000,1196.10000000,13030.0000,mstock
2026-09-29 12:16:00,1196.10000000,1196.10000000,1196.00000000,1196.10000000,12055.0000,mstock
2026-09-29 12:17:00,1196.10000000,1196.20000000,1196.00000000,1196.10000000,33547.0000,mstock
2026-09-29 12:18:00,1196.20000000,1196.20000000,1195.10000000,1195.20000000,50931.0000,mstock
2026-09-29 12:19:00,1195.30000000,1195.90000000,1194.90000000,1195.70000000,50465.0000,mstock
2026-09-29 12:20:00,1195.70000000,1196.40000000,1195.50000000,1196.10000000,42914.0000,mstock
2026-09-29 12:21:00,1196.20000000,1196.20000000,1195.20000000,1195.80000000,41364.0000,mstock
2026-09-29 12:22:00,1195.60000000,1195.80000000,1195.20000000,1195.60000000,26378.0000,mstock
2026-09-29 12:23:00,1195.70000000,1196.00000000,1195.50000000,1196.00000000,16546.0000,mstock
2026-09-29 12:24:00,1196.00000000,1196.00000000,1195.60000000,1195.60000000,12051.0000,mstock
2026-09-29 12:25:00,1195.40000000,1196.10000000,1195.40000000,1196.00000000,50175.0000,mstock
2026-09-29 12:26:00,1195.90000000,1196.00000000,1194.40000000,1194.40000000,28781.0000,mstock
2026-09-29 12:27:00,1194.60000000,1194.60000000,1192.60000000,1192.80000000,66533.0000,mstock
2026-09-29 12:28:00,1192.90000000,1193.00000000,1192.30000000,1192.60000000,32126.0000,mstock
2026-09-29 12:29:00,1192.70000000,1193.30000000,1192.60000000,1192.90000000,55207.0000,mstock
2026-09-29 12:30:00,1192.90000000,1192.90000000,1191.70000000,1192.30000000,51949.0000,mstock
2026-09-29 12:31:00,1192.30000000,1192.60000000,1191.70000000,1191.80000000,42687.0000,mstock
2026-09-29 12:32:00,1191.80000000,1192.00000000,1190.80000000,1190.80000000,71369.0000,mstock
2026-09-29 12:33:00,1191.10000000,1191.30000000,1190.30000000,1190.60000000,66906.0000,mstock
2026-09-29 12:34:00,1190.90000000,1192.00000000,1190.90000000,1191.80000000,34791.0000,mstock
2026-09-29 12:35:00,1191.80000000,1192.30000000,1191.70000000,1192.00000000,26881.0000,mstock
2026-09-29 12:36:00,1192.00000000,1192.90000000,1191.80000000,1192.60000000,22218.0000,mstock
2026-09-29 12:37:00,1192.60000000,1193.10000000,1192.40000000,1192.80000000,16765.0000,mstock
2026-09-29 12:38:00,1192.80000000,1192.80000000,1192.00000000,1192.20000000,19110.0000,mstock
2026-09-29 12:39:00,1192.30000000,1193.10000000,1192.20000000,1193.10000000,24635.0000,mstock
2026-09-29 12:40:00,1193.00000000,1193.10000000,1192.10000000,1192.20000000,15402.0000,mstock
2026-09-29 12:41:00,1192.50000000,1193.40000000,1192.10000000,1193.30000000,17556.0000,mstock
2026-09-29 12:42:00,1193.30000000,1193.30000000,1192.60000000,1192.70000000,28515.0000,mstock
2026-09-29 12:43:00,1192.90000000,1193.00000000,1192.60000000,1192.60000000,17452.0000,mstock
2026-09-29 12:44:00,1192.80000000,1192.90000000,1192.50000000,1192.70000000,19311.0000,mstock
2026-09-29 12:45:00,1192.70000000,1192.70000000,1192.20000000,1192.40000000,16918.0000,mstock
2026-09-29 12:46:00,1192.40000000,1192.40000000,1191.20000000,1191.20000000,25342.0000,mstock
2026-09-29 12:47:00,1191.20000000,1191.90000000,1190.90000000,1191.20000000,41307.0000,mstock
2026-09-29 12:48:00,1191.20000000,1191.50000000,1191.10000000,1191.20000000,18271.0000,mstock
2026-09-29 12:49:00,1191.20000000,1191.20000000,1190.00000000,1190.60000000,78950.0000,mstock
2026-09-29 12:50:00,1190.30000000,1191.20000000,1190.20000000,1191.10000000,52175.0000,mstock
2026-09-29 12:51:00,1191.00000000,1191.40000000,1191.00000000,1191.10000000,28246.0000,mstock
2026-09-29 12:52:00,1191.10000000,1191.50000000,1191.00000000,1191.30000000,32313.0000,mstock
2026-09-29 12:53:00,1191.10000000,1191.70000000,1190.60000000,1191.30000000,41836.0000,mstock
2026-09-29 12:54:00,1191.40000000,1192.00000000,1190.90000000,1191.40000000,36427.0000,mstock
2026-09-29 12:55:00,1191.40000000,1191.70000000,1190.80000000,1191.60000000,19492.0000,mstock
2026-09-29 12:56:00,1191.60000000,1192.30000000,1191.40000000,1192.10000000,30559.0000,mstock
2026-09-29 12:57:00,1192.10000000,1192.70000000,1192.00000000,1192.60000000,40637.0000,mstock
2026-09-29 12:58:00,1192.70000000,1193.00000000,1192.60000000,1192.60000000,31043.0000,mstock
2026-09-29 12:59:00,1192.60000000,1193.10000000,1192.50000000,1192.90000000,18923.0000,mstock
2026-09-29 13:00:00,1193.00000000,1193.90000000,1193.00000000,1193.50000000,31203.0000,mstock
2026-09-29 13:01:00,1193.50000000,1193.50000000,1192.80000000,1193.40000000,28729.0000,mstock
2026-09-29 13:02:00,1193.40000000,1194.40000000,1193.40000000,1194.00000000,27049.0000,mstock
2026-09-29 13:03:00,1194.00000000,1194.00000000,1193.00000000,1193.00000000,31863.0000,mstock
2026-09-29 13:04:00,1193.00000000,1193.40000000,1193.00000000,1193.40000000,14377.0000,mstock
2026-09-29 13:05:00,1193.10000000,1193.70000000,1193.10000000,1193.40000000,32842.0000,mstock
2026-09-29 13:06:00,1193.40000000,1193.50000000,1192.80000000,1192.90000000,36492.0000,mstock
2026-09-29 13:07:00,1193.00000000,1193.00000000,1192.30000000,1192.50000000,31819.0000,mstock
2026-09-29 13:08:00,1192.50000000,1192.80000000,1192.10000000,1192.50000000,20752.0000,mstock
2026-09-29 13:09:00,1192.50000000,1194.50000000,1192.50000000,1194.30000000,71041.0000,mstock
2026-09-29 13:10:00,1194.00000000,1194.10000000,1193.00000000,1193.30000000,25800.0000,mstock
2026-09-29 13:11:00,1193.30000000,1193.30000000,1192.80000000,1193.30000000,25620.0000,mstock
2026-09-29 13:12:00,1193.40000000,1193.40000000,1192.80000000,1192.80000000,24215.0000,mstock
2026-09-29 13:13:00,1192.80000000,1193.50000000,1192.80000000,1192.80000000,31910.0000,mstock
2026-09-29 13:14:00,1192.90000000,1193.30000000,1192.30000000,1192.60000000,61176.0000,mstock
2026-09-29 13:15:00,1192.90000000,1192.90000000,1191.90000000,1192.10000000,36372.0000,mstock
2026-09-29 13:16:00,1191.90000000,1192.40000000,1191.90000000,1192.10000000,33114.0000,mstock
2026-09-29 13:17:00,1192.00000000,1192.10000000,1191.70000000,1192.00000000,23042.0000,mstock
2026-09-29 13:18:00,1192.00000000,1192.10000000,1191.70000000,1191.70000000,25527.0000,mstock
2026-09-29 13:19:00,1192.00000000,1192.00000000,1190.20000000,1190.50000000,69363.0000,mstock
2026-09-29 13:20:00,1190.50000000,1190.50000000,1189.00000000,1189.10000000,72394.0000,mstock
2026-09-29 13:21:00,1188.80000000,1189.80000000,1188.80000000,1189.70000000,63575.0000,mstock
2026-09-29 13:22:00,1189.30000000,1189.40000000,1188.90000000,1189.10000000,31551.0000,mstock
2026-09-29 13:23:00,1189.20000000,1189.40000000,1188.50000000,1188.90000000,44616.0000,mstock
2026-09-29 13:24:00,1189.20000000,1189.30000000,1188.70000000,1189.00000000,34692.0000,mstock
2026-09-29 13:25:00,1189.00000000,1189.20000000,1188.60000000,1189.00000000,20166.0000,mstock
2026-09-29 13:26:00,1189.00000000,1189.50000000,1188.90000000,1189.00000000,25906.0000,mstock
2026-09-29 13:27:00,1189.00000000,1189.00000000,1188.70000000,1189.00000000,21586.0000,mstock
2026-09-29 13:28:00,1189.00000000,1189.20000000,1188.70000000,1189.00000000,39117.0000,mstock
2026-09-29 13:29:00,1189.00000000,1189.20000000,1188.90000000,1188.90000000,19486.0000,mstock
2026-09-29 13:30:00,1189.10000000,1189.10000000,1188.60000000,1188.90000000,15828.0000,mstock
2026-09-29 13:31:00,1188.90000000,1189.50000000,1188.60000000,1189.10000000,32216.0000,mstock
2026-09-29 13:32:00,1189.10000000,1190.00000000,1189.00000000,1189.60000000,32667.0000,mstock
2026-09-29 13:33:00,1189.60000000,1189.60000000,1188.90000000,1189.20000000,20132.0000,mstock
2026-09-29 13:34:00,1189.40000000,1189.80000000,1189.00000000,1189.60000000,23396.0000,mstock
2026-09-29 13:35:00,1189.60000000,1189.60000000,1189.00000000,1189.10000000,20036.0000,mstock
2026-09-29 13:36:00,1189.10000000,1190.10000000,1189.00000000,1189.50000000,36572.0000,mstock
2026-09-29 13:37:00,1189.50000000,1189.50000000,1189.00000000,1189.30000000,23574.0000,mstock
2026-09-29 13:38:00,1189.40000000,1189.40000000,1188.00000000,1188.60000000,75172.0000,mstock
2026-09-29 13:39:00,1188.40000000,1189.00000000,1187.80000000,1188.70000000,28916.0000,mstock
2026-09-29 13:40:00,1188.90000000,1189.00000000,1188.10000000,1189.00000000,30651.0000,mstock
2026-09-29 13:41:00,1188.80000000,1189.50000000,1188.50000000,1188.70000000,21452.0000,mstock
2026-09-29 13:42:00,1188.70000000,1189.00000000,1188.40000000,1188.50000000,17733.0000,mstock
2026-09-29 13:43:00,1188.90000000,1188.90000000,1188.30000000,1188.70000000,19201.0000,mstock
2026-09-29 13:44:00,1188.70000000,1188.80000000,1188.40000000,1188.50000000,13607.0000,mstock
2026-09-29 13:45:00,1188.70000000,1189.20000000,1188.70000000,1189.00000000,21981.0000,mstock
2026-09-29 13:46:00,1189.10000000,1189.10000000,1188.60000000,1188.60000000,19257.0000,mstock
2026-09-29 13:47:00,1188.70000000,1188.90000000,1188.40000000,1188.90000000,20171.0000,mstock
2026-09-29 13:48:00,1189.00000000,1189.30000000,1188.50000000,1188.80000000,17443.0000,mstock
2026-09-29 13:49:00,1188.80000000,1189.40000000,1188.50000000,1189.20000000,28937.0000,mstock
2026-09-29 13:50:00,1189.30000000,1189.40000000,1189.00000000,1189.30000000,22407.0000,mstock
2026-09-29 13:51:00,1189.30000000,1189.80000000,1189.10000000,1189.70000000,21302.0000,mstock
2026-09-29 13:52:00,1189.80000000,1189.80000000,1189.10000000,1189.60000000,27420.0000,mstock
2026-09-29 13:53:00,1189.60000000,1189.60000000,1188.90000000,1189.10000000,20075.0000,mstock
2026-09-29 13:54:00,1189.10000000,1189.20000000,1188.90000000,1189.00000000,24507.0000,mstock
2026-09-29 13:55:00,1189.00000000,1189.00000000,1188.70000000,1188.80000000,19545.0000,mstock
2026-09-29 13:56:00,1188.80000000,1189.10000000,1188.70000000,1188.90000000,24791.0000,mstock
2026-09-29 13:57:00,1188.90000000,1189.20000000,1188.50000000,1188.80000000,17176.0000,mstock
2026-09-29 13:58:00,1188.50000000,1188.80000000,1188.30000000,1188.70000000,30465.0000,mstock
2026-09-29 13:59:00,1188.70000000,1189.40000000,1188.50000000,1188.90000000,29252.0000,mstock
2026-09-29 14:00:00,1188.90000000,1189.00000000,1188.00000000,1188.10000000,22738.0000,mstock
2026-09-29 14:01:00,1188.00000000,1188.90000000,1187.60000000,1188.80000000,21402.0000,mstock
2026-09-29 14:02:00,1188.80000000,1189.30000000,1188.70000000,1189.20000000,28315.0000,mstock
2026-09-29 14:03:00,1189.10000000,1189.40000000,1188.80000000,1189.30000000,55783.0000,mstock
2026-09-29 14:04:00,1189.40000000,1189.70000000,1189.00000000,1189.40000000,56006.0000,mstock
2026-09-29 14:05:00,1189.40000000,1189.90000000,1189.20000000,1189.80000000,41484.0000,mstock
2026-09-29 14:06:00,1189.80000000,1189.90000000,1189.50000000,1189.70000000,21770.0000,mstock
2026-09-29 14:07:00,1189.80000000,1190.30000000,1189.50000000,1189.70000000,58461.0000,mstock
2026-09-29 14:08:00,1189.70000000,1190.30000000,1189.50000000,1190.00000000,30490.0000,mstock
2026-09-29 14:09:00,1190.00000000,1190.70000000,1189.80000000,1190.20000000,14774.0000,mstock
2026-09-29 14:10:00,1190.10000000,1191.00000000,1190.00000000,1190.50000000,49681.0000,mstock
2026-09-29 14:11:00,1190.50000000,1190.80000000,1189.90000000,1190.80000000,52973.0000,mstock
2026-09-29 14:12:00,1190.70000000,1190.80000000,1189.70000000,1190.00000000,55232.0000,mstock
2026-09-29 14:13:00,1190.30000000,1191.10000000,1190.00000000,1191.10000000,52287.0000,mstock
2026-09-29 14:14:00,1191.10000000,1191.50000000,1190.80000000,1191.10000000,24240.0000,mstock
2026-09-29 14:15:00,1190.60000000,1191.60000000,1190.60000000,1190.60000000,77595.0000,mstock
2026-09-29 14:16:00,1190.60000000,1191.20000000,1190.60000000,1190.90000000,28843.0000,mstock
2026-09-29 14:17:00,1190.90000000,1191.80000000,1190.80000000,1191.80000000,34317.0000,mstock
2026-09-29 14:18:00,1191.60000000,1192.70000000,1191.40000000,1191.90000000,35563.0000,mstock
2026-09-29 14:19:00,1191.90000000,1192.00000000,1191.20000000,1191.30000000,29496.0000,mstock
2026-09-29 14:20:00,1191.20000000,1191.50000000,1190.70000000,1191.00000000,23492.0000,mstock
2026-09-29 14:21:00,1191.00000000,1191.00000000,1190.70000000,1190.70000000,22145.0000,mstock
2026-09-29 14:22:00,1190.70000000,1191.00000000,1190.10000000,1190.50000000,34547.0000,mstock
2026-09-29 14:23:00,1190.50000000,1190.50000000,1190.10000000,1190.30000000,15282.0000,mstock
2026-09-29 14:24:00,1190.30000000,1190.30000000,1189.50000000,1190.00000000,35504.0000,mstock
2026-09-29 14:25:00,1189.70000000,1190.50000000,1189.30000000,1190.20000000,33670.0000,mstock
2026-09-29 14:26:00,1190.00000000,1190.40000000,1189.60000000,1190.00000000,20714.0000,mstock
2026-09-29 14:27:00,1190.10000000,1190.10000000,1189.20000000,1189.30000000,21892.0000,mstock
2026-09-29 14:28:00,1189.30000000,1189.90000000,1188.90000000,1189.90000000,45140.0000,mstock
2026-09-29 14:29:00,1189.80000000,1189.90000000,1189.50000000,1189.70000000,24254.0000,mstock
2026-09-29 14:30:00,1189.70000000,1190.80000000,1189.50000000,1190.80000000,39532.0000,mstock
2026-09-29 14:31:00,1190.70000000,1192.00000000,1190.60000000,1191.40000000,44729.0000,mstock
2026-09-29 14:32:00,1191.50000000,1191.50000000,1190.60000000,1190.60000000,22818.0000,mstock
2026-09-29 14:33:00,1190.70000000,1190.70000000,1188.60000000,1188.60000000,38179.0000,mstock
2026-09-29 14:34:00,1188.80000000,1189.30000000,1188.60000000,1189.00000000,56945.0000,mstock
2026-09-29 14:35:00,1189.10000000,1189.70000000,1188.90000000,1189.50000000,21670.0000,mstock
2026-09-29 14:36:00,1189.70000000,1190.10000000,1189.40000000,1189.70000000,29015.0000,mstock
2026-09-29 14:37:00,1189.70000000,1189.90000000,1189.50000000,1189.80000000,20613.0000,mstock
2026-09-29 14:38:00,1189.80000000,1190.10000000,1189.60000000,1189.60000000,23699.0000,mstock
2026-09-29 14:39:00,1189.90000000,1190.30000000,1189.50000000,1190.20000000,33359.0000,mstock
2026-09-29 14:40:00,1190.10000000,1190.10000000,1189.50000000,1190.00000000,21614.0000,mstock
2026-09-29 14:41:00,1190.00000000,1190.20000000,1189.70000000,1190.00000000,20257.0000,mstock
2026-09-29 14:42:00,1190.00000000,1190.10000000,1189.00000000,1189.30000000,29481.0000,mstock
2026-09-29 14:43:00,1189.30000000,1189.80000000,1189.10000000,1189.20000000,22468.0000,mstock
2026-09-29 14:44:00,1189.20000000,1189.40000000,1188.80000000,1189.20000000,41972.0000,mstock
2026-09-29 14:45:00,1189.20000000,1189.90000000,1188.80000000,1189.80000000,34997.0000,mstock
2026-09-29 14:46:00,1189.70000000,1189.90000000,1189.20000000,1189.80000000,44848.0000,mstock
2026-09-29 14:47:00,1189.70000000,1189.80000000,1189.30000000,1189.40000000,40208.0000,mstock
2026-09-29 14:48:00,1189.40000000,1189.40000000,1189.20000000,1189.30000000,24677.0000,mstock
2026-09-29 14:49:00,1189.50000000,1189.80000000,1189.20000000,1189.20000000,28472.0000,mstock
2026-09-29 14:50:00,1189.20000000,1189.60000000,1189.20000000,1189.30000000,41300.0000,mstock
2026-09-29 14:51:00,1189.30000000,1189.50000000,1189.00000000,1189.00000000,41536.0000,mstock
2026-09-29 14:52:00,1189.10000000,1189.50000000,1188.60000000,1189.30000000,46037.0000,mstock
2026-09-29 14:53:00,1189.50000000,1190.00000000,1188.70000000,1188.70000000,63927.0000,mstock
2026-09-29 14:54:00,1188.70000000,1189.50000000,1188.70000000,1188.90000000,58215.0000,mstock
2026-09-29 14:55:00,1188.90000000,1189.40000000,1188.50000000,1188.60000000,54397.0000,mstock
2026-09-29 14:56:00,1188.70000000,1188.80000000,1188.00000000,1188.00000000,74827.0000,mstock
2026-09-29 14:57:00,1188.00000000,1188.20000000,1187.10000000,1187.20000000,62821.0000,mstock
2026-09-29 14:58:00,1187.10000000,1187.20000000,1186.90000000,1187.00000000,62829.0000,mstock
2026-09-29 14:59:00,1187.30000000,1187.40000000,1186.60000000,1187.00000000,100401.0000,mstock
2026-09-29 15:00:00,1187.30000000,1187.90000000,1187.00000000,1187.30000000,71523.0000,mstock
2026-09-29 15:01:00,1187.40000000,1187.50000000,1186.50000000,1186.50000000,78743.0000,mstock
2026-09-29 15:02:00,1186.50000000,1187.20000000,1186.10000000,1186.80000000,88772.0000,mstock
2026-09-29 15:03:00,1186.60000000,1187.30000000,1186.50000000,1186.50000000,95389.0000,mstock
2026-09-29 15:04:00,1186.60000000,1186.70000000,1186.40000000,1186.60000000,70322.0000,mstock
2026-09-29 15:05:00,1186.50000000,1187.40000000,1186.50000000,1187.00000000,79964.0000,mstock
2026-09-29 15:06:00,1187.00000000,1187.40000000,1186.80000000,1186.80000000,92291.0000,mstock
2026-09-29 15:07:00,1186.90000000,1187.00000000,1186.60000000,1187.00000000,89911.0000,mstock
2026-09-29 15:08:00,1187.50000000,1188.40000000,1187.50000000,1187.70000000,128254.0000,mstock
2026-09-29 15:09:00,1187.70000000,1188.40000000,1187.20000000,1188.20000000,100493.0000,mstock
2026-09-29 15:10:00,1188.70000000,1189.40000000,1188.30000000,1189.10000000,136673.0000,mstock
2026-09-29 15:11:00,1189.50000000,1189.70000000,1189.00000000,1189.70000000,96970.0000,mstock
2026-09-29 15:12:00,1189.40000000,1189.80000000,1188.60000000,1189.10000000,120406.0000,mstock
2026-09-29 15:13:00,1188.90000000,1189.10000000,1188.40000000,1188.60000000,118233.0000,mstock
2026-09-29 15:14:00,1188.50000000,1188.60000000,1187.40000000,1187.40000000,57468.0000,mstock
2026-09-29 15:15:00,1188.00000000,1188.00000000,1188.00000000,1188.00000000,5408.0000,mstock
2026-09-29 15:20:00,1188.00000000,1188.00000000,1188.00000000,1188.00000000,0.0000,mstock
2026-09-29 15:21:00,1188.00000000,1188.00000000,1188.00000000,1188.00000000,560443.0000,mstock
2026-09-29 15:22:00,1188.00000000,1188.00000000,1188.00000000,1188.00000000,287594.0000,mstock
2026-09-29 15:23:00,1188.00000000,1188.00000000,1188.00000000,1188.00000000,101150.0000,mstock
2026-09-29 15:24:00,1188.00000000,1188.00000000,1188.00000000,1188.00000000,1452382.0000,mstock
2026-09-29 15:25:00,1188.00000000,1188.00000000,1188.00000000,1188.00000000,700902.0000,mstock
2026-09-29 15:26:00,1188.00000000,1188.00000000,1188.00000000,1188.00000000,2380.0000,mstock
2026-09-29 15:27:00,1188.00000000,1188.00000000,1188.00000000,1188.00000000,684.0000,mstock
2026-09-29 15:28:00,1188.00000000,1188.00000000,1188.00000000,1188.00000000,1278.0000,mstock
2026-09-29 15:29:00,1188.00000000,1188.00000000,1182.00000000,1182.00000000,16192575.0000,mstock
2026-09-30 09:15:00,1182.00000000,1186.50000000,1181.70000000,1185.00000000,285748.0000,mstock
2026-09-30 09:16:00,1185.00000000,1186.90000000,1184.40000000,1185.90000000,130291.0000,mstock
2026-09-30 09:17:00,1185.90000000,1187.90000000,1185.70000000,1187.40000000,147286.0000,mstock
2026-09-30 09:18:00,1187.70000000,1189.30000000,1187.40000000,1189.20000000,184269.0000,mstock
2026-09-30 09:19:00,1189.00000000,1190.50000000,1189.00000000,1190.00000000,136961.0000,mstock
2026-09-30 09:20:00,1190.00000000,1191.30000000,1189.60000000,1191.20000000,83230.0000,mstock
2026-09-30 09:21:00,1191.20000000,1191.30000000,1190.50000000,1191.10000000,56237.0000,mstock
2026-09-30 09:22:00,1191.10000000,1191.10000000,1190.20000000,1190.20000000,46332.0000,mstock
2026-09-30 09:23:00,1190.40000000,1191.90000000,1190.40000000,1191.90000000,64366.0000,mstock
2026-09-30 09:24:00,1192.30000000,1194.00000000,1192.30000000,1194.00000000,140961.0000,mstock
2026-09-30 09:25:00,1194.50000000,1196.50000000,1194.20000000,1195.10000000,127715.0000,mstock
2026-09-30 09:26:00,1194.70000000,1195.70000000,1194.30000000,1195.40000000,78325.0000,mstock
2026-09-30 09:27:00,1195.40000000,1195.70000000,1194.50000000,1194.50000000,80132.0000,mstock
2026-09-30 09:28:00,1194.50000000,1194.90000000,1193.60000000,1194.10000000,73745.0000,mstock
2026-09-30 09:29:00,1194.30000000,1194.50000000,1192.50000000,1192.80000000,50897.0000,mstock
2026-09-30 09:30:00,1192.80000000,1192.80000000,1192.20000000,1192.40000000,73342.0000,mstock
2026-09-30 09:31:00,1192.60000000,1192.60000000,1191.70000000,1192.30000000,37877.0000,mstock
2026-09-30 09:32:00,1192.20000000,1192.50000000,1192.10000000,1192.10000000,18437.0000,mstock
2026-09-30 09:33:00,1192.00000000,1192.00000000,1191.20000000,1191.30000000,33436.0000,mstock
2026-09-30 09:34:00,1191.30000000,1192.40000000,1191.30000000,1192.30000000,43737.0000,mstock
2026-09-30 09:35:00,1192.20000000,1192.50000000,1192.10000000,1192.50000000,41071.0000,mstock
2026-09-30 09:36:00,1192.60000000,1192.60000000,1191.50000000,1191.50000000,44198.0000,mstock
2026-09-30 09:37:00,1191.60000000,1192.40000000,1191.60000000,1192.40000000,38020.0000,mstock
2026-09-30 09:38:00,1192.30000000,1192.60000000,1192.20000000,1192.60000000,18119.0000,mstock
2026-09-30 09:39:00,1193.50000000,1193.50000000,1192.30000000,1192.80000000,53909.0000,mstock
2026-09-30 09:40:00,1192.80000000,1193.00000000,1192.40000000,1192.50000000,18667.0000,mstock
2026-09-30 09:41:00,1192.50000000,1192.70000000,1192.40000000,1192.70000000,28365.0000,mstock
2026-09-30 09:42:00,1192.70000000,1193.30000000,1192.50000000,1193.30000000,40716.0000,mstock
2026-09-30 09:43:00,1193.10000000,1193.20000000,1192.80000000,1193.00000000,22073.0000,mstock
2026-09-30 09:44:00,1192.80000000,1192.90000000,1192.70000000,1192.80000000,18717.0000,mstock
2026-09-30 09:45:00,1192.90000000,1193.90000000,1192.80000000,1193.70000000,48544.0000,mstock
2026-09-30 09:46:00,1193.20000000,1193.50000000,1192.20000000,1192.50000000,49268.0000,mstock
2026-09-30 09:47:00,1192.50000000,1192.50000000,1191.90000000,1192.10000000,25023.0000,mstock
2026-09-30 09:48:00,1192.10000000,1192.90000000,1191.60000000,1192.40000000,48388.0000,mstock
2026-09-30 09:49:00,1192.40000000,1192.40000000,1191.00000000,1191.00000000,23011.0000,mstock
2026-09-30 09:50:00,1191.10000000,1191.60000000,1191.10000000,1191.50000000,24461.0000,mstock
2026-09-30 09:51:00,1191.30000000,1191.30000000,1190.10000000,1190.20000000,36700.0000,mstock
2026-09-30 09:52:00,1190.20000000,1190.50000000,1189.70000000,1189.90000000,45419.0000,mstock
2026-09-30 09:53:00,1189.80000000,1190.70000000,1189.80000000,1190.70000000,27517.0000,mstock
2026-09-30 09:54:00,1190.70000000,1192.00000000,1190.70000000,1192.00000000,28613.0000,mstock
2026-09-30 09:55:00,1192.30000000,1192.30000000,1190.60000000,1191.30000000,66411.0000,mstock
2026-09-30 09:56:00,1191.40000000,1192.20000000,1191.30000000,1192.10000000,22087.0000,mstock
2026-09-30 09:57:00,1192.10000000,1192.10000000,1191.50000000,1191.60000000,32474.0000,mstock
2026-09-30 09:58:00,1191.60000000,1191.80000000,1191.60000000,1191.70000000,10443.0000,mstock
2026-09-30 09:59:00,1191.70000000,1192.30000000,1191.30000000,1191.30000000,27172.0000,mstock
2026-09-30 10:00:00,1191.40000000,1191.40000000,1190.30000000,1190.40000000,22293.0000,mstock
2026-09-30 10:01:00,1190.40000000,1191.20000000,1190.40000000,1190.80000000,36587.0000,mstock
2026-09-30 10:02:00,1190.80000000,1190.90000000,1190.20000000,1190.30000000,8907.0000,mstock
2026-09-30 10:03:00,1190.30000000,1190.60000000,1190.10000000,1190.10000000,35060.0000,mstock
2026-09-30 10:04:00,1190.00000000,1190.40000000,1190.00000000,1190.40000000,11847.0000,mstock
2026-09-30 10:05:00,1190.40000000,1191.40000000,1190.40000000,1191.40000000,19235.0000,mstock
2026-09-30 10:06:00,1191.40000000,1192.20000000,1191.30000000,1191.50000000,37584.0000,mstock
2026-09-30 10:07:00,1191.40000000,1191.40000000,1190.80000000,1191.20000000,18041.0000,mstock
2026-09-30 10:08:00,1191.10000000,1191.20000000,1190.30000000,1190.80000000,26411.0000,mstock
2026-09-30 10:09:00,1190.80000000,1191.00000000,1190.70000000,1190.80000000,8332.0000,mstock
2026-09-30 10:10:00,1190.80000000,1190.80000000,1190.70000000,1190.80000000,7348.0000,mstock
2026-09-30 10:11:00,1190.80000000,1191.30000000,1190.80000000,1191.20000000,20261.0000,mstock
2026-09-30 10:12:00,1191.20000000,1191.20000000,1191.10000000,1191.20000000,7141.0000,mstock
2026-09-30 10:13:00,1191.20000000,1191.20000000,1190.90000000,1190.90000000,11174.0000,mstock
2026-09-30 10:14:00,1190.90000000,1192.00000000,1190.90000000,1192.00000000,44801.0000,mstock
2026-09-30 10:15:00,1192.10000000,1192.40000000,1191.80000000,1191.80000000,40594.0000,mstock
2026-09-30 10:16:00,1191.60000000,1192.40000000,1191.40000000,1192.40000000,20718.0000,mstock
2026-09-30 10:17:00,1192.50000000,1192.60000000,1192.30000000,1192.30000000,14911.0000,mstock
2026-09-30 10:18:00,1192.50000000,1192.50000000,1192.10000000,1192.10000000,25178.0000,mstock
2026-09-30 10:19:00,1192.60000000,1192.90000000,1192.50000000,1192.90000000,23334.0000,mstock
2026-09-30 10:20:00,1192.80000000,1193.10000000,1192.10000000,1192.60000000,49892.0000,mstock
2026-09-30 10:21:00,1193.10000000,1193.70000000,1193.10000000,1193.40000000,45774.0000,mstock
2026-09-30 10:22:00,1193.20000000,1193.50000000,1192.50000000,1193.50000000,33425.0000,mstock
2026-09-30 10:23:00,1193.50000000,1193.80000000,1192.50000000,1192.80000000,20677.0000,mstock
2026-09-30 10:24:00,1192.80000000,1192.80000000,1192.40000000,1192.50000000,10139.0000,mstock
2026-09-30 10:25:00,1192.40000000,1192.90000000,1192.40000000,1192.80000000,29253.0000,mstock
2026-09-30 10:26:00,1193.00000000,1193.80000000,1193.00000000,1193.80000000,37676.0000,mstock
2026-09-30 10:27:00,1193.70000000,1193.90000000,1192.70000000,1192.90000000,23142.0000,mstock
2026-09-30 10:28:00,1192.90000000,1193.40000000,1192.70000000,1193.40000000,37935.0000,mstock
2026-09-30 10:29:00,1193.30000000,1193.80000000,1193.30000000,1193.60000000,16764.0000,mstock
2026-09-30 10:30:00,1193.60000000,1193.60000000,1193.10000000,1193.20000000,15351.0000,mstock
2026-09-30 10:31:00,1193.10000000,1193.50000000,1192.70000000,1192.70000000,32908.0000,mstock
2026-09-30 10:32:00,1192.60000000,1193.10000000,1192.30000000,1192.70000000,46856.0000,mstock
2026-09-30 10:33:00,1192.70000000,1192.90000000,1191.00000000,1191.40000000,46053.0000,mstock
2026-09-30 10:34:00,1191.40000000,1191.50000000,1190.00000000,1190.60000000,30191.0000,mstock
2026-09-30 10:35:00,1190.60000000,1190.70000000,1190.30000000,1190.70000000,52897.0000,mstock
2026-09-30 10:36:00,1191.20000000,1192.10000000,1191.20000000,1191.40000000,26958.0000,mstock
2026-09-30 10:37:00,1191.40000000,1191.80000000,1190.40000000,1191.70000000,26717.0000,mstock
2026-09-30 10:38:00,1191.70000000,1192.70000000,1191.50000000,1192.70000000,24410.0000,mstock
2026-09-30 10:39:00,1192.70000000,1192.70000000,1191.60000000,1192.40000000,46280.0000,mstock
2026-09-30 10:40:00,1192.60000000,1193.10000000,1192.20000000,1192.30000000,49914.0000,mstock
2026-09-30 10:41:00,1192.30000000,1192.30000000,1191.80000000,1192.20000000,17813.0000,mstock
2026-09-30 10:42:00,1192.20000000,1193.50000000,1192.20000000,1193.00000000,48224.0000,mstock
2026-09-30 10:43:00,1193.00000000,1193.10000000,1192.00000000,1192.10000000,34631.0000,mstock
2026-09-30 10:44:00,1192.10000000,1192.10000000,1191.40000000,1191.70000000,21542.0000,mstock
2026-09-30 10:45:00,1191.60000000,1191.80000000,1191.10000000,1191.10000000,25768.0000,mstock
2026-09-30 10:46:00,1191.40000000,1191.40000000,1190.50000000,1190.50000000,25982.0000,mstock
2026-09-30 10:47:00,1190.50000000,1191.70000000,1190.30000000,1191.50000000,67991.0000,mstock
2026-09-30 10:48:00,1191.50000000,1191.50000000,1191.20000000,1191.20000000,16410.0000,mstock
2026-09-30 10:49:00,1191.20000000,1191.50000000,1191.20000000,1191.50000000,21596.0000,mstock
2026-09-30 10:50:00,1191.40000000,1191.40000000,1191.10000000,1191.20000000,11843.0000,mstock
2026-09-30 10:51:00,1191.20000000,1191.20000000,1191.10000000,1191.20000000,10369.0000,mstock
2026-09-30 10:52:00,1191.20000000,1191.20000000,1190.60000000,1190.80000000,20403.0000,mstock
2026-09-30 10:53:00,1190.80000000,1191.20000000,1190.80000000,1191.20000000,21447.0000,mstock
2026-09-30 10:54:00,1191.20000000,1191.20000000,1190.50000000,1190.60000000,20368.0000,mstock
2026-09-30 10:55:00,1190.70000000,1191.10000000,1190.70000000,1190.90000000,26572.0000,mstock
2026-09-30 10:56:00,1190.80000000,1190.80000000,1190.50000000,1190.50000000,15361.0000,mstock
2026-09-30 10:57:00,1190.50000000,1190.50000000,1188.80000000,1188.80000000,62417.0000,mstock
2026-09-30 10:58:00,1189.00000000,1189.30000000,1188.50000000,1188.60000000,29347.0000,mstock
2026-09-30 10:59:00,1188.60000000,1188.90000000,1188.40000000,1188.50000000,29543.0000,mstock
2026-09-30 11:00:00,1188.40000000,1189.50000000,1188.30000000,1189.50000000,22726.0000,mstock
2026-09-30 11:01:00,1189.50000000,1189.90000000,1189.40000000,1189.90000000,19755.0000,mstock
2026-09-30 11:02:00,1189.90000000,1190.70000000,1189.80000000,1190.40000000,22835.0000,mstock
2026-09-30 11:03:00,1190.40000000,1190.60000000,1189.90000000,1190.50000000,36406.0000,mstock
2026-09-30 11:04:00,1190.40000000,1190.50000000,1190.00000000,1190.10000000,12511.0000,mstock
2026-09-30 11:05:00,1190.10000000,1190.20000000,1189.60000000,1190.00000000,20064.0000,mstock
2026-09-30 11:06:00,1190.20000000,1190.60000000,1190.10000000,1190.50000000,22552.0000,mstock
2026-09-30 11:07:00,1190.50000000,1191.40000000,1190.30000000,1190.40000000,62171.0000,mstock
2026-09-30 11:08:00,1190.60000000,1191.00000000,1190.30000000,1190.30000000,18380.0000,mstock
2026-09-30 11:09:00,1190.40000000,1190.60000000,1189.70000000,1190.10000000,14236.0000,mstock
2026-09-30 11:10:00,1190.10000000,1190.30000000,1189.70000000,1190.00000000,32554.0000,mstock
2026-09-30 11:11:00,1190.00000000,1190.10000000,1189.50000000,1189.80000000,11693.0000,mstock
2026-09-30 11:12:00,1189.70000000,1189.70000000,1189.40000000,1189.50000000,10826.0000,mstock
2026-09-30 11:13:00,1189.40000000,1189.60000000,1189.10000000,1189.20000000,11538.0000,mstock
2026-09-30 11:14:00,1189.30000000,1189.30000000,1189.00000000,1189.20000000,12051.0000,mstock
2026-09-30 11:15:00,1189.10000000,1189.10000000,1188.20000000,1189.00000000,38281.0000,mstock
2026-09-30 11:16:00,1188.70000000,1188.90000000,1188.20000000,1188.50000000,19933.0000,mstock
2026-09-30 11:17:00,1188.60000000,1188.80000000,1188.50000000,1188.50000000,10454.0000,mstock
2026-09-30 11:18:00,1188.50000000,1189.70000000,1188.50000000,1189.40000000,35432.0000,mstock
2026-09-30 11:19:00,1189.30000000,1189.50000000,1188.90000000,1189.20000000,16087.0000,mstock
2026-09-30 11:20:00,1188.90000000,1189.50000000,1188.90000000,1189.50000000,34810.0000,mstock
2026-09-30 11:21:00,1189.40000000,1189.50000000,1188.80000000,1188.90000000,13195.0000,mstock
2026-09-30 11:22:00,1189.00000000,1189.50000000,1188.90000000,1189.10000000,17445.0000,mstock
2026-09-30 11:23:00,1189.00000000,1189.20000000,1188.90000000,1189.10000000,7542.0000,mstock
2026-09-30 11:24:00,1189.20000000,1189.40000000,1188.90000000,1189.20000000,19027.0000,mstock
2026-09-30 11:25:00,1189.30000000,1190.80000000,1189.20000000,1190.20000000,55215.0000,mstock
2026-09-30 11:26:00,1190.40000000,1190.40000000,1189.50000000,1189.80000000,82292.0000,mstock
2026-09-30 11:27:00,1189.90000000,1190.80000000,1189.90000000,1190.60000000,44408.0000,mstock
2026-09-30 11:28:00,1190.70000000,1191.90000000,1190.50000000,1191.80000000,27649.0000,mstock
2026-09-30 11:29:00,1191.90000000,1192.50000000,1191.60000000,1191.60000000,30548.0000,mstock
2026-09-30 11:30:00,1191.30000000,1191.40000000,1190.10000000,1191.00000000,17140.0000,mstock
2026-09-30 11:31:00,1191.00000000,1191.50000000,1190.80000000,1191.00000000,17322.0000,mstock
2026-09-30 11:32:00,1190.80000000,1191.00000000,1190.80000000,1191.00000000,4655.0000,mstock
2026-09-30 11:33:00,1191.00000000,1191.10000000,1190.70000000,1191.10000000,12251.0000,mstock
2026-09-30 11:34:00,1191.10000000,1191.60000000,1190.90000000,1191.20000000,15244.0000,mstock
2026-09-30 11:35:00,1191.20000000,1191.60000000,1191.10000000,1191.50000000,17131.0000,mstock
2026-09-30 11:36:00,1191.60000000,1191.60000000,1190.80000000,1190.90000000,22598.0000,mstock
2026-09-30 11:37:00,1190.80000000,1191.00000000,1190.50000000,1191.00000000,13554.0000,mstock
2026-09-30 11:38:00,1191.00000000,1191.50000000,1190.80000000,1190.80000000,14426.0000,mstock
2026-09-30 11:39:00,1190.80000000,1190.90000000,1190.10000000,1190.30000000,9079.0000,mstock
2026-09-30 11:40:00,1190.20000000,1190.50000000,1190.00000000,1190.10000000,23038.0000,mstock
2026-09-30 11:41:00,1190.10000000,1190.50000000,1190.00000000,1190.50000000,17817.0000,mstock
2026-09-30 11:42:00,1190.50000000,1191.90000000,1190.40000000,1191.90000000,23767.0000,mstock
2026-09-30 11:43:00,1192.00000000,1192.50000000,1191.50000000,1192.00000000,28452.0000,mstock
2026-09-30 11:44:00,1192.10000000,1192.10000000,1191.90000000,1192.00000000,12114.0000,mstock
2026-09-30 11:45:00,1192.00000000,1192.40000000,1191.90000000,1192.20000000,17637.0000,mstock
2026-09-30 11:46:00,1192.30000000,1192.40000000,1191.90000000,1192.00000000,9514.0000,mstock
2026-09-30 11:47:00,1191.90000000,1192.20000000,1191.90000000,1192.10000000,10530.0000,mstock
2026-09-30 11:48:00,1192.00000000,1192.40000000,1192.00000000,1192.30000000,12209.0000,mstock
2026-09-30 11:49:00,1192.30000000,1194.10000000,1192.30000000,1193.60000000,39582.0000,mstock
2026-09-30 11:50:00,1193.60000000,1193.90000000,1193.40000000,1193.40000000,14190.0000,mstock
2026-09-30 11:51:00,1193.40000000,1193.50000000,1192.90000000,1192.90000000,12353.0000,mstock
2026-09-30 11:52:00,1192.90000000,1193.00000000,1192.00000000,1192.00000000,52003.0000,mstock
2026-09-30 11:53:00,1192.00000000,1192.40000000,1191.70000000,1192.30000000,14660.0000,mstock
2026-09-30 11:54:00,1192.30000000,1192.80000000,1191.80000000,1191.90000000,12734.0000,mstock
2026-09-30 11:55:00,1191.90000000,1192.70000000,1191.80000000,1192.50000000,18275.0000,mstock
2026-09-30 11:56:00,1192.50000000,1192.90000000,1192.40000000,1192.70000000,10232.0000,mstock
2026-09-30 11:57:00,1192.60000000,1193.00000000,1192.60000000,1192.70000000,14353.0000,mstock
2026-09-30 11:58:00,1192.80000000,1192.80000000,1192.30000000,1192.60000000,9860.0000,mstock
2026-09-30 11:59:00,1192.50000000,1193.50000000,1192.00000000,1192.50000000,80157.0000,mstock
2026-09-30 12:00:00,1192.90000000,1194.40000000,1192.60000000,1193.10000000,157483.0000,mstock
2026-09-30 12:01:00,1193.10000000,1193.80000000,1192.90000000,1193.00000000,13318.0000,mstock
2026-09-30 12:02:00,1193.00000000,1193.40000000,1192.90000000,1193.40000000,10451.0000,mstock
2026-09-30 12:03:00,1193.30000000,1193.40000000,1192.70000000,1192.70000000,10184.0000,mstock
2026-09-30 12:04:00,1192.70000000,1192.80000000,1192.50000000,1192.60000000,6669.0000,mstock
2026-09-30 12:05:00,1192.60000000,1192.60000000,1191.70000000,1191.70000000,9454.0000,mstock
2026-09-30 12:06:00,1191.70000000,1192.00000000,1191.30000000,1192.00000000,23004.0000,mstock
2026-09-30 12:07:00,1192.20000000,1192.60000000,1192.00000000,1192.20000000,7087.0000,mstock
2026-09-30 12:08:00,1192.20000000,1192.80000000,1192.00000000,1192.30000000,17361.0000,mstock
2026-09-30 12:09:00,1192.30000000,1192.50000000,1192.00000000,1192.50000000,16095.0000,mstock
2026-09-30 12:10:00,1192.50000000,1192.60000000,1192.10000000,1192.30000000,10925.0000,mstock
2026-09-30 12:11:00,1192.20000000,1192.30000000,1190.50000000,1191.00000000,74310.0000,mstock
2026-09-30 12:12:00,1190.60000000,1192.60000000,1190.60000000,1192.10000000,88301.0000,mstock
2026-09-30 12:13:00,1192.10000000,1192.50000000,1191.30000000,1191.90000000,21492.0000,mstock
2026-09-30 12:14:00,1191.70000000,1191.90000000,1190.80000000,1190.80000000,14615.0000,mstock
2026-09-30 12:15:00,1190.90000000,1190.90000000,1190.00000000,1190.40000000,43065.0000,mstock
2026-09-30 12:16:00,1190.40000000,1191.20000000,1190.00000000,1190.70000000,84657.0000,mstock
2026-09-30 12:17:00,1190.80000000,1191.20000000,1190.10000000,1190.20000000,9937.0000,mstock
2026-09-30 12:18:00,1190.20000000,1191.20000000,1189.60000000,1190.20000000,24698.0000,mstock
2026-09-30 12:19:00,1189.70000000,1190.30000000,1189.70000000,1190.20000000,12212.0000,mstock
2026-09-30 12:20:00,1190.20000000,1190.50000000,1190.20000000,1190.50000000,7727.0000,mstock
2026-09-30 12:21:00,1190.40000000,1191.60000000,1190.40000000,1190.70000000,24731.0000,mstock
2026-09-30 12:22:00,1190.70000000,1191.90000000,1190.60000000,1191.50000000,15723.0000,mstock
2026-09-30 12:23:00,1191.60000000,1192.50000000,1191.50000000,1192.10000000,17352.0000,mstock
2026-09-30 12:24:00,1192.30000000,1192.50000000,1191.40000000,1191.60000000,17839.0000,mstock
2026-09-30 12:25:00,1191.70000000,1191.80000000,1191.50000000,1191.50000000,8866.0000,mstock
2026-09-30 12:26:00,1191.60000000,1192.30000000,1191.50000000,1191.90000000,12995.0000,mstock
2026-09-30 12:27:00,1192.00000000,1192.10000000,1191.70000000,1191.80000000,12133.0000,mstock
2026-09-30 12:28:00,1191.80000000,1192.70000000,1191.70000000,1192.40000000,15837.0000,mstock
2026-09-30 12:29:00,1192.50000000,1192.50000000,1191.80000000,1191.90000000,8965.0000,mstock
2026-09-30 12:30:00,1192.00000000,1192.10000000,1191.60000000,1191.80000000,10683.0000,mstock
2026-09-30 12:31:00,1191.90000000,1191.90000000,1191.70000000,1191.80000000,6873.0000,mstock
2026-09-30 12:32:00,1191.80000000,1191.90000000,1191.70000000,1191.80000000,15088.0000,mstock
2026-09-30 12:33:00,1191.80000000,1192.10000000,1191.70000000,1191.90000000,15934.0000,mstock
2026-09-30 12:34:00,1192.00000000,1192.10000000,1191.70000000,1191.70000000,17938.0000,mstock
2026-09-30 12:35:00,1191.70000000,1192.70000000,1191.70000000,1192.20000000,16795.0000,mstock
2026-09-30 12:36:00,1192.20000000,1192.30000000,1191.90000000,1192.10000000,11108.0000,mstock
2026-09-30 12:37:00,1192.00000000,1192.80000000,1192.00000000,1192.70000000,7245.0000,mstock
2026-09-30 12:38:00,1192.90000000,1193.30000000,1192.40000000,1193.00000000,18635.0000,mstock
2026-09-30 12:39:00,1193.20000000,1193.40000000,1192.00000000,1192.10000000,13944.0000,mstock
2026-09-30 12:40:00,1192.10000000,1192.60000000,1191.90000000,1192.30000000,10338.0000,mstock
2026-09-30 12:41:00,1192.40000000,1192.50000000,1191.90000000,1192.00000000,9119.0000,mstock
2026-09-30 12:42:00,1191.90000000,1192.50000000,1191.90000000,1192.50000000,9788.0000,mstock
2026-09-30 12:43:00,1192.40000000,1192.70000000,1192.30000000,1192.30000000,11342.0000,mstock
2026-09-30 12:44:00,1192.40000000,1192.40000000,1191.90000000,1192.00000000,9026.0000,mstock
2026-09-30 12:45:00,1192.00000000,1192.30000000,1192.00000000,1192.00000000,17843.0000,mstock
2026-09-30 12:46:00,1192.00000000,1194.20000000,1192.00000000,1194.10000000,39029.0000,mstock
2026-09-30 12:47:00,1194.10000000,1194.70000000,1193.50000000,1193.70000000,28166.0000,mstock
2026-09-30 12:48:00,1194.20000000,1194.80000000,1194.10000000,1194.40000000,32235.0000,mstock
2026-09-30 12:49:00,1194.40000000,1194.50000000,1193.70000000,1193.80000000,18316.0000,mstock
2026-09-30 12:50:00,1193.70000000,1193.80000000,1193.50000000,1193.50000000,12216.0000,mstock
2026-09-30 12:51:00,1193.50000000,1193.50000000,1193.20000000,1193.50000000,13338.0000,mstock
2026-09-30 12:52:00,1193.40000000,1193.60000000,1192.60000000,1193.20000000,20337.0000,mstock
2026-09-30 12:53:00,1193.30000000,1193.40000000,1192.60000000,1193.00000000,12796.0000,mstock
2026-09-30 12:54:00,1193.10000000,1193.20000000,1192.30000000,1192.30000000,14566.0000,mstock
2026-09-30 12:55:00,1192.30000000,1193.10000000,1192.30000000,1192.90000000,16098.0000,mstock
2026-09-30 12:56:00,1192.90000000,1193.00000000,1192.70000000,1192.90000000,9042.0000,mstock
2026-09-30 12:57:00,1193.00000000,1193.00000000,1192.90000000,1193.00000000,13036.0000,mstock
2026-09-30 12:58:00,1193.00000000,1193.00000000,1191.50000000,1192.50000000,29927.0000,mstock
2026-09-30 12:59:00,1192.50000000,1193.00000000,1192.20000000,1192.60000000,16118.0000,mstock
2026-09-30 13:00:00,1192.60000000,1193.00000000,1192.50000000,1192.80000000,12885.0000,mstock
2026-09-30 13:01:00,1192.90000000,1192.90000000,1192.30000000,1192.80000000,13478.0000,mstock
2026-09-30 13:02:00,1192.70000000,1193.40000000,1192.70000000,1193.30000000,35650.0000,mstock
2026-09-30 13:03:00,1193.30000000,1193.40000000,1192.70000000,1193.00000000,56032.0000,mstock
2026-09-30 13:04:00,1193.20000000,1193.30000000,1192.20000000,1192.50000000,31111.0000,mstock
2026-09-30 13:05:00,1192.50000000,1193.20000000,1192.50000000,1192.60000000,101384.0000,mstock
2026-09-30 13:06:00,1192.60000000,1193.00000000,1192.60000000,1192.80000000,19360.0000,mstock
2026-09-30 13:07:00,1192.80000000,1192.90000000,1192.70000000,1192.80000000,14538.0000,mstock
2026-09-30 13:08:00,1192.80000000,1193.00000000,1192.70000000,1192.90000000,14363.0000,mstock
2026-09-30 13:09:00,1192.90000000,1193.50000000,1192.80000000,1193.20000000,19967.0000,mstock
2026-09-30 13:10:00,1193.30000000,1193.50000000,1193.10000000,1193.30000000,15381.0000,mstock
2026-09-30 13:11:00,1193.30000000,1193.40000000,1193.00000000,1193.40000000,13113.0000,mstock
2026-09-30 13:12:00,1193.50000000,1193.80000000,1193.00000000,1193.20000000,76423.0000,mstock
2026-09-30 13:13:00,1193.30000000,1193.40000000,1193.10000000,1193.10000000,20035.0000,mstock
2026-09-30 13:14:00,1193.20000000,1193.50000000,1193.00000000,1193.10000000,23622.0000,mstock
2026-09-30 13:15:00,1193.10000000,1194.00000000,1193.10000000,1193.60000000,33147.0000,mstock
2026-09-30 13:16:00,1193.50000000,1194.10000000,1193.50000000,1193.70000000,16929.0000,mstock
2026-09-30 13:17:00,1193.90000000,1194.30000000,1193.90000000,1194.00000000,13615.0000,mstock
2026-09-30 13:18:00,1194.10000000,1194.40000000,1193.90000000,1194.00000000,12213.0000,mstock
2026-09-30 13:19:00,1194.10000000,1194.40000000,1194.00000000,1194.10000000,14481.0000,mstock
2026-09-30 13:20:00,1194.20000000,1194.40000000,1193.60000000,1194.00000000,19459.0000,mstock
2026-09-30 13:21:00,1193.90000000,1193.90000000,1193.50000000,1193.70000000,25627.0000,mstock
2026-09-30 13:22:00,1193.50000000,1193.70000000,1193.50000000,1193.60000000,15917.0000,mstock
2026-09-30 13:23:00,1193.60000000,1194.00000000,1193.50000000,1193.90000000,11071.0000,mstock
2026-09-30 13:24:00,1193.70000000,1194.00000000,1193.70000000,1194.00000000,12789.0000,mstock
2026-09-30 13:25:00,1194.00000000,1194.00000000,1193.60000000,1193.70000000,50209.0000,mstock
2026-09-30 13:26:00,1193.30000000,1193.90000000,1193.30000000,1193.60000000,12581.0000,mstock
2026-09-30 13:27:00,1193.50000000,1193.90000000,1193.40000000,1193.90000000,12784.0000,mstock
2026-09-30 13:28:00,1193.60000000,1193.90000000,1193.20000000,1193.80000000,31806.0000,mstock
2026-09-30 13:29:00,1193.80000000,1193.80000000,1192.50000000,1193.20000000,31922.0000,mstock
2026-09-30 13:30:00,1193.20000000,1193.60000000,1192.90000000,1193.30000000,12634.0000,mstock
2026-09-30 13:31:00,1193.30000000,1193.70000000,1193.30000000,1193.70000000,14107.0000,mstock
2026-09-30 13:32:00,1193.70000000,1193.90000000,1193.40000000,1193.40000000,17959.0000,mstock
2026-09-30 13:33:00,1193.30000000,1193.50000000,1193.10000000,1193.50000000,24065.0000,mstock
2026-09-30 13:34:00,1193.50000000,1193.50000000,1193.30000000,1193.50000000,11128.0000,mstock
2026-09-30 13:35:00,1193.50000000,1193.50000000,1192.90000000,1192.90000000,21746.0000,mstock
2026-09-30 13:36:00,1192.90000000,1193.20000000,1192.90000000,1193.00000000,13770.0000,mstock
2026-09-30 13:37:00,1193.10000000,1193.30000000,1192.70000000,1192.80000000,10686.0000,mstock
2026-09-30 13:38:00,1192.70000000,1192.90000000,1192.60000000,1192.60000000,16734.0000,mstock
2026-09-30 13:39:00,1192.80000000,1193.10000000,1192.60000000,1192.70000000,20865.0000,mstock
2026-09-30 13:40:00,1192.70000000,1193.30000000,1192.40000000,1192.60000000,32855.0000,mstock
2026-09-30 13:41:00,1192.80000000,1192.80000000,1192.20000000,1192.40000000,21624.0000,mstock
2026-09-30 13:42:00,1192.50000000,1193.10000000,1192.50000000,1193.10000000,42331.0000,mstock
2026-09-30 13:43:00,1193.10000000,1193.10000000,1191.50000000,1191.50000000,19963.0000,mstock
2026-09-30 13:44:00,1191.70000000,1191.90000000,1190.20000000,1190.20000000,66575.0000,mstock
2026-09-30 13:45:00,1190.00000000,1190.20000000,1189.10000000,1190.00000000,67881.0000,mstock
2026-09-30 13:46:00,1190.00000000,1190.00000000,1189.60000000,1190.00000000,20200.0000,mstock
2026-09-30 13:47:00,1190.00000000,1190.10000000,1189.20000000,1189.40000000,68548.0000,mstock
2026-09-30 13:48:00,1189.30000000,1190.00000000,1189.20000000,1189.30000000,17893.0000,mstock
2026-09-30 13:49:00,1189.60000000,1189.60000000,1187.80000000,1188.20000000,38232.0000,mstock
2026-09-30 13:50:00,1188.20000000,1189.70000000,1188.10000000,1189.60000000,41561.0000,mstock
2026-09-30 13:51:00,1189.70000000,1190.00000000,1189.60000000,1189.90000000,20234.0000,mstock
2026-09-30 13:52:00,1189.90000000,1190.00000000,1189.00000000,1189.10000000,23991.0000,mstock
2026-09-30 13:53:00,1189.10000000,1189.90000000,1189.00000000,1189.10000000,15654.0000,mstock
2026-09-30 13:54:00,1189.20000000,1189.90000000,1189.10000000,1189.70000000,14875.0000,mstock
2026-09-30 13:55:00,1189.70000000,1190.00000000,1189.70000000,1189.80000000,21827.0000,mstock
2026-09-30 13:56:00,1189.90000000,1190.70000000,1189.80000000,1190.50000000,38738.0000,mstock
2026-09-30 13:57:00,1190.60000000,1191.30000000,1190.50000000,1191.10000000,34889.0000,mstock
2026-09-30 13:58:00,1191.40000000,1191.50000000,1191.10000000,1191.20000000,23555.0000,mstock
2026-09-30 13:59:00,1191.20000000,1191.30000000,1190.70000000,1190.80000000,28828.0000,mstock
2026-09-30 14:00:00,1190.80000000,1190.80000000,1190.00000000,1190.30000000,23502.0000,mstock
2026-09-30 14:01:00,1190.10000000,1190.50000000,1190.10000000,1190.20000000,10902.0000,mstock
2026-09-30 14:02:00,1190.30000000,1190.70000000,1190.30000000,1190.30000000,11828.0000,mstock
2026-09-30 14:03:00,1190.30000000,1190.60000000,1190.10000000,1190.40000000,16127.0000,mstock
2026-09-30 14:04:00,1190.60000000,1190.90000000,1190.40000000,1190.90000000,14244.0000,mstock
2026-09-30 14:05:00,1190.90000000,1190.90000000,1190.10000000,1190.10000000,14120.0000,mstock
2026-09-30 14:06:00,1190.20000000,1190.20000000,1189.90000000,1190.20000000,27440.0000,mstock
2026-09-30 14:07:00,1190.00000000,1190.40000000,1189.90000000,1190.20000000,14462.0000,mstock
2026-09-30 14:08:00,1190.40000000,1190.40000000,1189.80000000,1190.00000000,21789.0000,mstock
2026-09-30 14:09:00,1190.00000000,1190.40000000,1189.40000000,1189.40000000,16504.0000,mstock
2026-09-30 14:10:00,1189.60000000,1189.60000000,1189.10000000,1189.40000000,13037.0000,mstock
2026-09-30 14:11:00,1189.40000000,1189.40000000,1189.10000000,1189.30000000,22444.0000,mstock
2026-09-30 14:12:00,1189.30000000,1189.30000000,1189.00000000,1189.00000000,16073.0000,mstock
2026-09-30 14:13:00,1188.90000000,1189.20000000,1188.70000000,1189.10000000,15120.0000,mstock
2026-09-30 14:14:00,1189.10000000,1189.10000000,1188.50000000,1188.50000000,12078.0000,mstock
2026-09-30 14:15:00,1188.50000000,1188.60000000,1188.30000000,1188.50000000,31695.0000,mstock
2026-09-30 14:16:00,1188.50000000,1188.90000000,1188.20000000,1188.90000000,22012.0000,mstock
2026-09-30 14:17:00,1188.80000000,1189.00000000,1188.80000000,1188.80000000,13321.0000,mstock
2026-09-30 14:18:00,1188.60000000,1188.90000000,1188.60000000,1188.80000000,12263.0000,mstock
2026-09-30 14:19:00,1188.80000000,1189.00000000,1188.70000000,1189.00000000,13086.0000,mstock
2026-09-30 14:20:00,1188.70000000,1188.70000000,1188.10000000,1188.40000000,29854.0000,mstock
2026-09-30 14:21:00,1188.40000000,1188.50000000,1187.00000000,1187.10000000,47738.0000,mstock
2026-09-30 14:22:00,1187.10000000,1188.10000000,1186.70000000,1187.10000000,51312.0000,mstock
2026-09-30 14:23:00,1187.10000000,1187.30000000,1186.40000000,1186.60000000,52366.0000,mstock
2026-09-30 14:24:00,1187.40000000,1188.60000000,1187.40000000,1187.80000000,218596.0000,mstock
2026-09-30 14:25:00,1187.50000000,1188.10000000,1187.20000000,1187.50000000,50097.0000,mstock
2026-09-30 14:26:00,1187.50000000,1187.70000000,1186.90000000,1186.90000000,33715.0000,mstock
2026-09-30 14:27:00,1186.90000000,1187.20000000,1186.10000000,1186.50000000,52963.0000,mstock
2026-09-30 14:28:00,1186.50000000,1186.90000000,1186.10000000,1186.10000000,26032.0000,mstock
2026-09-30 14:29:00,1186.10000000,1187.20000000,1185.80000000,1186.80000000,38753.0000,mstock
2026-09-30 14:30:00,1186.90000000,1186.90000000,1185.50000000,1185.80000000,38059.0000,mstock
2026-09-30 14:31:00,1185.50000000,1187.10000000,1185.50000000,1186.80000000,38560.0000,mstock
2026-09-30 14:32:00,1186.80000000,1187.00000000,1185.80000000,1186.80000000,42059.0000,mstock
2026-09-30 14:33:00,1186.90000000,1187.10000000,1186.10000000,1186.50000000,37643.0000,mstock
2026-09-30 14:34:00,1186.30000000,1186.80000000,1186.30000000,1186.70000000,25983.0000,mstock
2026-09-30 14:35:00,1186.70000000,1186.80000000,1185.80000000,1185.80000000,25949.0000,mstock
2026-09-30 14:36:00,1185.80000000,1186.40000000,1185.50000000,1185.60000000,37989.0000,mstock
2026-09-30 14:37:00,1185.60000000,1185.70000000,1185.10000000,1185.20000000,20216.0000,mstock
2026-09-30 14:38:00,1185.20000000,1185.90000000,1185.00000000,1185.10000000,75091.0000,mstock
2026-09-30 14:39:00,1185.00000000,1185.30000000,1184.60000000,1184.90000000,30780.0000,mstock
2026-09-30 14:40:00,1184.80000000,1185.60000000,1184.70000000,1185.00000000,36696.0000,mstock
2026-09-30 14:41:00,1185.30000000,1185.30000000,1184.80000000,1184.90000000,22401.0000,mstock
2026-09-30 14:42:00,1184.90000000,1184.90000000,1184.00000000,1184.10000000,38387.0000,mstock
2026-09-30 14:43:00,1184.10000000,1184.20000000,1183.10000000,1184.10000000,75583.0000,mstock
2026-09-30 14:44:00,1184.20000000,1184.40000000,1183.70000000,1184.00000000,40334.0000,mstock
2026-09-30 14:45:00,1184.00000000,1185.20000000,1183.80000000,1185.00000000,94501.0000,mstock
2026-09-30 14:46:00,1185.00000000,1185.00000000,1184.10000000,1184.40000000,21969.0000,mstock
2026-09-30 14:47:00,1184.40000000,1186.20000000,1184.10000000,1185.60000000,79259.0000,mstock
2026-09-30 14:48:00,1185.60000000,1187.10000000,1185.60000000,1186.90000000,120206.0000,mstock
2026-09-30 14:49:00,1186.70000000,1187.50000000,1186.70000000,1187.00000000,79916.0000,mstock
2026-09-30 14:50:00,1187.10000000,1187.20000000,1186.30000000,1186.50000000,88926.0000,mstock
2026-09-30 14:51:00,1186.50000000,1187.40000000,1186.30000000,1187.30000000,109040.0000,mstock
2026-09-30 14:52:00,1187.80000000,1188.10000000,1187.10000000,1188.00000000,332625.0000,mstock
2026-09-30 14:53:00,1188.60000000,1188.60000000,1186.50000000,1187.20000000,154905.0000,mstock
2026-09-30 14:54:00,1187.10000000,1188.00000000,1186.80000000,1187.90000000,247878.0000,mstock
2026-09-30 14:55:00,1187.80000000,1188.00000000,1187.10000000,1187.10000000,112705.0000,mstock
2026-09-30 14:56:00,1187.10000000,1187.90000000,1186.70000000,1186.70000000,120352.0000,mstock
2026-09-30 14:57:00,1187.00000000,1188.50000000,1186.50000000,1188.40000000,175967.0000,mstock
2026-09-30 14:58:00,1188.40000000,1188.50000000,1187.80000000,1188.40000000,83631.0000,mstock
2026-09-30 14:59:00,1188.40000000,1188.40000000,1188.00000000,1188.30000000,63299.0000,mstock
2026-09-30 15:00:00,1188.10000000,1189.80000000,1188.10000000,1189.70000000,129645.0000,mstock
2026-09-30 15:01:00,1189.50000000,1190.30000000,1189.40000000,1189.70000000,175791.0000,mstock
2026-09-30 15:02:00,1189.80000000,1190.00000000,1189.30000000,1189.70000000,108652.0000,mstock
2026-09-30 15:03:00,1189.80000000,1190.20000000,1189.00000000,1189.50000000,145343.0000,mstock
2026-09-30 15:04:00,1189.60000000,1190.60000000,1189.50000000,1189.90000000,151440.0000,mstock
2026-09-30 15:05:00,1189.70000000,1189.90000000,1189.00000000,1189.10000000,167895.0000,mstock
2026-09-30 15:06:00,1189.00000000,1189.90000000,1188.10000000,1189.90000000,111513.0000,mstock
2026-09-30 15:07:00,1189.90000000,1189.90000000,1188.60000000,1189.00000000,215103.0000,mstock
2026-09-30 15:08:00,1189.00000000,1189.20000000,1188.60000000,1189.10000000,283544.0000,mstock
2026-09-30 15:09:00,1189.10000000,1189.20000000,1188.60000000,1188.70000000,139824.0000,mstock
2026-09-30 15:10:00,1188.80000000,1189.20000000,1187.00000000,1189.00000000,300240.0000,mstock
2026-09-30 15:11:00,1188.80000000,1189.10000000,1188.60000000,1189.10000000,143163.0000,mstock
2026-09-30 15:12:00,1189.00000000,1189.20000000,1187.60000000,1187.90000000,217407.0000,mstock
2026-09-30 15:13:00,1187.80000000,1187.80000000,1185.60000000,1186.10000000,130921.0000,mstock
2026-09-30 15:14:00,1186.10000000,1186.40000000,1185.50000000,1185.50000000,93747.0000,mstock
2026-09-30 15:15:00,1185.70000000,1185.70000000,1185.70000000,1185.70000000,1981.0000,mstock
2026-09-30 15:20:00,1185.70000000,1185.70000000,1185.70000000,1185.70000000,0.0000,mstock
2026-09-30 15:21:00,1185.70000000,1185.70000000,1185.70000000,1185.70000000,1642.0000,mstock
2026-09-30 15:22:00,1185.70000000,1185.70000000,1185.70000000,1185.70000000,498.0000,mstock
2026-09-30 15:23:00,1185.70000000,1185.70000000,1185.70000000,1185.70000000,95695.0000,mstock
2026-09-30 15:24:00,1185.70000000,1185.70000000,1185.70000000,1185.70000000,3726.0000,mstock
2026-09-30 15:25:00,1185.70000000,1185.70000000,1185.70000000,1185.70000000,4995.0000,mstock
2026-09-30 15:26:00,1185.70000000,1185.70000000,1185.70000000,1185.70000000,46697.0000,mstock
2026-09-30 15:27:00,1185.70000000,1185.70000000,1185.70000000,1185.70000000,4891.0000,mstock
2026-09-30 15:28:00,1185.70000000,1187.00000000,1185.70000000,1187.00000000,14991174.0000,mstock
